regime,n_runs,n_diverged,epochs_run_mean,epochs_run_std,epochs_run_n,train_loss_last_mean,train_loss_last_std,train_loss_last_n,val_loss_last_mean,val_loss_last_std,val_loss_last_n,val_iou_last_mean,val_iou_last_std,val_iou_last_n,grad_norm_mean_mean,grad_norm_mean_std,grad_norm_mean_n,grad_norm_max_mean,grad_norm_max_std,grad_norm_max_n,clipped_frac_mean,clipped_frac_std,clipped_frac_n,nonfinite_loss_steps_mean,nonfinite_loss_steps_std,nonfinite_loss_steps_n,nonfinite_grad_steps_mean,nonfinite_grad_steps_std,nonfinite_grad_steps_n,seconds_mean,seconds_std,seconds_n,iou_obs_mean,iou_obs_std,iou_obs_n,iou_gaps_mean,iou_gaps_std,iou_gaps_n,iou_free_mean,iou_free_std,iou_free_n,nonfinite_preds_free_mean,nonfinite_preds_free_std,nonfinite_preds_free_n,blind_val_k1_mean,blind_val_k1_std,blind_val_k1_n,blind_val_k2_mean,blind_val_k2_std,blind_val_k2_n,blind_val_k5_mean,blind_val_k5_std,blind_val_k5_n,blind_val_k10_mean,blind_val_k10_std,blind_val_k10_n,blind_val_k15_mean,blind_val_k15_std,blind_val_k15_n,blind_val_k20_mean,blind_val_k20_std,blind_val_k20_n,blind_val_k30_mean,blind_val_k30_std,blind_val_k30_n,blind_train_k1_mean,blind_train_k1_std,blind_train_k1_n,blind_train_k2_mean,blind_train_k2_std,blind_train_k2_n,blind_train_k5_mean,blind_train_k5_std,blind_train_k5_n,blind_train_k10_mean,blind_train_k10_std,blind_train_k10_n,blind_train_k15_mean,blind_train_k15_std,blind_train_k15_n,blind_train_k20_mean,blind_train_k20_std,blind_train_k20_n,blind_train_k30_mean,blind_train_k30_std,blind_train_k30_n,IDF1_val_mean,IDF1_val_std,IDF1_val_n,ID_switches_val_mean,ID_switches_val_std,ID_switches_val_n,ids_pred/gt_val_mean,ids_pred/gt_val_std,ids_pred/gt_val_n,IDsw/id_val_mean,IDsw/id_val_std,IDsw/id_val_n,fragmentations_val_mean,fragmentations_val_std,fragmentations_val_n,MOTA_val_mean,MOTA_val_std,MOTA_val_n,IDF1_train_mean,IDF1_train_std,IDF1_train_n,ID_switches_train_mean,ID_switches_train_std,ID_switches_train_n,ids_pred/gt_train_mean,ids_pred/gt_train_std,ids_pred/gt_train_n,IDsw/id_train_mean,IDsw/id_train_std,IDsw/id_train_n,fragmentations_train_mean,fragmentations_train_std,fragmentations_train_n,MOTA_train_mean,MOTA_train_std,MOTA_train_n,IDF1_all_mean,IDF1_all_std,IDF1_all_n,ID_switches_all_mean,ID_switches_all_std,ID_switches_all_n,ids_pred/gt_all_mean,ids_pred/gt_all_std,ids_pred/gt_all_n,IDsw/id_all_mean,IDsw/id_all_std,IDsw/id_all_n,fragmentations_all_mean,fragmentations_all_std,fragmentations_all_n,MOTA_all_mean,MOTA_all_std,MOTA_all_n,gaps_val_mean,gaps_val_std,gaps_val_n,gaps_switched_val_mean,gaps_switched_val_std,gaps_switched_val_n,gaps_switched_long_val_mean,gaps_switched_long_val_std,gaps_switched_long_val_n,gaps_all_mean,gaps_all_std,gaps_all_n,gaps_switched_all_mean,gaps_switched_all_std,gaps_switched_all_n,gaps_switched_long_all_mean,gaps_switched_long_all_std,gaps_switched_long_all_n
rnn_T4,3,0,20.0,0.0,3,0.12189980626106262,0.0017031066266185871,3,0.5670491059621176,0.004551217112862913,3,0.7158484061559042,0.0007092274663808762,3,0.0912070940434933,0.0023500070567306188,3,0.28091272711753845,0.015276953802838491,3,0.0,0.0,3,0.0,0.0,3,0.0,0.0,3,27.1292777856191,2.4020434193680913,3,0.8080748120943705,0.0027270990685267812,3,0.7158484061559042,0.0007092274663808762,3,0.20892358322938284,0.003926752526045137,3,0.0,0.0,3,0.815483717139421,0.004060774129181303,3,0.7515466677133937,0.0063247244041725464,3,0.5579344723546451,0.005274863050942934,3,0.33512786615850976,0.006318858813586105,3,0.2158494086085343,0.010129167693351664,3,0.1437856913040075,0.013457147884188468,3,0.0810201344956401,0.013067103088393345,3,0.8741316232519921,0.0009495630934412866,3,0.8470220631192414,0.0001771322672058329,3,0.7636258516575496,0.0031726709959285482,3,0.6488845560768126,0.008466118120002105,3,0.5705600181342678,0.013812112520522429,3,0.5078206102489463,0.018518244828848805,3,0.4132960365203953,0.024349408870735032,3,0.5334191143492754,0.0048091239401512305,3,141.5,3.5,3,1.5275058275058278,0.04499679860669812,3,2.103846153846154,0.09101191065497956,3,195.16666666666666,4.163331998932266,3,0.5434875588064262,0.00030914870630600823,3,0.5796246627479748,0.007809857238022385,3,190.66666666666666,6.652317891782781,3,1.8609431987794334,0.029661761505000224,3,2.812122672272078,0.10459203560489926,3,443.1333333333334,8.139615060513204,3,0.6136341534201198,0.0004746170128264583,3,0.5664230774912035,0.004206494473601286,3,176.61904761904762,5.280563771179803,3,1.765675378415546,0.032143021475624464,3,2.609757952721814,0.09843510531617493,3,372.2857142857143,5.86758650797509,3,0.5935922692447789,0.0004255538877916824,3,461.6666666666667,8.736894948054106,3,0.3429550284672371,0.005420719807274693,3,0.5573995562382659,0.015441950846861197,3,2905.6666666666665,39.463062898529984,3,0.2514672041511295,0.0012041885061233844,3,0.4966412559893582,0.00335123186463932,3
rnn_T8,3,0,20.0,0.0,3,0.10192231476306916,0.001492603151105959,3,0.4978979726632436,0.010015270072150903,3,0.7352906266848246,0.0009786048290531054,3,0.10294768010204036,0.001960036110442952,3,0.3122355441252391,0.03239244498775825,3,0.0,0.0,3,0.0,0.0,3,0.0,0.0,3,55.95625774065653,3.432684648292665,3,0.8205923835436503,0.0009361488209423097,3,0.7352906266848246,0.0009786048290531054,3,0.21375406285127005,0.006629405642087416,3,0.0,0.0,3,0.8322323922698653,0.0006276761995873684,3,0.7862746432349282,0.0022499585663837253,3,0.6326879932178839,0.0071419354042625135,3,0.4190669421319991,0.010431211067418206,3,0.28048025501709256,0.014368232982430845,3,0.190950612129951,0.020029535306180502,3,0.10463182663180041,0.01755828529863733,3,0.8861992792971192,0.0004347377320784171,3,0.8652090415740226,0.0007377202946280339,3,0.7917751690268432,0.004997274375870946,3,0.6866853817126451,0.015548396068325209,3,0.6095885355973015,0.02359391785708469,3,0.548396483308942,0.02985892246184379,3,0.4516314800757524,0.03883155370805254,3,0.5366120737222164,0.0034159582373882,3,125.83333333333333,7.4888806462203235,3,1.4934731934731935,0.027474449725381614,3,1.7949883449883453,0.12520526123966083,3,193.66666666666666,0.5773502691896258,3,0.545174328338467,0.0009650274689048719,3,0.5879472559484207,0.004330595738803522,3,182.0666666666667,1.1015141094572163,3,1.815057555795175,0.014621749807122105,3,2.658446824406527,0.022614186929371227,3,438.8,2.4979991993593673,3,0.6137245393955166,0.00035451123285277613,3,0.5732800610266481,0.0029580323137149136,3,166.0,1.6099182385120956,3,1.7231763094174661,0.01827956820251405,3,2.411744401715618,0.028791417827261374,3,368.76190476190476,1.9023794624226609,3,0.5941387648077883,0.00037334092191054286,3,458.3333333333333,2.0816659994661326,3,0.31199470211001595,0.011013924334629256,3,0.48166534014780255,0.02905238327322979,3,2879.6666666666665,13.576941236277534,3,0.24054025604717974,0.003082420350915081,3,0.483523880912568,0.006193443900964202,3
rnn_T16,3,0,20.0,0.0,3,0.08606291914979618,0.0009186803735175091,3,0.4627607862154643,0.009097891638351507,3,0.7460829416910807,0.0009325829890625717,3,0.11894054475768161,0.003154978386198704,3,0.5458791653315226,0.1921094545123868,3,0.0,0.0,3,0.0,0.0,3,0.0,0.0,3,96.67481891314189,4.609574138729958,3,0.8256173332532247,0.00010279861442284785,3,0.7460829416910807,0.0009325829890625717,3,0.21448925137519836,0.000505888663715274,3,0.0,0.0,3,0.8352948415132199,0.000428094140371076,3,0.7927283285302046,0.0009633245505065574,3,0.6590602904060235,0.0068331305947978115,3,0.477861060950524,0.012189249082190538,3,0.35419040421984116,0.012024055385996787,3,0.26912837616854385,0.013621339129564022,3,0.1648778106105295,0.014920064733500453,3,0.8882534943514447,0.0002326118442851508,3,0.8685290015959476,0.0014463219328249245,3,0.7986086758732419,0.005441798069718286,3,0.701550390235487,0.011754667266918404,3,0.6282594941100718,0.017648718208281726,3,0.5652848557938563,0.024441232325976513,3,0.46873130822383485,0.03288449051723861,3,0.5660909856000756,0.005280197079602581,3,119.33333333333333,11.793359713556326,3,1.4772727272727273,0.054121311312709815,3,1.7114219114219111,0.2906947530503293,3,192.83333333333334,4.481443219916251,3,0.5464341347863854,0.002216222060688993,3,0.5970188684669302,0.005394084631392748,3,182.46666666666667,2.2744962812309315,3,1.7968054168326635,0.046546019023426075,3,2.6841717092316233,0.04333635449534488,3,443.4666666666667,4.158525379666851,3,0.6139044171645004,0.0003548882472495672,3,0.5881823305049717,0.005228299066340903,3,164.42857142857144,4.930123979067816,3,1.7055103626726817,0.03758996341260034,3,2.406243195571705,0.11383525500128051,3,371.85714285714283,2.8678371285549678,3,0.5946271936278961,0.0005730265256116017,3,457.6666666666667,8.144527815247077,3,0.2913907153928685,0.02271872675242466,3,0.44195228494623656,0.052317682428555605,3,2901.0,20.663978319771825,3,0.2259933188030195,0.004703421570914394,3,0.4490361568868623,0.0058293841025292325,3
rnn_T32,3,0,20.0,0.0,3,0.07467498544603586,0.0009049357723688433,3,0.4781731963157654,0.009888005753739644,3,0.7437101999918619,0.0024351201513778706,3,0.1334576917088901,0.0017918681116564548,3,0.44320787986119586,0.09236676698179193,3,0.0,0.0,3,0.0,0.0,3,0.0,0.0,3,179.82334820429483,3.9081584419124304,3,0.8252074718475342,0.0010613173005324947,3,0.7437101999918619,0.0024351201513778706,3,0.20677282412846884,0.007799701712030196,3,0.0,0.0,3,0.8360981814234311,0.00063198308100587,3,0.7923441656971674,0.0022439257426827685,3,0.6527283044246421,0.006313220037800663,3,0.45428830989429475,0.005176383194236625,3,0.3196253799351643,0.005737548683842843,3,0.2329693576203685,0.01315846749440929,3,0.13277850979621225,0.02412611702424601,3,0.8884729417747033,0.0005197776039921651,3,0.868503841691142,0.0013899168989615616,3,0.7975984830217376,0.0070907891866679885,3,0.6937552729241391,0.020266701208482875,3,0.608942748859902,0.03296981534332524,3,0.5362487392382959,0.04621029642152781,3,0.4055136157368315,0.07931926169647092,3,0.566027000826003,0.016565883253176462,3,125.66666666666667,12.829003598617211,3,1.52983682983683,0.02344048572736263,3,1.7885780885780884,0.3421575371099558,3,195.5,4.5,3,0.5448021127970365,0.002496714894057655,3,0.5943816798542576,0.0033373369283459645,3,178.9333333333333,1.0066445913694326,3,1.787285943840038,0.025321037488988805,3,2.623066984730903,0.02070431097927951,3,448.1333333333334,10.016652800877813,3,0.6136073103712719,0.0006411961009122745,3,0.586280342989042,0.005132481597372513,3,163.71428571428572,3.152582355816283,3,1.7137290541248358,0.012721680013067404,3,2.384641585830099,0.08606402967154404,3,375.95238095238096,7.933824943322888,3,0.5939486824929189,0.000524636709986646,3,461.6666666666667,9.073771725877465,3,0.3075556809908229,0.010496229378364374,3,0.5055974343731829,0.056932560703695526,3,2927.6666666666665,56.85361319505853,3,0.23229508369827387,0.0022280732197104223,3,0.46679794165871175,0.01815605913874135,3
gru_T4,3,0,20.0,0.0,3,0.12211204826831817,0.001707444979405645,3,0.5487305521965027,0.045035383671974905,3,0.7219841480255127,0.00839761645587755,3,0.08127568610198796,0.0023143411610284386,3,0.20898679892222086,0.00904228816553597,3,0.0,0.0,3,0.0,0.0,3,0.0,0.0,3,30.84106135368347,8.56845764326137,3,0.8111830552419027,0.0037440025559757123,3,0.7219841480255127,0.00839761645587755,3,0.215975950161616,0.012407864242284641,3,0.0,0.0,3,0.8173904575717107,0.005425514432417919,3,0.7575784110967273,0.01564454409244237,3,0.5719551494788685,0.04316311355124643,3,0.3501973504790142,0.05897466789496969,3,0.22974185602354047,0.04754286950604977,3,0.15450043437595995,0.03025385097521514,3,0.08556706124888075,0.011951541606257056,3,0.8780832611673121,0.0009366253484032998,3,0.8507528191783534,0.00254290417271647,3,0.7621126257397061,0.009462991221911505,3,0.6354538295441228,0.020841611752941396,3,0.5430528606415228,0.028065955647502687,3,0.47336718229292085,0.036709204561706434,3,0.3698498730811945,0.05063749262529333,3,0.521336301001006,0.010765100388639667,3,137.0,3.0413812651491097,3,1.5447552447552446,0.08346249790712991,3,2.141258741258741,0.027180676644357814,3,192.5,3.905124837953327,3,0.5425422765073519,0.0009648082336816584,3,0.5873530836595559,0.0036638210457479313,3,190.33333333333334,9.108969938106794,3,1.826744282652479,0.061779471195935874,3,2.796018408503445,0.13260586769226446,3,441.0,7.408103670980859,3,0.6132916900354289,0.00038084535332961225,3,0.568491145757113,0.00566635886368508,3,175.09523809523807,6.776811202035015,3,1.746175986110412,0.05331002358815595,3,2.6089442178621014,0.10227524303992284,3,370.0,6.329393690535912,3,0.5930775718845498,0.0005474751461240193,3,455.3333333333333,5.773502691896258,3,0.34105594503824593,0.012792418238572552,3,0.5950882491902448,0.05178824320307921,3,2886.6666666666665,41.198705481281,3,0.25105174817198034,0.004127372867676032,3,0.5037162800280699,0.0204436079490537,3
gru_T8,3,0,20.0,0.0,3,0.10196903052429358,0.0016792340519864064,3,0.48339660962422687,0.024972926919199487,3,0.7405900359153748,0.00415015072589221,3,0.08983407488279045,0.0034833849425745336,3,0.25218184292316437,0.02696970249833999,3,0.0,0.0,3,0.0,0.0,3,0.0,0.0,3,61.23890598615011,1.8560191718818713,3,0.8217465082804362,0.0011675403771620964,3,0.7405900359153748,0.00415015072589221,3,0.21700908243656158,0.008747510738583842,3,0.0,0.0,3,0.8329681675474125,0.0008716239633143547,3,0.7878321382963919,0.0020794928328384003,3,0.6464731136780887,0.006589426684761878,3,0.451718017903094,0.022262170664466736,3,0.3185366537830852,0.02625718887944107,3,0.22999878184243247,0.02667615003634066,3,0.13072577630078028,0.024333620892687726,3,0.8880232542271029,0.0002252101406106017,3,0.866292742858075,0.0007733403882333824,3,0.7893774062158343,0.005710925551030887,3,0.670866925804102,0.016480642745830967,3,0.5795200615044935,0.02423080569305085,3,0.5053232918775811,0.029680116543192536,3,0.3949164315788154,0.03339394152549739,3,0.5455511279208166,0.006282066477620853,3,128.83333333333334,1.7559422921421233,3,1.5334498834498833,0.04584332569416642,3,1.9691142191142188,0.044111871113453084,3,195.0,0.5,3,0.5444870106320029,0.00018541870775807976,3,0.5932469173666598,0.007235670510783781,3,183.79999999999998,7.97746827007165,3,1.8136837273907662,0.032030533567141306,3,2.705379249393077,0.11585337102175401,3,440.59999999999997,8.146164741766516,3,0.6136401086677489,9.089267368226536e-05,3,0.5796195489535618,0.0040529018921001275,3,168.0952380952381,5.736267244886863,3,1.733616914836228,0.03451259805899461,3,2.495017812170546,0.08791984889416476,3,370.4285714285714,5.692816812906081,3,0.5938820806575357,0.00011789261898033501,3,460.6666666666667,0.5773502691896258,3,0.30245527995221483,0.007316649385006977,3,0.5079757472176444,0.03209551768308101,3,2891.0,40.7308237088326,3,0.23816283799817736,0.007646031575508825,3,0.4871278012948337,0.022999092495266646,3
gru_T16,3,0,20.0,0.0,3,0.08609064382811386,0.0012013426360288897,3,0.46198637286822003,0.006593967883967565,3,0.746306300163269,0.00214532008164954,3,0.09150670276458066,0.0008070148785519958,3,0.26414937774340314,0.020515557204997703,3,0.0,0.0,3,0.0,0.0,3,0.0,0.0,3,100.806147813797,1.364264001823398,3,0.8255295753479004,0.0003119894320184227,3,0.746306300163269,0.00214532008164954,3,0.21603717903296152,0.006877692256836826,3,0.0,0.0,3,0.8351070577617671,0.0003102419765842571,3,0.7923314457093206,0.0005638668968474862,3,0.6595943811618739,0.0014704138785174336,3,0.47753220608238583,0.006302810866264198,3,0.349573298085802,0.010394501819040985,3,0.2625962922512359,0.017770732021871582,3,0.15541629244767685,0.028740675856694733,3,0.8897828181613044,0.00037235849448390585,3,0.8695732375048233,0.0021444682692120364,3,0.7988309099404094,0.0076996704716438364,3,0.6945934870128943,0.013393040593867709,3,0.6129241676720988,0.018380022058106637,3,0.5461829826835097,0.020291434096481844,3,0.4400821301790831,0.022272519536854763,3,0.5515752388270766,0.009597498729748735,3,127.83333333333333,7.0059498523279,3,1.5078088578088578,0.029321331699082503,3,1.915967365967366,0.17500072770900488,3,194.66666666666666,4.932882862316247,3,0.5454755177882467,0.001065338398239573,3,0.5957009262723693,0.005128474928283968,3,185.46666666666667,4.822171018673363,3,1.7919328077935477,0.00709116587550535,3,2.724805772690568,0.07853574156953923,3,444.2,2.163330765278389,3,0.6136818110091048,0.00042013047413540477,3,0.5830935870022856,0.0020216700807054446,3,169.0,3.3411473038647177,3,1.7107545363693506,0.01212392967144358,3,2.4937090850553676,0.07854898967733728,3,372.9047619047619,1.9395630337539516,3,0.5941942986602882,0.0005707235676252463,3,459.6666666666667,11.015141094572202,3,0.30079236488004296,0.012469122185944068,3,0.4639289851198432,0.055223534470233406,3,2906.6666666666665,14.364307617610162,3,0.23312973147096386,0.006331167900966454,3,0.4594245226713764,0.02222270063858886,3
gru_T32,3,0,20.0,0.0,3,0.07453882572551568,0.001246196263916034,3,0.49026617407798767,0.020940579550348407,3,0.7430992523829142,0.003473868528854218,3,0.09418861319310963,0.0018380739147786202,3,0.28622718652089435,0.02283065149631738,3,0.0,0.0,3,0.0,0.0,3,0.0,0.0,3,180.0800806681315,23.18791244040219,3,0.8250786264737447,0.0008671506567284876,3,0.7430992523829142,0.003473868528854218,3,0.22245953480402628,0.00674212693684527,3,0.0,0.0,3,0.8360261635959034,0.0009704580624287105,3,0.7930091592503024,0.0022266008353547246,3,0.6551823070006212,0.008207652184281359,3,0.46412812453090463,0.016400838264095625,3,0.3417779514961923,0.010883624715865643,3,0.26222904302163136,0.009344888432620477,3,0.16581435124449603,0.014463268455235934,3,0.8890129825312005,0.0003528167604394388,3,0.8685282957968967,0.0014037704193252643,3,0.7970277533604074,0.0067019432026300795,3,0.6927804900215291,0.013444456583483632,3,0.6130998449655022,0.01872430424982827,3,0.5469891339296261,0.020518503604516482,3,0.44372143279264625,0.025658012349396485,3,0.5785960978694237,0.0023451009733936224,3,116.5,5.267826876426369,3,1.510955710955711,0.041622101128239296,3,1.6513986013986015,0.08760468403054233,3,194.5,2.5,3,0.5461441669160202,0.0013853962820628105,3,0.6053764326054311,0.004914059479026675,3,177.4666666666667,3.646002377033425,3,1.7852512184724023,0.02892174317392471,3,2.595222612821729,0.07335719464809955,3,440.26666666666665,0.6429100507328596,3,0.6133568758672764,0.000353851421671709,3,0.5977249083951431,0.0034674830897510637,3,160.04761904761904,3.3513120590310375,3,1.7068810734676336,0.014183750424557986,3,2.3255586095579783,0.07529699249027323,3,370.04761904761904,0.32991443953695243,3,0.594153244738346,0.0004366489362694526,3,460.0,5.5677643628300215,3,0.2970342143255258,0.008415991919164176,3,0.4268596760770757,0.013253584330545649,3,2887.3333333333335,3.055050463303893,3,0.22639077065352672,0.003440833138166047,3,0.45484139348152614,0.006334775125422334,3
lstm_T4,3,0,20.0,0.0,3,0.12179333748916783,0.0015730233837885845,3,0.5634585817654928,0.04483520768256184,3,0.7220607995986938,0.011826722337971768,3,0.08087150531681254,0.0012637703869739154,3,0.20696570972601572,0.009358739972317454,3,0.0,0.0,3,0.0,0.0,3,0.0,0.0,3,36.180690924326576,6.402972013531048,3,0.8080743749936422,0.006683261458828471,3,0.7220607995986938,0.011826722337971768,3,0.21730957428614298,0.013689786522163504,3,0.0,0.0,3,0.8197881910986382,0.006994814904160198,3,0.7630237993677215,0.0159973366350889,3,0.583948454458021,0.041415574369456844,3,0.3697286149353232,0.05251581952328968,3,0.2448248958387409,0.05010814218872036,3,0.17455132498226367,0.04626110027114631,3,0.1042825597155956,0.0349386146484337,3,0.8775602057885997,0.003914297644428648,3,0.8469584526869834,0.0068634677103070986,3,0.7343154308729659,0.014105819107383703,3,0.5654191961693681,0.007054051378559537,3,0.4453919997228672,0.0069463974196417415,3,0.35975487596688344,0.013704847937496786,3,0.2337379554587156,0.021839586710019863,3,0.5375695094036564,0.011068801703517508,3,132.66666666666666,4.932882862316247,3,1.575757575757576,0.09828616805786809,3,1.9892773892773894,0.1047839348738394,3,187.33333333333334,5.795112883571236,3,0.5424624188660182,0.001783845745407106,3,0.5822956387896621,0.0049573736297601825,3,188.26666666666665,3.5571524191877595,3,1.907281594321339,0.03190054926510227,3,2.751376504481829,0.043794230253122214,3,428.73333333333335,5.804595880277381,3,0.6129011810896657,0.0006387227213837976,3,0.5695167446793747,0.0017354934243618424,3,172.38095238095238,3.9235899152599147,3,1.8125604461602638,0.04141089857824472,3,2.533633900137703,0.061089025869518206,3,359.76190476190476,3.3482658726184567,3,0.592775820454338,0.00011051233593028478,3,447.0,11.532562594670797,3,0.32700896735115753,0.032850954860765724,3,0.5123488662277871,0.08721356121549445,3,2817.3333333333335,21.73323108360405,3,0.26073566683835575,0.00840494406239884,3,0.5170270510109002,0.012800832797953566,3
lstm_T8,3,0,20.0,0.0,3,0.10181432776153088,0.0014149112823644901,3,0.5016145904858907,0.012307486415587023,3,0.7382689714431763,0.002166939854763275,3,0.09929481558113669,0.005230833179479739,3,0.32289958993593854,0.03509067105226742,3,0.0,0.0,3,0.0,0.0,3,0.0,0.0,3,58.421466588974,3.2103276897247626,3,0.8217662572860718,0.0006543506057451448,3,0.7382689714431763,0.002166939854763275,3,0.21299075583616892,0.008579625753279868,3,0.0,0.0,3,0.8329785717042867,0.00040435989564788547,3,0.7870051365421737,0.0007790759367695933,3,0.6336509861784111,0.009068932184350668,3,0.42555362766970695,0.017881401390175435,3,0.29017530368755745,0.0257098425825243,3,0.20253442192280893,0.03046334546812438,3,0.10903728231311756,0.025121297147859222,3,0.8877371545092877,0.0009357165674389726,3,0.8664880905474375,0.0012611538354769113,3,0.7929689890300514,0.00429731573608839,3,0.6832135193848593,0.010721367202830397,3,0.5964596806792466,0.014549786345847755,3,0.5268365835255333,0.016254930521885626,3,0.41636657678466976,0.012278254323795779,3,0.5402178353595695,0.0060017213152155175,3,120.0,6.726812023536855,3,1.4897435897435898,0.06743298059838151,3,1.7223776223776224,0.2006307599636978,3,190.66666666666666,6.027713773341707,3,0.5455062628726222,0.0017978745446294373,3,0.5917390639630263,0.0029734879883095747,3,183.4,6.409368143584823,3,1.8124949931507093,0.009473531193232711,3,2.658920640115641,0.09071563476945005,3,446.0,6.157921727336265,3,0.6138940951037711,0.0004919967865816261,3,0.5770187129334672,0.0037923083263517385,3,165.2857142857143,5.377580064205351,3,1.7202803064629608,0.01830894812934795,3,2.3913369207619213,0.0855093568222957,3,373.04761904761904,4.0641120558765484,3,0.5943547144663,0.0005961093442549296,3,451.0,11.532562594670797,3,0.29491058897106415,0.0140371728470231,3,0.48341382662049687,0.02211971827913873,3,2907.0,27.874719729532707,3,0.23598977605935978,0.001880131689184827,3,0.47174250951123825,0.006997385924194265,3
lstm_T16,3,0,20.0,0.0,3,0.08570304555197557,0.0009580656564422292,3,0.4997925857702891,0.025959540235520554,3,0.7414903044700623,0.0021289237605426246,3,0.11967124027044825,0.008613003533289507,3,0.481406311194102,0.16558379980090357,3,0.0,0.0,3,0.0,0.0,3,0.0,0.0,3,120.26834893226624,5.882425805609917,3,0.8256951570510864,0.0007888195137113029,3,0.7414903044700623,0.0021289237605426246,3,0.20536440114180246,0.0070759047549199495,3,0.0,0.0,3,0.8348801901593772,0.0004345395299892402,3,0.7914139200345912,0.0015676344315015212,3,0.6427229155671464,0.014872014146706218,3,0.43129431498926757,0.01897592206713682,3,0.30075277697967945,0.0047177943570990465,3,0.2167978852176824,0.018440245168237484,3,0.12247742713410116,0.03483762190475905,3,0.888970976487735,0.0004781022035015753,3,0.8687750856432886,0.00044259213503166213,3,0.7938172806528644,0.0022190489966158744,3,0.6797470562066574,0.014555971006393085,3,0.5859162920391872,0.025120883276343223,3,0.506681742605248,0.02980124608535727,3,0.3774765587637385,0.03858135500743734,3,0.5682354673846914,0.0035015821484175877,3,114.16666666666667,5.686240703077327,3,1.5558275058275057,0.0649016730660514,3,1.6252913752913754,0.1160846181909288,3,190.16666666666666,2.254624876411447,3,0.5463991876587361,0.0008874195610844505,3,0.6011645681657243,0.0017897014779685457,3,177.13333333333335,5.529315810598383,3,1.7853806208746377,0.027778354606327882,3,2.59454323981998,0.07075720756281124,3,440.40000000000003,1.3856406460550887,3,0.6143978092463075,0.0005132790019679197,3,0.5917562536568578,0.002189236050291571,3,159.14285714285714,2.52740085899345,3,1.719794016575457,0.03724787272389451,3,2.31761413566895,0.032989202735319835,3,368.9047619047619,1.5670935878004115,3,0.5949696316498585,0.0005550571508569623,3,451.6666666666667,4.509249752822894,3,0.3091938545955076,0.004696365065718247,3,0.47391598915989164,0.022731841558004902,3,2880.0,11.357816691600547,3,0.23425682256564895,0.0013464633332648617,3,0.4691169859616075,0.005868189242287777,3
lstm_T32,3,0,20.0,0.0,3,0.07361463108410439,0.0007944655938527205,3,0.5066081583499908,0.009727917041574831,3,0.7396242817242941,0.0025811278649318747,3,0.13477047867731504,0.0034108123615586698,3,0.45343999067942303,0.005335638510822851,3,0.0,0.0,3,0.0,0.0,3,0.0,0.0,3,211.449281613032,7.726123937586177,3,0.8255942066510519,0.000995308160930588,3,0.7396242817242941,0.0025811278649318747,3,0.1946307271718979,0.013020900675522461,3,0.0,0.0,3,0.8360754731780534,0.0015690424845516725,3,0.7932102414264954,0.0037258076913297255,3,0.6456823773355128,0.007686803845998293,3,0.4136856205717361,0.02094340612861212,3,0.2593774161801948,0.05521595337562345,3,0.17157810230259182,0.06777856420763982,3,0.08868741816444177,0.05757579814264105,3,0.8893690789939642,0.00018511382887038624,3,0.8683685434714358,0.00047994498247793847,3,0.7876196356100095,0.0012734536049373581,3,0.6502682062663176,0.020562108255559743,3,0.5287752774456976,0.052826445354162636,3,0.4300802642976085,0.08349220012444085,3,0.27385158385798164,0.12217677091646331,3,0.5658771414184565,0.007205994874698319,3,124.33333333333333,7.285830998131464,3,1.593123543123543,0.05233826998505758,3,1.7617715617715615,0.1182316345813688,3,190.16666666666666,7.571877794400365,3,0.5447218276925675,0.001584308024787094,3,0.6040322266652886,0.0046078220811227215,3,174.9333333333333,11.107354920652043,3,1.7894227744513505,0.03705190328798247,3,2.547865509089475,0.16199376260397672,3,435.0,10.205880657738447,3,0.6139437956377795,0.0012407822378827664,3,0.5931307737376222,0.0012618000018054588,3,160.47619047619048,8.08921344443697,3,1.7333372797862625,0.023971846744498152,3,2.323267238427214,0.10957167350943481,3,365.04761904761904,9.135413636662825,3,0.594166090510576,0.00047781224753426716,3,452.0,14.730919862656235,3,0.31665373025706955,0.024675199041601394,3,0.5235795411060599,0.014766856277800975,3,2852.6666666666665,63.759966541187374,3,0.24054479562278797,0.004778459577716472,3,0.48826595243540605,0.022953753453667167,3
