regime,seed,diverged,epochs_run,train_loss_last,val_loss_last,val_iou_last,grad_norm_mean,grad_norm_max,clipped_frac,nonfinite_loss_steps,nonfinite_grad_steps,seconds,iou_obs,iou_gaps,iou_free,nonfinite_preds_free,blind_val_k1,blind_val_k2,blind_val_k5,blind_val_k10,blind_val_k15,blind_val_k20,blind_val_k30,blind_train_k1,blind_train_k2,blind_train_k5,blind_train_k10,blind_train_k15,blind_train_k20,blind_train_k30,IDF1_val,ID_switches_val,ids_pred/gt_val,IDsw/id_val,fragmentations_val,MOTA_val,IDF1_train,ID_switches_train,ids_pred/gt_train,IDsw/id_train,fragmentations_train,MOTA_train,IDF1_all,ID_switches_all,ids_pred/gt_all,IDsw/id_all,fragmentations_all,MOTA_all,gaps_val,gaps_switched_val,gaps_switched_long_val,gaps_all,gaps_switched_all,gaps_switched_long_all
rnn_T4,42,False,20,0.1215980239957571,0.5641476511955261,0.7150662541389465,0.08886463186424227,0.2792747914791107,0.0,0,0,29.73216462135315,0.8053759336471558,0.7150662541389465,0.20879749953746796,0.0,0.8126052811884572,0.7477219556406258,0.5559451640124433,0.34218134320646143,0.22209673939321448,0.15015047849443983,0.08525012030547087,0.8730352809319042,0.8470073393226695,0.7669970571827142,0.6573237119117601,0.5817059818554836,0.5220259573739302,0.42983252259216553,0.533495644956979,137.5,1.565034965034965,2.028321678321678,196.5,0.5436197739607201,0.5790718799995942,188.2,1.8648331555667248,2.7748299158311633,452.0,0.6137178723665808,0.5660500985588469,173.71428571428572,1.7791765297005078,2.5615418479713106,379.0,0.5936898442506207,464,0.34913793103448276,0.5645161290322581,2951,0.2507624534056252,0.4932975871313673
rnn_T4,123,False,20,0.12036776311695575,0.5722945332527161,0.7160292863845825,0.09119207626767457,0.26652073860168457,0.0,0,0,24.99804663658142,0.8108292818069458,0.7160292863845825,0.2050613909959793,0.0,0.8201285304395466,0.758847049543986,0.5639147227233875,0.3299842408553967,0.20416255562569208,0.12832681848255145,0.06636203200182407,0.8746937660373449,0.8472060977303226,0.7631820505009944,0.6403917308441309,0.5551077614104132,0.4868766406367624,0.3853350998228285,0.5285721818318082,143.0,1.53986013986014,2.0783216783216782,198.5,0.5437086137047907,0.5876962252879003,185.6,1.8884680570450612,2.731288240032651,436.0,0.6140613404929453,0.5708036414433025,173.42857142857142,1.7888657949922266,2.544726365258087,368.14285714285717,0.5939605614106155,469,0.3390191897654584,0.5396825396825397,2879,0.2507815213615839,0.4966261808367072
rnn_T4,456,False,20,0.123733631670475,0.5647051334381104,0.7164496779441833,0.093564573998563,0.29694265127182007,0.0,0,0,26.65762209892273,0.80801922082901,0.7164496779441833,0.21291185915470123,0.0,0.8137173397902592,0.7480709979555695,0.5539435303281044,0.33321801441367105,0.22128893080669632,0.15287977693503124,0.09144825117962539,0.8746658227867276,0.8468527523047326,0.7606984472889403,0.6489382254745468,0.5748663111369066,0.5145592327361465,0.42472048714619215,0.5381895162590389,144.0,1.4776223776223776,2.2048951048951047,190.5,0.5431342887537676,0.5721058829564298,198.2,1.829528383726514,2.93024986095242,441.4,0.6131232474008336,0.5624154924714609,182.71428571428572,1.7289838105539037,2.7230056449360442,369.7142857142857,0.5931264020731005,452,0.3407079646017699,0.568,2887,0.2528576376861794,0.5
rnn_T8,42,False,20,0.10114853151142597,0.4863397777080536,0.7360446453094482,0.10279591175168754,0.34532222151756287,0.0,0,0,59.45983839035034,0.8201484680175781,0.7360446453094482,0.21249212324619293,0.0,0.832512546206843,0.787748706181541,0.6387896595471751,0.4248349254141974,0.2785231280086934,0.18154349916243015,0.0939034320427436,0.8862225195930667,0.8643662276091125,0.7892804233165417,0.6818519336801605,0.6035807409081024,0.5430283855596327,0.4448426033860083,0.5347686971619985,132.0,1.4786713286713287,1.8314685314685315,194.0,0.5441372624454279,0.5844062695947353,180.8,1.8084005271632246,2.6344810023504155,441.6,0.6138763755462945,0.5702241060425248,166.85714285714286,1.7141921847369688,2.4050488678127344,370.85714285714283,0.5939509146603327,459,0.32461873638344224,0.5118110236220472,2894,0.24084312370421562,0.4787234042553192
rnn_T8,123,False,20,0.1009754864871502,0.5033428072929382,0.734184741973877,0.10106793999578804,0.2805851101875305,0.0,0,0,52.5991587638855,0.8199607729911804,0.734184741973877,0.20784632861614227,0.0,0.8315134260717087,0.7836848658609353,0.6248325276715515,0.4070255523355701,0.26719090488817254,0.17735630114797218,0.0950973815457471,0.8866219307371819,0.8655233052014781,0.7885164422305841,0.6741277624916879,0.58957933314904,0.5215857378039472,0.41664202950417983,0.54055373597945,117.5,1.5251748251748252,1.6555944055944056,193.0,0.5453398049638956,0.5866599523391438,182.8,1.831823277587673,2.6794092109402925,436.8,0.6133193986725068,0.5734867476649456,164.14285714285714,1.7442094340411451,2.3868906951271818,367.14285714285717,0.5938966576129037,456,0.30701754385964913,0.4793388429752066,2867,0.24346006278339727,0.4905149051490515
rnn_T8,456,False,20,0.1036429262906313,0.504011332988739,0.7356424927711487,0.10497918855864555,0.3107993006706238,0.0,0,0,55.809776067733765,0.8216679096221924,0.7356424927711487,0.22092373669147491,0.0,0.8326712045310444,0.7873903576623086,0.6344417924349253,0.4253403486462298,0.2957267321544117,0.2139520360794506,0.12489466630691055,0.8857533875611086,0.865737591911477,0.7975286415334037,0.704076448966087,0.6356055327347622,0.580575326563246,0.49340980733706896,0.5345137880252009,128.0,1.4765734265734265,1.897902097902098,194.0,0.5460459176060775,0.592775545911383,182.6,1.8049488626346275,2.661450259928874,438.0,0.6139778439677487,0.5761293293724739,167.0,1.7111273094742845,2.443293642206938,368.2857142857143,0.5945687221501282,460,0.30434782608695654,0.45384615384615384,2878,0.23731758165392633,0.48133333333333334
rnn_T16,42,False,20,0.08560250818729401,0.4625905454158783,0.7456715703010559,0.12024304012022913,0.7100295424461365,0.0,0,0,92.14530444145203,0.8255153894424438,0.7456715703010559,0.21397709846496582,0.0,0.8352338129504596,0.7937557010879159,0.6666097905878007,0.485468354169228,0.3558227356068176,0.26044244810017286,0.1490650208250129,0.8883602312866522,0.8678737549102038,0.7976750191451344,0.7020543567870663,0.6292527650668397,0.5653170299583391,0.47154299287509216,0.5702617666046264,120.5,1.4265734265734267,1.726923076923077,190.0,0.5461398143196924,0.5985929631176393,181.8,1.7625452282084926,2.6802528863939874,440.4,0.6142927390942399,0.5904983355424928,164.28571428571428,1.666553284884188,2.40787294083087,368.85714285714283,0.5948204748729405,452,0.2743362831858407,0.4274193548387097,2879,0.2205626953803404,0.4426450742240216
rnn_T16,123,False,20,0.08546548344194889,0.4537492096424103,0.7471504807472229,0.12123573865741492,0.5930209755897522,0.0,0,0,96.5186676979065,0.8257209658622742,0.7471504807472229,0.2145020216703415,0.0,0.8349005367402773,0.7918453545446014,0.6572718582603724,0.48431288169284237,0.3653149055348512,0.28482725803775727,0.17870662823821146,0.8879866693540777,0.8675262731173128,0.7936941122178331,0.6895518450864458,0.6101351158947358,0.5408275522682847,0.4345312508802374,0.5601541121939693,107.0,1.470979020979021,1.413286713286713,198.0,0.5487828108201405,0.5910128347904167,180.6,1.8497993019860182,2.6429278598751056,441.8,0.6135968973570183,0.5821960569057173,159.57142857142858,1.741564935984019,2.291601817992708,372.14285714285717,0.5950785869179104,467,0.2826552462526767,0.3984375,2904,0.22865013774104684,0.450402144772118
rnn_T16,456,False,20,0.08712076582014561,0.47194260358810425,0.7454267740249634,0.11534285549540073,0.3345869779586792,0.0,0,0,101.36048460006714,0.825615644454956,0.7454267740249634,0.21498863399028778,0.0,0.8357501748489227,0.7925839299580962,0.6532992223698976,0.46380194698950156,0.3414335715178548,0.26211542236770136,0.1668617827683641,0.8884135824136045,0.8701869767603265,0.8044568962567581,0.7130449688329492,0.6453906013686399,0.5897099851549451,0.500119680916175,0.5678570780016314,130.5,1.5342657342657344,1.994055944055944,190.5,0.5443797792193232,0.6014508074927347,185.0,1.7780717203034793,2.729334381425776,448.2,0.6138236150422429,0.5918525990667052,169.42857142857142,1.708412867149838,2.519254827891538,374.57142857142856,0.5939825190928374,454,0.31718061674008813,0.5,2920,0.22876712328767124,0.4540612516644474
rnn_T32,42,False,20,0.07403610795736312,0.47369274497032166,0.7436391711235046,0.13456134168896822,0.5490440130233765,0.0,0,0,181.61799907684326,0.8254410624504089,0.7436391711235046,0.1993197500705719,0.0,0.8354701817442941,0.7915808489058778,0.6562843401713216,0.45918347557471256,0.3134138014793419,0.21778579492231492,0.10499754407065041,0.8881638131405983,0.8676950009630597,0.798659939503711,0.6945695660734478,0.6035566106086822,0.517945651996041,0.34347640733130524,0.5668278086536997,129.0,1.5444055944055943,1.9510489510489508,191.0,0.542962496965415,0.5905304722115592,178.0,1.7858980681396457,2.602514171164405,437.8,0.6135091460077009,0.5837582826235993,164.0,1.7169002185013453,2.416381251131418,367.2857142857143,0.5933529605670478,452,0.3008849557522124,0.5537190082644629,2866,0.23447313328681088,0.4876712328767123
rnn_T32,123,False,20,0.07427833382040262,0.4895083010196686,0.7413113713264465,0.13442153781466187,0.40172022581100464,0.0,0,0,175.34020018577576,0.8240488171577454,0.7413113713264465,0.2061205357313156,0.0,0.8360902885527205,0.7905814795902248,0.645439142879437,0.448870380661067,0.32073575323780135,0.2400714098124795,0.1448709436652275,0.8881819745291318,0.8677077615372883,0.7900368036436412,0.6730936978738608,0.57899763697267,0.5019936100611395,0.37817912356922,0.5821779569189697,111.5,1.5027972027972027,1.3954545454545455,200.0,0.547644274857183,0.5961890993157368,180.0,1.8132723764327259,2.6439195384497,448.8,0.6130208571424636,0.5921859157738033,160.42857142857142,1.7245651839654337,2.287215254736798,377.7142857142857,0.5943418336323834,470,0.3021276595744681,0.44274809160305345,2939,0.23239197005784282,0.4580559254327563
rnn_T32,456,False,20,0.07571051456034184,0.4713185429573059,0.7461800575256348,0.1313901956230402,0.37885940074920654,0.0,0,0,182.5118453502655,0.8261325359344482,0.7461800575256348,0.21487818658351898,0.0,0.8367340739732783,0.7948701685953993,0.6564614302231676,0.45481107344710464,0.3247265850883499,0.241050868126311,0.14846704165275887,0.8890730376543797,0.8701087625730778,0.8040987059178607,0.7136025548251085,0.6442739989983536,0.5888069556577071,0.4948853163099691,0.5490752369053395,136.5,1.5423076923076922,2.019230769230769,195.5,0.5437995665685115,0.5964254680354767,178.8,1.7626873869477424,2.6227672445786054,457.8,0.6142919279636512,0.5828968305697232,166.71428571428572,1.6997217599077281,2.4503282516220812,382.85714285714283,0.5941512532793256,463,0.31965442764578833,0.5203252032520326,2978,0.2300201477501679,0.45466666666666666
gru_T4,42,False,20,0.12153738625347614,0.555048942565918,0.7217153906822205,0.0786704795351252,0.21217092871665955,0.0,0,0,21.277094841003418,0.8132964968681335,0.7217153906822205,0.20911702513694763,0.0,0.8201736945299448,0.7644460090444521,0.5896698995383628,0.36786946475185234,0.23949508222673638,0.1584016802590651,0.0857772373946612,0.8776503659670467,0.8536562523695378,0.7721770952743975,0.6495829806775842,0.5584257455230729,0.49091650678047605,0.3910421914373553,0.5310284684682898,135.5,1.5751748251748252,2.1129370629370627,190.0,0.5424500654502518,0.5900813955341724,180.0,1.8971051336074347,2.646062977108531,433.8,0.613230701165177,0.573209130658206,167.28571428571428,1.805125045483832,2.4937412873452547,364.14285714285717,0.593007662389484,452,0.34292035398230086,0.6033057851239669,2848,0.25491573033707865,0.5273224043715847
gru_T4,123,False,20,0.1207660724967718,0.5902730822563171,0.7137241363525391,0.08309389492031187,0.2160062938928604,0.0,0,0,37.81766867637634,0.8068602085113525,0.7137241363525391,0.20851176977157593,0.0,0.8111381394637217,0.7396746835231212,0.5227530710274202,0.2844070684232112,0.17807870239113124,0.12248520251877049,0.07351181768508154,0.8774413857790179,0.8489217367832147,0.7607652305353432,0.6452607712964182,0.560073778930327,0.4980078100684754,0.406448203956456,0.5232306774680542,135.0,1.6087412587412588,2.1671328671328673,197.0,0.5416268843663826,0.588789074216877,197.2,1.781379749412396,2.8978166870732993,448.6,0.6129450194517212,0.5700581037172133,179.42857142857142,1.7320544663634998,2.689049881376033,376.7142857142857,0.5925684094273388,462,0.3528138528138528,0.6422764227642277,2930,0.2515358361774744,0.49184782608695654
gru_T4,456,False,20,0.12403268605470658,0.500869631767273,0.7305129170417786,0.08206268385052681,0.19878317415714264,0.0,0,0,33.428420543670654,0.8133924603462219,0.7305129170417786,0.23029905557632446,0.0,0.8208595387214653,0.7686145407226083,0.6034424778708226,0.3983155182619792,0.2716517834527538,0.18261442035004424,0.09741212866689951,0.8791580317558716,0.8496804683823078,0.7533955514093773,0.611517736658366,0.5106590574711688,0.43117723002981106,0.31205922384977225,0.5097497570666742,140.5,1.4503496503496502,2.143706293706294,190.5,0.5435498797054215,0.5831887812276182,193.8,1.8017479649376065,2.8441755613285062,440.6,0.6136993494893885,0.5622062028959199,178.57142857142858,1.7013484464839048,2.644041484865017,369.14285714285717,0.5936566438368265,452,0.3274336283185841,0.5396825396825397,2882,0.24670367800138793,0.4919786096256685
gru_T8,42,False,20,0.10077972888946533,0.47537511587142944,0.7409348487854004,0.08921349054202439,0.25042614340782166,0.0,0,0,61.7475962638855,0.8230777382850647,0.7409348487854004,0.2130885273218155,0.0,0.8339732829414841,0.7900731806935581,0.6490723587479217,0.447597753404969,0.31183400665656097,0.22436852171545174,0.12540212460710448,0.8882592202959779,0.8664550173630661,0.795819669754107,0.6853312075761594,0.5985206563962695,0.5258327521439621,0.41548532619285156,0.552804181241805,130.5,1.5251748251748252,1.994055944055944,195.5,0.5445675726465533,0.5870770811318534,178.8,1.8293944928391714,2.6186791580583795,435.6,0.6136773864221177,0.5772848240204109,165.0,1.7424745877922152,2.440215382629112,367.0,0.593931725343385,461,0.31019522776572667,0.4806201550387597,2866,0.24005582693649685,0.47587131367292224
gru_T8,123,False,20,0.10123740904033184,0.5113946199417114,0.736278235912323,0.08670269202999771,0.22613288462162018,0.0,0,0,59.18158197402954,0.8212653398513794,0.736278235912323,0.21090766787528992,0.0,0.8325107276614293,0.785964899498978,0.63898047186062,0.43180380583786665,0.29628044214723814,0.20658716775156283,0.10949473385533551,0.887999926452364,0.8669720696710325,0.7849366019386046,0.6529249763329674,0.5522331120449929,0.4712897718739241,0.35638582061412794,0.5420208944138845,127.0,1.5828671328671329,1.9181818181818182,195.0,0.5446185214130802,0.6012108485366566,179.6,1.8348254818936183,2.6605004777782,436.2,0.6137064359891438,0.5842994330730074,164.57142857142858,1.7628373821717653,2.4484094321792336,367.2857142857143,0.5939670318245541,461,0.30151843817787416,0.5433070866141733,2869,0.24468455907981876,0.5135869565217391
gru_T8,456,False,20,0.10388995364308357,0.4634200930595398,0.7445570230484009,0.09358604207634925,0.27998650074005127,0.0,0,0,62.78753972053528,0.8208964467048645,0.7445570230484009,0.22703105211257935,0.0,0.8324204920393243,0.7874583346966392,0.6513665104257245,0.4757524944664463,0.3474955125454565,0.2590406560602828,0.15728047043990082,0.8878106159329668,0.8654511415401264,0.7873759469547912,0.674344593503179,0.587806416072218,0.5188473516148568,0.4128781479294668,0.5418283081067605,129.0,1.4923076923076923,1.995104895104895,194.5,0.5442749378363752,0.5914528224314696,193.0,1.7768312074395083,2.8369581123426526,450.0,0.6135365035919851,0.5772743897672671,174.71428571428572,1.6955387745447037,2.5964286217032932,377.0,0.5937474848046679,460,0.2956521739130435,0.5,2938,0.22974812797821648,0.47192513368983957
gru_T16,42,False,20,0.08522190734744071,0.46931928396224976,0.743876576423645,0.09057485396321861,0.24132013320922852,0.0,0,0,102.30666947364807,0.8252047300338745,0.743876576423645,0.2120824009180069,0.0,0.8350865487478372,0.792339310374528,0.6579761502613973,0.4703817883191178,0.3379413470033559,0.24501181826430166,0.12927952454341843,0.890188352931563,0.8707960007678205,0.8067334841839553,0.710034940580265,0.6341460930264049,0.5696133489565494,0.4656282652699891,0.5515181798468775,130.0,1.5276223776223776,2.062937062937063,198.0,0.544532625518904,0.5925023157344261,190.0,1.8001190383654433,2.7929227148711266,446.0,0.6131968491097551,0.5807925626236979,172.85714285714286,1.7222628495817103,2.5843553857471084,375.14285714285717,0.5935784995123692,467,0.3147751605995717,0.5271317829457365,2923,0.23845364351693465,0.47137150466045274
gru_T16,123,False,20,0.08558842420578003,0.46009522676467896,0.7479391694068909,0.09196858083922417,0.2810418903827667,0.0,0,0,100.47126913070679,0.82582688331604,0.7479391694068909,0.21205030381679535,0.0,0.8348075791266634,0.7917636876167155,0.6599583971415506,0.4799330772042787,0.35795227061838714,0.2805476024808605,0.18619564676675068,0.8897037722819774,0.870826629763011,0.7984076414716252,0.6876107779417614,0.6020949756461408,0.5345436278087085,0.42473780555635005,0.5612011398360929,120.0,1.4741258741258743,1.7223776223776224,189.0,0.5466311872264338,0.5929842237725853,186.0,1.787685241085613,2.7425924975672764,444.8,0.6139351815148585,0.5839033426478731,167.14285714285714,1.698096850525688,2.4511025332273753,371.7142857142857,0.5947054688610228,447,0.29082774049217003,0.425,2896,0.23480662983425415,0.4731182795698925
gru_T16,456,False,20,0.08746159993112088,0.4565446078777313,0.7471031546592712,0.09197667349129915,0.2700861096382141,0.0,0,0,99.64050483703613,0.8255571126937866,0.7471031546592712,0.22397883236408234,0.0,0.8354270454108004,0.7928913391367185,0.6608485960826734,0.482281752723761,0.3528262766356632,0.2622294560085454,0.15077370603286142,0.8894563292703733,0.8670970819836384,0.7913516041656475,0.6861347425166566,0.6025314343437506,0.5343919712852717,0.42988031971091006,0.5420063967982596,133.5,1.5216783216783216,1.9625874125874125,197.0,0.5452627406194022,0.6016162393100961,180.4,1.787994143929587,2.638902105633302,441.8,0.6139134024027009,0.5845848557352856,167.0,1.711903909000654,2.4456693361916195,371.85714285714283,0.5942989276074726,465,0.2967741935483871,0.4396551724137931,2901,0.22612892106170285,0.4337837837837838
gru_T32,42,False,20,0.07377816092222929,0.5047584772109985,0.7412490844726562,0.09210567051544785,0.26210981607437134,0.0,0,0,206.33714747428894,0.8256968259811401,0.7412490844726562,0.21795471012592316,0.0,0.8361605094664986,0.7925580758739489,0.651066273654485,0.45265315715051185,0.33617847783251315,0.25501157995061824,0.14963052821676598,0.8892882176993976,0.8691559372383195,0.8021165056511607,0.7037487675820951,0.6272441291500567,0.5593723789844777,0.45492714283548036,0.5758933480487936,116.0,1.5367132867132867,1.73006993006993,194.5,0.5460998102224985,0.6059295275692811,181.4,1.7906280820590148,2.6786146711512555,440.0,0.6137624182288054,0.597347761991999,162.71428571428572,1.718080997674521,2.4076018879851624,369.85714285714283,0.5944302445127178,461,0.29718004338394793,0.4409448818897638,2888,0.2226454293628809,0.44776119402985076
gru_T32,123,False,20,0.07386130798608065,0.4997827112674713,0.7409420609474182,0.09487719918601215,0.2890661656856537,0.0,0,0,171.49072289466858,0.824087381362915,0.7409420609474182,0.21921320259571075,0.0,0.8349955321813639,0.7910426370432684,0.6498471338006873,0.4568183350010288,0.33483409002077774,0.25889096882125867,0.17033568317465783,0.8886152421528535,0.8695087397538805,0.7995325843591076,0.6968108705849104,0.6201894113972717,0.5582903791374281,0.46187058072990045,0.579803056261554,111.5,1.4629370629370628,1.556993006993007,192.0,0.5475512088738121,0.6099905440805521,174.2,1.811107212259175,2.540657960486136,441.0,0.6131109494623421,0.6013655475608383,156.28571428571428,1.7116300267385718,2.2596108309166705,369.85714285714283,0.5943795950084764,454,0.28854625550660795,0.425,2884,0.22711511789181693,0.4567901234567901
gru_T32,456,False,20,0.07597700826823711,0.46625733375549316,0.7471066117286682,0.09558296987786889,0.3075055778026581,0.0,0,0,162.412371635437,0.825451672077179,0.7471066117286682,0.23021069169044495,0.0,0.836922449139848,0.7954267648336895,0.6646335135466913,0.4829128814411733,0.3543212866352859,0.2727845802930172,0.17747684234206432,0.8891354877413503,0.8669202103984903,0.7894341700709542,0.6777818318975817,0.5918659943491782,0.5233046436669724,0.41436657481255795,0.5800918892979234,122.0,1.5332167832167833,1.6671328671328671,197.0,0.5447814816517498,0.60020922616646,176.8,1.7540183610990165,2.566395206827796,439.8,0.6131972599106813,0.5944614156325924,161.14285714285714,1.6909321959898072,2.309463109772102,370.42857142857144,0.5936498946938438,465,0.3053763440860215,0.4146341463414634,2890,0.22941176470588234,0.4599728629579376
lstm_T4,42,False,20,0.1214156524837017,0.6147998571395874,0.7086945176124573,0.07979481464950368,0.1963459700345993,0.0,0,0,42.66119837760925,0.8012422919273376,0.7086945176124573,0.20247460901737213,0.0,0.8119829373091764,0.7445967459571732,0.5361272947411527,0.3111666025459144,0.19451003399564437,0.13054369784413272,0.07111913062607203,0.8798249036882316,0.8497970174348558,0.73833096527449,0.5720297181515215,0.450213175562828,0.36424068195218173,0.24378187287670433,0.5366811462191794,135.0,1.684965034965035,2.079020979020979,186.5,0.5410896196626589,0.5798463880167514,189.0,1.9280602633673187,2.7841401132056722,434.4,0.6132730887310179,0.5675134617888736,173.57142857142858,1.858604483823809,2.582677503438617,363.57142857142856,0.5926492404257725,443,0.3611738148984199,0.6065573770491803,2842,0.26882477128782545,0.5208613728129206
lstm_T4,123,False,20,0.1204435383528471,0.5320215821266174,0.726319432258606,0.08055681577650829,0.21054299175739288,0.0,0,0,36.022695779800415,0.8083826899528503,0.726319432258606,0.21999914944171906,0.0,0.8218919445945354,0.7711203854434384,0.6081788981192577,0.41263971023024176,0.29472372772886,0.22277699896493222,0.14076017890980352,0.8730403675595784,0.8391310425334592,0.7186372304203693,0.5579926016327071,0.44853295525959663,0.3706546901775604,0.24874865358399917,0.526971658606378,136.0,1.5479020979020979,2.0146853146853148,182.0,0.5418189040329131,0.5880009372609998,191.4,1.8705516024807451,2.7683540175740555,429.0,0.6132667979757354,0.5705640005025364,175.57142857142858,1.7783660297439887,2.5530201024629866,358.42857142857144,0.5928531139920719,438,0.3242009132420091,0.49606299212598426,2809,0.2520469918120328,0.5027472527472527
lstm_T4,456,False,20,0.12352082163095474,0.5435543060302734,0.7311684489250183,0.08226288552442565,0.214008167386055,0.0,0,0,29.85817861557007,0.8145981431007385,0.7311684489250183,0.22945496439933777,0.0,0.8254896913922026,0.773354266702553,0.6075391705136525,0.3853795320298137,0.24524092579171836,0.17033327813772609,0.10096836961091121,0.8798153461179893,0.8519472980926357,0.7459780969240384,0.5662352687238753,0.4374298683461768,0.34436925577090804,0.20868333991544327,0.5490557233854119,127.0,1.4944055944055945,1.8741258741258742,193.5,0.5444787329024827,0.5790395910912352,184.4,1.9232329171159535,2.7016353826657586,422.8,0.6121636565622441,0.5704727717467143,168.0,1.8007108249129937,2.465204094511506,357.2857142857143,0.5928251069451694,460,0.2956521739130435,0.4344262295081967,2801,0.26133523741520887,0.5274725274725275
lstm_T8,42,False,20,0.10096780508756638,0.5158017873764038,0.7357670068740845,0.10468186671659349,0.3605491816997528,0.0,0,0,61.51807188987732,0.8216962814331055,0.7357670068740845,0.2043134570121765,0.0,0.8332797917490863,0.7863722672462411,0.62427557256246,0.4049343490765244,0.2647711907943545,0.1792579335488428,0.0925266916375006,0.8866635982811685,0.8650320068883358,0.7892880014766952,0.6730653704592136,0.5819589700728849,0.5101686675339235,0.40278076024875586,0.5457039272015023,127.5,1.5297202797202798,1.9374125874125874,197.0,0.5438964071320208,0.5949710516975808,187.0,1.8196474123513215,2.6956244751014733,440.8,0.6135758755926634,0.5808947304129869,170.0,1.7368110887424526,2.478992507190363,371.14285714285717,0.5936674560324798,463,0.28725701943844495,0.47580645161290325,2894,0.23807878369039392,0.4743935309973046
lstm_T8,123,False,20,0.10102741412818432,0.49523988366127014,0.7394924163818359,0.09423562397621574,0.29110419750213623,0.0,0,0,58.63795304298401,0.8224527835845947,0.7394924163818359,0.22146925330162048,0.0,0.8331369225024882,0.7867678865723721,0.6342986749651731,0.43680056542416035,0.31618034069117057,0.2370127456596263,0.13794759803454495,0.8881682289650401,0.8672354786947528,0.7976912653296935,0.6944283608791786,0.6110580511322982,0.5426443757878849,0.426670143257177,0.5411419076493948,114.5,1.411888111888112,1.5402097902097902,185.0,0.547446367490864,0.5911267245578964,187.2,1.8160867656899728,2.725533113779396,444.4,0.6136456351167418,0.5768453482983246,166.42857142857142,1.7006014360322983,2.386869307045223,370.2857142857143,0.5947315586522052,440,0.2863636363636364,0.4661016949152542,2888,0.23545706371191136,0.47702702702702704
lstm_T8,456,False,20,0.10344776406884193,0.49380210041999817,0.7395474910736084,0.09896695605060085,0.3170453906059265,0.0,0,0,55.10837483406067,0.8211497068405151,0.7395474910736084,0.21318955719470978,0.0,0.8325190008612857,0.7878752558079078,0.6423787110076002,0.4349259685084362,0.28957437957714727,0.1913325865599577,0.09663755726730715,0.8883796362816546,0.8671967860592237,0.7919277002837657,0.6821468268161854,0.5963620208325566,0.5276967072547916,0.41964882684807636,0.5338076712278113,118.0,1.5276223776223776,1.6895104895104895,190.0,0.5451760139949817,0.5891194156336017,176.0,1.8017508014108337,2.5556043314660535,452.8,0.6144607746019083,0.5733160600890902,159.42857142857142,1.723428394614132,2.308148948050178,377.7142857142857,0.594665128714215,450,0.3111111111111111,0.5083333333333333,2939,0.23443348077577408,0.46380697050938335
lstm_T16,42,False,20,0.08515213444828987,0.5260294675827026,0.7392213344573975,0.12961154481256382,0.40900349617004395,0.0,0,0,115.1697793006897,0.825486421585083,0.7392213344573975,0.2124970406293869,0.0,0.835040912121022,0.790817538531699,0.6326551328312269,0.41660456183543926,0.29535206907819106,0.22388435428552042,0.14128447743756833,0.8885176011693602,0.8683554383412054,0.7963394837310587,0.6910247182040551,0.6070017169969796,0.5347244657975476,0.4208710809307473,0.5679392298986163,112.5,1.6307692307692307,1.6248251748251747,192.5,0.5458391786900755,0.5999299249343492,181.0,1.813747816879938,2.647338778348904,441.2,0.6138058915434572,0.5907897263527112,161.42857142857142,1.7614682208483075,2.3551920344849813,370.14285714285717,0.5943868307282053,456,0.31359649122807015,0.4583333333333333,2888,0.235803324099723,0.46404341926729986
lstm_T16,123,False,20,0.08514768071472645,0.49922871589660645,0.7418055534362793,0.11442434069234879,0.6708603501319885,0.0,0,0,126.70432567596436,0.8265673518180847,0.7418055534362793,0.20524953305721283,0.0,0.8352114733712832,0.7902320011488534,0.6357087109084897,0.42455927741488997,0.30283519143664106,0.23064370209485646,0.14386969786656403,0.8894704641331934,0.8692375155182888,0.7921649666732152,0.6633153086955744,0.5581221327413821,0.47538848113647075,0.347049604751348,0.5718757573801162,109.5,1.5185314685314686,1.5094405594405593,188.0,0.5474223650325477,0.6032170808657826,179.6,1.7582311589311406,2.6221459868092305,438.8,0.6147198527416933,0.5942624170127351,159.57142857142858,1.689745533102663,2.304230150418182,367.14285714285717,0.5954919991105089,447,0.3042505592841163,0.4634146341463415,2867,0.23334495988838508,0.46776406035665297
lstm_T16,456,False,20,0.08680932149291039,0.4741195738315582,0.74344402551651,0.1149778353064321,0.36435508728027344,0.0,0,0,118.93094182014465,0.8250316977500916,0.74344402551651,0.19834662973880768,0.0,0.8343881849858263,0.7931922204232215,0.6598049029617226,0.45271910571747337,0.3040710704242062,0.19586559927267036,0.08227810609817117,0.8889248641606514,0.8687323030703713,0.7929473915543196,0.6849011417203429,0.5926250263791997,0.5099322808817256,0.36450899060912006,0.5648914148753418,120.5,1.518181818181818,1.7416083916083918,190.0,0.5459360192535849,0.6003466986970409,170.8,1.7841628868128345,2.514144954301806,441.2,0.6146676834537719,0.5902166176051269,156.42857142857142,1.7081682957754014,2.2934202221036872,369.42857142857144,0.5950300651108612,452,0.30973451327433627,0.5,2885,0.23362218370883883,0.47554347826086957
lstm_T32,42,False,20,0.07297858320176602,0.5059952735900879,0.7399230599403381,0.1386076183966361,0.4595722258090973,0.0,0,0,203.09656763076782,0.826532781124115,0.7399230599403381,0.18957525491714478,0.0,0.8369076041658855,0.7949666602639238,0.645722814007684,0.4150257926847787,0.27163276241088147,0.18569403207955174,0.08543533126691773,0.8895382703672464,0.8684923179668078,0.7870281480748567,0.6521167645061728,0.5343550489943757,0.4367341211774067,0.26738619766722743,0.5659592550494725,127.5,1.6272727272727274,1.8493006993006993,195.5,0.5436008284719483,0.6045322899311258,162.8,1.8104249352491215,2.3732828885271866,435.4,0.6151319015066778,0.593511422822082,152.71428571428572,1.7580957329701516,2.223573691605333,366.85714285714283,0.5946944520681837,461,0.31670281995661603,0.5378151260504201,2864,0.23812849162011174,0.49105914718019256
lstm_T32,123,False,20,0.07336015358567238,0.49720117449760437,0.7420430183410645,0.13208320208126678,0.44985830783843994,0.0,0,0,212.911395072937,0.8245505094528198,0.7420430183410645,0.20942123234272003,0.0,0.8342656491567572,0.7889308722638972,0.637975434923235,0.43392675672479775,0.30743605474735586,0.23118713945371241,0.1478203349404015,0.8893976108417445,0.8678388345783257,0.7890812657167061,0.6698436203206489,0.578590362357167,0.5100464455552531,0.3991326789815183,0.5586304406242413,129.5,1.6192307692307693,1.8087412587412586,193.5,0.5440303079428297,0.6083696209858761,184.6,1.7466412747765259,2.693317463889027,445.0,0.6140431717877088,0.5941584265968375,168.85714285714286,1.7102382731920238,2.440581405275379,373.14285714285717,0.5940394964034575,460,0.34130434782608693,0.5245901639344263,2910,0.2374570446735395,0.46404341926729986
lstm_T32,456,False,20,0.07450515646487474,0.5166280269622803,0.7369067668914795,0.13362061555404217,0.4508894383907318,0.0,0,0,218.33988213539124,0.8256993293762207,0.7369067668914795,0.18489569425582886,0.0,0.8370531662115178,0.7957331917516651,0.6533488830756193,0.39210431230563186,0.19906343138234697,0.09785313537451129,0.0328065882860061,0.889171355772902,0.8687744778691738,0.7867494930384658,0.6288442339721312,0.47338042098555033,0.3434602261601657,0.15503587492519919,0.5730417285816557,116.0,1.5328671328671328,1.6272727272727274,181.5,0.5465343466629243,0.5991947690788637,177.4,1.8112021133284046,2.5769961748522103,424.6,0.6126563136189516,0.5917224717939471,159.85714285714286,1.7316778331966127,2.3056466184009294,355.14285714285717,0.5937643230600866,435,0.29195402298850576,0.5083333333333333,2784,0.24604885057471265,0.5096952908587258
