variant,method,k,phase,video,split,n_frames,fps_eff,max_age,IDF1,ID_switches,fragmentations,n_gt_ids,n_pred_ids,MOTA,ids_pred/gt,IDsw/id
fixa,static,1,0,02,train,600,30.0,30,0.4325785982117104,231,671,62,128,0.4225822076314515,2.064516129032258,3.725806451612903
fixa,const_vel,1,0,02,train,600,30.0,30,0.3895723491505565,290,549,62,238,0.40971960604919,3.838709677419355,4.67741935483871
fixa,rnn_dt1,1,0,02,train,600,30.0,30,0.4538827944572748,253,657,62,131,0.4219363866315053,2.1129032258064515,4.080645161290323
fixa,static,1,0,04,train,1050,30.0,30,0.7108904969798457,274,761,83,114,0.7475660786004164,1.3734939759036144,3.3012048192771086
fixa,const_vel,1,0,04,train,1050,30.0,30,0.6514333693175003,231,663,83,188,0.7439914208213302,2.265060240963856,2.783132530120482
fixa,rnn_dt1,1,0,04,train,1050,30.0,30,0.7664821037777592,128,749,83,101,0.7509304623924974,1.216867469879518,1.5421686746987953
fixa,static,1,0,05,train,837,14.0,30,0.6030330062444246,150,216,133,137,0.5596356802081828,1.0300751879699248,1.1278195488721805
fixa,const_vel,1,0,05,train,837,14.0,30,0.6035768850543722,105,198,133,165,0.5581899667485904,1.2406015037593985,0.7894736842105263
fixa,rnn_dt1,1,0,05,train,837,14.0,30,0.6290207290922087,107,207,133,146,0.563539106549082,1.0977443609022557,0.8045112781954887
fixa,static,1,0,10,train,654,30.0,30,0.4410388916113512,459,441,57,194,0.634395202118545,3.4035087719298245,8.052631578947368
fixa,const_vel,1,0,10,train,654,30.0,30,0.4973142345568487,299,383,57,207,0.6466235688137705,3.631578947368421,5.245614035087719
fixa,rnn_dt1,1,0,10,train,654,30.0,30,0.5124209776511441,324,401,57,173,0.6488823117065192,3.0350877192982457,5.684210526315789
fixa,static,1,0,11,train,900,30.0,30,0.6342087624154531,99,199,75,115,0.6846121237812632,1.5333333333333334,1.32
fixa,const_vel,1,0,11,train,900,30.0,30,0.6193769508537854,99,179,75,140,0.6780415430267062,1.8666666666666667,1.32
fixa,rnn_dt1,1,0,11,train,900,30.0,30,0.6497164807023962,102,188,75,113,0.6825985587113184,1.5066666666666666,1.36
fixa,static,1,0,09,val,525,30.0,30,0.5274977085242897,57,124,26,36,0.6178403755868545,1.3846153846153846,2.1923076923076925
fixa,const_vel,1,0,09,val,525,30.0,30,0.5465022473205025,49,112,26,56,0.6123943661971831,2.1538461538461537,1.8846153846153848
fixa,rnn_dt1,1,0,09,val,525,30.0,30,0.615243553008596,46,120,26,35,0.6193427230046948,1.3461538461538465,1.7692307692307692
fixa,static,1,0,13,val,750,25.0,30,0.4488991127177127,408,336,110,265,0.4287923037278818,2.409090909090909,3.709090909090909
fixa,const_vel,1,0,13,val,750,25.0,30,0.5219231604080746,169,253,110,212,0.4709671877684247,1.9272727272727272,1.5363636363636364
fixa,rnn_dt1,1,0,13,val,750,25.0,30,0.5365141187925998,187,269,110,190,0.4726851056519499,1.7272727272727273,1.7
fixa,static,2,0,02,train,300,15.0,30,0.4402332361516035,164,348,59,105,0.4089783615028528,1.7796610169491525,2.7796610169491527
fixa,const_vel,2,0,02,train,300,15.0,30,0.4031019202363368,171,291,59,147,0.40025837011519,2.4915254237288136,2.8983050847457625
fixa,rnn_dt1,2,0,02,train,300,15.0,30,0.472978878368536,129,329,59,93,0.4131768758746905,1.576271186440678,2.1864406779661016
fixa,rnn_dtk,2,0,02,train,300,15.0,30,0.4695424074613815,145,336,59,99,0.4136074927333405,1.6779661016949152,2.457627118644068
fixa,static,2,0,04,train,525,15.0,30,0.741785388784957,207,430,83,102,0.7406612821807168,1.2289156626506024,2.4939759036144578
fixa,const_vel,2,0,04,train,525,15.0,30,0.7038560534988333,134,352,83,133,0.7396516910651186,1.6024096385542168,1.6144578313253013
fixa,rnn_dt1,2,0,04,train,525,15.0,30,0.7864128871416243,74,396,83,93,0.7476022211004543,1.120481927710843,0.891566265060241
fixa,rnn_dtk,2,0,04,train,525,15.0,30,0.7590901464490305,71,403,83,92,0.7476863536934208,1.108433734939759,0.8554216867469879
fixa,static,2,0,05,train,419,7.0,30,0.5084807587087361,176,122,133,90,0.494952408422267,0.6766917293233082,1.3233082706766917
fixa,const_vel,2,0,05,train,419,7.0,30,0.5993316004455997,70,104,133,125,0.5033169887510816,0.9398496240601504,0.5263157894736842
fixa,rnn_dt1,2,0,05,train,419,7.0,30,0.5868484067047338,102,112,133,109,0.5053360253821748,0.8195488721804511,0.7669172932330827
fixa,rnn_dtk,2,0,05,train,419,7.0,30,0.6017666543982333,79,105,133,103,0.5134121719065474,0.7744360902255639,0.5939849624060151
fixa,static,2,0,10,train,327,15.0,30,0.4113397347965249,440,284,57,173,0.5678666043322425,3.0350877192982457,7.719298245614035
fixa,const_vel,2,0,10,train,327,15.0,30,0.4627947518120928,251,247,57,193,0.6016830294530154,3.3859649122807016,4.4035087719298245
fixa,rnn_dt1,2,0,10,train,327,15.0,30,0.5004097241190931,330,260,57,170,0.5956054230949042,2.982456140350877,5.789473684210527
fixa,rnn_dtk,2,0,10,train,327,15.0,30,0.4659805082430094,303,255,57,169,0.5960729312762973,2.9649122807017543,5.315789473684211
fixa,static,2,0,11,train,450,15.0,30,0.6026785714285714,96,119,73,114,0.650571791613723,1.5616438356164384,1.3150684931506849
fixa,const_vel,2,0,11,train,450,15.0,30,0.6243018493235696,91,114,73,116,0.6488775942397289,1.5890410958904109,1.2465753424657535
fixa,rnn_dt1,2,0,11,train,450,15.0,30,0.5811965811965812,91,115,73,108,0.6518424396442186,1.4794520547945205,1.2465753424657535
fixa,rnn_dtk,2,0,11,train,450,15.0,30,0.625480709589381,90,116,73,111,0.6490893689114782,1.5205479452054795,1.2328767123287672
fixa,static,2,0,09,val,263,15.0,30,0.5369003690036901,60,71,26,38,0.5932457786116323,1.4615384615384617,2.3076923076923075
fixa,const_vel,2,0,09,val,263,15.0,30,0.5434329395413482,38,68,26,47,0.5966228893058161,1.807692307692308,1.4615384615384617
fixa,rnn_dt1,2,0,09,val,263,15.0,30,0.6139342377558059,20,69,26,30,0.6146341463414634,1.1538461538461535,0.7692307692307693
fixa,rnn_dtk,2,0,09,val,263,15.0,30,0.6185661764705882,35,72,26,32,0.6078799249530957,1.2307692307692308,1.3461538461538465
fixa,static,2,0,13,val,375,12.5,30,0.3678588016720854,378,210,110,206,0.3253218884120171,1.8727272727272728,3.4363636363636365
fixa,const_vel,2,0,13,val,375,12.5,30,0.5103810175678759,117,125,110,165,0.4068669527896995,1.5,1.0636363636363635
fixa,rnn_dt1,2,0,13,val,375,12.5,30,0.4701714285714286,175,146,110,157,0.3872961373390557,1.4272727272727272,1.5909090909090908
fixa,rnn_dtk,2,0,13,val,375,12.5,30,0.4606574275569808,194,142,110,169,0.3797424892703862,1.5363636363636364,1.7636363636363637
fixa,static,2,1,02,train,300,15.0,30,0.422861303239898,154,332,62,101,0.4129358588032716,1.6290322580645162,2.4838709677419355
fixa,const_vel,2,1,02,train,300,15.0,30,0.395606015924506,170,288,62,147,0.3999139044339216,2.370967741935484,2.7419354838709675
fixa,rnn_dt1,2,1,02,train,300,15.0,30,0.4673319251220045,159,322,62,97,0.4141196728368489,1.564516129032258,2.564516129032258
fixa,rnn_dtk,2,1,02,train,300,15.0,30,0.46421550782672,154,333,62,95,0.4148730090400344,1.532258064516129,2.4838709677419355
fixa,static,2,1,04,train,525,15.0,30,0.720974860871234,196,428,83,106,0.7403405507672903,1.2771084337349397,2.36144578313253
fixa,const_vel,2,1,04,train,525,15.0,30,0.6827415438613361,142,392,83,137,0.7390372083245743,1.6506024096385543,1.710843373493976
fixa,rnn_dt1,2,1,04,train,525,15.0,30,0.7878555510292109,106,428,83,90,0.7455959638427581,1.0843373493975903,1.2771084337349397
fixa,rnn_dtk,2,1,04,train,525,15.0,30,0.7831651607027299,99,425,83,94,0.7453857473197394,1.1325301204819278,1.1927710843373494
fixa,static,2,1,05,train,418,7.0,30,0.5139217470427662,177,134,132,93,0.5043478260869565,0.7045454545454546,1.3409090909090908
fixa,const_vel,2,1,05,train,418,7.0,30,0.5693078493226944,87,101,132,132,0.511304347826087,1.0,0.6590909090909091
fixa,rnn_dt1,2,1,05,train,418,7.0,30,0.608679661640309,105,117,132,111,0.5168115942028986,0.8409090909090909,0.7954545454545454
fixa,rnn_dtk,2,1,05,train,418,7.0,30,0.6041206769683591,99,117,132,111,0.5179710144927536,0.8409090909090909,0.75
fixa,static,2,1,10,train,327,15.0,30,0.3914037494284408,462,287,57,180,0.558548738710682,3.1578947368421053,8.105263157894736
fixa,const_vel,2,1,10,train,327,15.0,30,0.4620044052863436,250,247,57,191,0.5954531298660853,3.3508771929824563,4.385964912280702
fixa,rnn_dt1,2,1,10,train,327,15.0,30,0.440929041697147,311,245,57,173,0.5862659607598879,3.0350877192982457,5.456140350877193
fixa,rnn_dtk,2,1,10,train,327,15.0,30,0.434631559700128,321,258,57,177,0.5828402366863905,3.1052631578947367,5.631578947368421
fixa,static,2,1,11,train,450,15.0,30,0.6265060240963856,99,117,75,105,0.6495545184556639,1.4,1.32
fixa,const_vel,2,1,11,train,450,15.0,30,0.6378364905284147,81,101,75,119,0.6459482392872296,1.586666666666667,1.08
fixa,rnn_dt1,2,1,11,train,450,15.0,30,0.6547308218326495,79,108,75,106,0.6521001272804412,1.413333333333333,1.0533333333333332
fixa,rnn_dtk,2,1,11,train,450,15.0,30,0.6512610262144366,89,111,75,105,0.6508273228680526,1.4,1.1866666666666668
fixa,static,2,1,09,val,262,15.0,30,0.4790363678480426,60,73,26,33,0.5898496240601504,1.2692307692307692,2.3076923076923075
fixa,const_vel,2,1,09,val,262,15.0,30,0.5323976608187134,44,66,26,46,0.5830827067669173,1.7692307692307692,1.6923076923076923
fixa,rnn_dt1,2,1,09,val,262,15.0,30,0.6108283202221194,36,72,26,28,0.6022556390977444,1.0769230769230769,1.3846153846153846
fixa,rnn_dtk,2,1,09,val,262,15.0,30,0.5648854961832062,49,75,26,30,0.5962406015037593,1.1538461538461535,1.8846153846153848
fixa,static,2,1,13,val,375,12.5,30,0.3597105508870215,393,193,110,215,0.3135636926250644,1.9545454545454544,3.5727272727272728
fixa,const_vel,2,1,13,val,375,12.5,30,0.5568529645164947,72,112,110,134,0.421179302045728,1.2181818181818185,0.6545454545454545
fixa,rnn_dt1,2,1,13,val,375,12.5,30,0.5148425107636528,120,128,110,136,0.407942238267148,1.2363636363636363,1.0909090909090908
fixa,rnn_dtk,2,1,13,val,375,12.5,30,0.5184258416742493,124,132,110,145,0.4045040398831012,1.318181818181818,1.1272727272727272
fixa,static,5,0,02,train,120,6.0,30,0.4269330373658898,113,165,59,75,0.3759075020166711,1.271186440677966,1.915254237288136
fixa,const_vel,5,0,02,train,120,6.0,30,0.4280886218550507,97,144,59,93,0.375369723043829,1.576271186440678,1.6440677966101696
fixa,rnn_dt1,5,0,02,train,120,6.0,30,0.4576709796672828,86,165,59,70,0.388545307878462,1.1864406779661016,1.4576271186440677
fixa,rnn_dtk,5,0,02,train,120,6.0,30,0.4553207267334075,91,166,59,79,0.3855875235278301,1.3389830508474576,1.5423728813559323
fixa,static,5,0,04,train,210,6.0,30,0.7307366638441999,106,197,83,97,0.7235430254576057,1.1686746987951808,1.2771084337349397
fixa,const_vel,5,0,04,train,210,6.0,30,0.7233991042246701,85,179,83,102,0.7247001893540921,1.2289156626506024,1.0240963855421688
fixa,rnn_dt1,5,0,04,train,210,6.0,30,0.7459655485040798,61,165,83,87,0.7292236482221754,1.0481927710843373,0.7349397590361446
fixa,rnn_dtk,5,0,04,train,210,6.0,30,0.7406824782187803,78,176,83,95,0.7258573532505785,1.144578313253012,0.9397590361445785
fixa,static,5,0,05,train,168,2.8,30,0.3640730067243035,99,54,129,32,0.4049168474331164,0.2480620155038759,0.7674418604651163
fixa,const_vel,5,0,05,train,168,2.8,30,0.4475949367088607,63,50,129,73,0.3651482284887924,0.5658914728682171,0.4883720930232558
fixa,rnn_dt1,5,0,05,train,168,2.8,30,0.4497560975609756,94,49,129,46,0.3955169920462762,0.3565891472868217,0.7286821705426356
fixa,rnn_dtk,5,0,05,train,168,2.8,30,0.41219872110182,86,54,129,42,0.3919016630513376,0.3255813953488372,0.6666666666666666
fixa,static,5,0,10,train,131,6.0,30,0.244515651959576,409,210,57,130,0.3551147413457798,2.280701754385965,7.175438596491228
fixa,const_vel,5,0,10,train,131,6.0,30,0.3059969246540235,264,201,57,180,0.367561260210035,3.1578947368421053,4.631578947368421
fixa,rnn_dt1,5,0,10,train,131,6.0,30,0.2869198312236287,385,223,57,140,0.3574484636328277,2.456140350877193,6.754385964912281
fixa,rnn_dtk,5,0,10,train,131,6.0,30,0.2765481223576225,381,226,57,137,0.3605600933488915,2.4035087719298245,6.684210526315789
fixa,static,5,0,11,train,180,6.0,30,0.5602350636630754,92,68,72,84,0.5461783439490446,1.1666666666666667,1.2777777777777777
fixa,const_vel,5,0,11,train,180,6.0,30,0.586763253210405,61,63,72,90,0.5520169851380042,1.25,0.8472222222222222
fixa,rnn_dt1,5,0,11,train,180,6.0,30,0.5388429752066116,81,72,72,92,0.5371549893842887,1.2777777777777777,1.125
fixa,rnn_dtk,5,0,11,train,180,6.0,30,0.5358914985114125,86,66,72,95,0.5323779193205944,1.3194444444444444,1.1944444444444444
fixa,static,5,0,09,val,105,6.0,30,0.4026128266033254,84,41,26,27,0.495291902071563,1.0384615384615383,3.230769230769231
fixa,const_vel,5,0,09,val,105,6.0,30,0.5623118603251054,24,38,26,36,0.532015065913371,1.3846153846153846,0.9230769230769232
fixa,rnn_dt1,5,0,09,val,105,6.0,30,0.5428571428571428,48,48,26,28,0.527306967984934,1.0769230769230769,1.8461538461538465
fixa,rnn_dtk,5,0,09,val,105,6.0,30,0.4644776119402985,66,50,26,34,0.5056497175141244,1.3076923076923077,2.5384615384615383
fixa,static,5,0,13,val,150,5.0,30,0.2115835286240375,199,106,110,97,0.139186295503212,0.8818181818181818,1.809090909090909
fixa,const_vel,5,0,13,val,150,5.0,30,0.3430824843904042,63,53,110,87,0.2188436830835117,0.7909090909090909,0.5727272727272728
fixa,rnn_dt1,5,0,13,val,150,5.0,30,0.2940215615811826,135,91,110,85,0.1862955032119914,0.7727272727272727,1.2272727272727273
fixa,rnn_dtk,5,0,13,val,150,5.0,30,0.2650282298239787,142,92,110,93,0.1635974304068522,0.8454545454545455,1.290909090909091
fixa,static,5,1,02,train,120,6.0,30,0.387370753323486,106,159,59,70,0.3801830910070005,1.1864406779661016,1.7966101694915255
fixa,const_vel,5,1,02,train,120,6.0,30,0.4035351635953366,99,142,59,100,0.3712977921378567,1.694915254237288,1.6779661016949152
fixa,rnn_dt1,5,1,02,train,120,6.0,30,0.4544618215271389,92,159,59,65,0.3906838987614431,1.1016949152542372,1.5593220338983051
fixa,rnn_dtk,5,1,02,train,120,6.0,30,0.4257444054004068,92,163,59,77,0.3836833602584814,1.305084745762712,1.5593220338983051
fixa,static,5,1,04,train,210,6.0,30,0.7087185064346565,136,202,83,97,0.7228649558266722,1.1686746987951808,1.6385542168674698
fixa,const_vel,5,1,04,train,210,6.0,30,0.715210943647479,81,185,83,105,0.7263357172907026,1.2650602409638554,0.9759036144578314
fixa,rnn_dt1,5,1,04,train,210,6.0,30,0.757135099257829,50,178,83,80,0.7350652082456879,0.963855421686747,0.6024096385542169
fixa,rnn_dtk,5,1,04,train,210,6.0,30,0.730699528814788,64,183,83,91,0.7311737484223811,1.0963855421686748,0.7710843373493976
fixa,static,5,1,05,train,168,2.8,30,0.3371647509578544,115,52,129,38,0.4007246376811594,0.2945736434108527,0.8914728682170543
fixa,const_vel,5,1,05,train,168,2.8,30,0.4613831398283695,57,44,129,65,0.3753623188405797,0.5038759689922481,0.4418604651162791
fixa,rnn_dt1,5,1,05,train,168,2.8,30,0.4416094210009813,83,48,129,51,0.3905797101449275,0.3953488372093023,0.6434108527131783
fixa,rnn_dtk,5,1,05,train,168,2.8,30,0.4017341040462427,124,56,129,48,0.3869565217391304,0.3720930232558139,0.9612403100775194
fixa,static,5,1,10,train,131,6.0,30,0.2499386201816842,412,182,57,132,0.3752922837100545,2.3157894736842106,7.228070175438597
fixa,const_vel,5,1,10,train,131,6.0,30,0.32,271,190,57,175,0.3865939204988309,3.0701754385964914,4.754385964912281
fixa,rnn_dt1,5,1,10,train,131,6.0,30,0.2643478260869565,367,189,57,148,0.3819173811379579,2.5964912280701755,6.43859649122807
fixa,rnn_dtk,5,1,10,train,131,6.0,30,0.2415169660678642,400,210,57,146,0.3600935307872175,2.56140350877193,7.017543859649122
fixa,static,5,1,11,train,180,6.0,30,0.531036724081898,105,73,73,78,0.5421303656597773,1.0684931506849316,1.4383561643835616
fixa,const_vel,5,1,11,train,180,6.0,30,0.520997375328084,85,65,73,91,0.5373608903020668,1.2465753424657535,1.1643835616438356
fixa,rnn_dt1,5,1,11,train,180,6.0,30,0.4939483153418384,112,74,73,87,0.5299417064122947,1.1917808219178083,1.5342465753424657
fixa,rnn_dtk,5,1,11,train,180,6.0,30,0.538638605721802,96,76,73,92,0.5310015898251192,1.2602739726027397,1.3150684931506849
fixa,static,5,1,09,val,105,6.0,30,0.4211764705882353,86,54,26,25,0.5014058106841612,0.9615384615384616,3.3076923076923075
fixa,const_vel,5,1,09,val,105,6.0,30,0.56,27,43,26,32,0.5370196813495782,1.2307692307692308,1.0384615384615383
fixa,rnn_dt1,5,1,09,val,105,6.0,30,0.5985832349468713,30,44,26,24,0.5520149953139644,0.9230769230769232,1.1538461538461535
fixa,rnn_dtk,5,1,09,val,105,6.0,30,0.4808935920047031,62,50,26,28,0.5229615745079663,1.0769230769230769,2.3846153846153846
fixa,static,5,1,13,val,150,5.0,30,0.2173186225342694,179,106,110,100,0.1374732334047109,0.9090909090909092,1.6272727272727272
fixa,const_vel,5,1,13,val,150,5.0,30,0.3489889106327462,71,50,110,94,0.2184154175588865,0.8545454545454545,0.6454545454545455
fixa,rnn_dt1,5,1,13,val,150,5.0,30,0.2871287128712871,120,82,110,93,0.1777301927194861,0.8454545454545455,1.0909090909090908
fixa,rnn_dtk,5,1,13,val,150,5.0,30,0.2623828647925033,123,82,110,99,0.1593147751605995,0.9,1.1181818181818182
fixa,static,5,2,02,train,120,6.0,30,0.393424455116365,116,177,59,70,0.3814266487213997,1.1864406779661016,1.9661016949152543
fixa,const_vel,5,2,02,train,120,6.0,30,0.4451939291736931,72,141,59,87,0.3860026917900404,1.4745762711864407,1.2203389830508475
fixa,rnn_dt1,5,2,02,train,120,6.0,30,0.464489946504335,94,169,59,67,0.389771197846568,1.1355932203389831,1.5932203389830508
fixa,rnn_dtk,5,2,02,train,120,6.0,30,0.4168060977876929,72,153,59,69,0.3903095558546433,1.1694915254237288,1.2203389830508475
fixa,static,5,2,04,train,210,6.0,30,0.7070475270245787,98,209,83,93,0.7277602523659306,1.120481927710843,1.180722891566265
fixa,const_vel,5,2,04,train,210,6.0,30,0.732055390941525,82,192,83,100,0.7271293375394321,1.2048192771084338,0.9879518072289156
fixa,rnn_dt1,5,2,04,train,210,6.0,30,0.7439083232810615,61,198,83,81,0.7338590956887487,0.9759036144578314,0.7349397590361446
fixa,rnn_dtk,5,2,04,train,210,6.0,30,0.756188866078976,61,200,83,89,0.7317560462670873,1.072289156626506,0.7349397590361446
fixa,static,5,2,05,train,167,2.8,30,0.3523670082967301,93,46,130,34,0.3969631236442517,0.2615384615384615,0.7153846153846154
fixa,const_vel,5,2,05,train,167,2.8,30,0.4494153533299441,52,40,130,61,0.3702096890817065,0.4692307692307692,0.4
fixa,rnn_dt1,5,2,05,train,167,2.8,30,0.3950738916256157,90,48,130,44,0.3853940708604483,0.3384615384615385,0.6923076923076923
fixa,rnn_dtk,5,2,05,train,167,2.8,30,0.3741429970617042,83,43,130,37,0.4005784526391901,0.2846153846153846,0.6384615384615384
fixa,static,5,2,10,train,131,6.0,30,0.2647496281606346,392,204,57,139,0.364733359283768,2.43859649122807,6.87719298245614
fixa,const_vel,5,2,10,train,131,6.0,30,0.3263534218590398,268,198,57,166,0.3810821331257298,2.912280701754386,4.701754385964913
fixa,rnn_dt1,5,2,10,train,131,6.0,30,0.2698650674662669,359,185,57,142,0.371350720124562,2.491228070175439,6.298245614035087
fixa,rnn_dtk,5,2,10,train,131,6.0,30,0.2606075822244539,370,202,57,149,0.3604515375632542,2.6140350877192984,6.491228070175438
fixa,static,5,2,11,train,180,6.0,30,0.5496580918267665,81,70,73,73,0.5523809523809524,1.0,1.1095890410958904
fixa,const_vel,5,2,11,train,180,6.0,30,0.5603419927655376,65,63,73,94,0.5439153439153439,1.2876712328767124,0.8904109589041096
fixa,rnn_dt1,5,2,11,train,180,6.0,30,0.5429417571569596,87,77,73,88,0.5322751322751322,1.2054794520547945,1.1917808219178083
fixa,rnn_dtk,5,2,11,train,180,6.0,30,0.5440789473684211,84,81,73,84,0.5354497354497354,1.1506849315068493,1.1506849315068493
fixa,static,5,2,09,val,105,6.0,30,0.4033313503866746,82,42,26,30,0.4901408450704225,1.1538461538461535,3.1538461538461537
fixa,const_vel,5,2,09,val,105,6.0,30,0.5518474374255066,30,41,26,32,0.536150234741784,1.2307692307692308,1.1538461538461535
fixa,rnn_dt1,5,2,09,val,105,6.0,30,0.5724423418095801,41,48,26,30,0.536150234741784,1.1538461538461535,1.5769230769230769
fixa,rnn_dtk,5,2,09,val,105,6.0,30,0.4829647340107591,57,42,26,34,0.5061032863849766,1.3076923076923077,2.1923076923076925
fixa,static,5,2,13,val,150,5.0,30,0.2189586114819759,214,116,109,101,0.1345079501504082,0.926605504587156,1.963302752293578
fixa,const_vel,5,2,13,val,150,5.0,30,0.3591433278418451,63,48,109,85,0.2221744735711216,0.7798165137614679,0.5779816513761468
fixa,rnn_dt1,5,2,13,val,150,5.0,30,0.3406199021207178,123,72,109,86,0.2084228620541469,0.7889908256880734,1.128440366972477
fixa,rnn_dtk,5,2,13,val,150,5.0,30,0.2818971275885104,145,80,109,95,0.1650193382036957,0.8715596330275229,1.3302752293577982
fixa,static,5,3,02,train,120,6.0,30,0.4143307963616113,104,165,59,70,0.3807857911733046,1.1864406779661016,1.7627118644067796
fixa,const_vel,5,3,02,train,120,6.0,30,0.394483279803514,86,132,59,87,0.3710979547900969,1.4745762711864407,1.4576271186440677
fixa,rnn_dt1,5,3,02,train,120,6.0,30,0.4697416974169742,74,167,59,61,0.395048439181916,1.0338983050847457,1.2542372881355932
fixa,rnn_dtk,5,3,02,train,120,6.0,30,0.4295800817539948,82,167,59,69,0.3848223896663079,1.1694915254237288,1.3898305084745763
fixa,static,5,3,04,train,210,6.0,30,0.6994568497284248,109,195,83,99,0.7266799873803764,1.1927710843373494,1.313253012048193
fixa,const_vel,5,3,04,train,210,6.0,30,0.7331197485341232,79,172,83,102,0.727836786202545,1.2289156626506024,0.9518072289156626
fixa,rnn_dt1,5,3,04,train,210,6.0,30,0.7577894292774061,60,175,83,85,0.7346724156062677,1.0240963855421688,0.7228915662650602
fixa,rnn_dtk,5,3,04,train,210,6.0,30,0.7413085465958474,64,177,83,95,0.7316226732569144,1.144578313253012,0.7710843373493976
fixa,static,5,3,05,train,167,2.8,30,0.3884057971014493,118,56,131,44,0.3838383838383838,0.3358778625954198,0.900763358778626
fixa,const_vel,5,3,05,train,167,2.8,30,0.4641051567239636,54,40,131,70,0.3722943722943723,0.5343511450381679,0.4122137404580153
fixa,rnn_dt1,5,3,05,train,167,2.8,30,0.4181286549707602,87,51,131,49,0.396103896103896,0.3740458015267175,0.6641221374045801
fixa,rnn_dtk,5,3,05,train,167,2.8,30,0.4083212385099177,106,58,131,46,0.3888888888888888,0.3511450381679389,0.8091603053435115
fixa,static,5,3,10,train,131,6.0,30,0.254563394178589,404,192,57,129,0.3636717230649553,2.263157894736842,7.087719298245614
fixa,const_vel,5,3,10,train,131,6.0,30,0.2764435360245273,276,198,57,177,0.3768961493582263,3.1052631578947367,4.842105263157895
fixa,rnn_dt1,5,3,10,train,131,6.0,30,0.2635,342,192,57,143,0.3745624270711785,2.508771929824561,6.0
fixa,rnn_dtk,5,3,10,train,131,6.0,30,0.2875589769058853,375,200,57,139,0.3660054453520031,2.43859649122807,6.578947368421052
fixa,static,5,3,11,train,180,6.0,30,0.5440937194923527,111,73,73,81,0.5468501852832186,1.1095890410958904,1.5205479452054795
fixa,const_vel,5,3,11,train,180,6.0,30,0.5401844532279315,72,69,73,93,0.5457914240338804,1.273972602739726,0.9863013698630136
fixa,rnn_dt1,5,3,11,train,180,6.0,30,0.5512018439249259,91,69,73,94,0.5373213340391741,1.2876712328767124,1.2465753424657535
fixa,rnn_dtk,5,3,11,train,180,6.0,30,0.5549323655559222,99,68,73,97,0.5299100052938063,1.3287671232876712,1.356164383561644
fixa,static,5,3,09,val,105,6.0,30,0.4061393152302243,93,50,26,25,0.4976525821596244,0.9615384615384616,3.576923076923077
fixa,const_vel,5,3,09,val,105,6.0,30,0.5774309723889556,25,44,26,35,0.5352112676056338,1.3461538461538465,0.9615384615384616
fixa,rnn_dt1,5,3,09,val,105,6.0,30,0.568545994065282,32,49,26,26,0.5464788732394366,1.0,1.2307692307692308
fixa,rnn_dtk,5,3,09,val,105,6.0,30,0.5,55,49,26,30,0.5201877934272301,1.1538461538461535,2.1153846153846154
fixa,static,5,3,13,val,150,5.0,30,0.2242547425474254,176,105,108,101,0.1365790607496768,0.9351851851851852,1.6296296296296295
fixa,const_vel,5,3,13,val,150,5.0,30,0.3446215139442231,53,43,108,84,0.2223179663937957,0.7777777777777778,0.4907407407407407
fixa,rnn_dt1,5,3,13,val,150,5.0,30,0.3014876033057851,133,78,108,96,0.1813873330461007,0.8888888888888888,1.2314814814814814
fixa,rnn_dtk,5,3,13,val,150,5.0,30,0.2782258064516129,134,75,108,92,0.1650150797070227,0.8518518518518519,1.2407407407407407
fixa,static,5,4,02,train,120,6.0,30,0.4218141346688926,79,169,61,62,0.3925208501479688,1.0163934426229508,1.2950819672131149
fixa,const_vel,5,4,02,train,120,6.0,30,0.4152654449272624,97,139,61,91,0.3742265267688996,1.4918032786885247,1.5901639344262295
fixa,rnn_dt1,5,4,02,train,120,6.0,30,0.4663693794128576,85,157,61,63,0.3900995426419155,1.0327868852459017,1.3934426229508197
fixa,rnn_dtk,5,4,02,train,120,6.0,30,0.455338904363974,72,159,61,67,0.392789884315308,1.098360655737705,1.180327868852459
fixa,static,5,4,04,train,210,6.0,30,0.6972986010612638,110,199,83,92,0.7259554808903822,1.108433734939759,1.3253012048192772
fixa,const_vel,5,4,04,train,210,6.0,30,0.6987253065909503,84,175,83,104,0.7250104997900042,1.2530120481927711,1.0120481927710845
fixa,rnn_dt1,5,4,04,train,210,6.0,30,0.7765130984643179,95,196,83,86,0.7280554388912222,1.036144578313253,1.144578313253012
fixa,rnn_dtk,5,4,04,train,210,6.0,30,0.747014115092291,77,190,83,97,0.7271104577908442,1.1686746987951808,0.927710843373494
fixa,static,5,4,05,train,167,2.8,30,0.40523509452254,86,53,129,34,0.4086642599277978,0.2635658914728682,0.6666666666666666
fixa,const_vel,5,4,05,train,167,2.8,30,0.4591163026917217,49,40,129,68,0.376173285198556,0.5271317829457365,0.3798449612403101
fixa,rnn_dt1,5,4,05,train,167,2.8,30,0.4150390625,96,53,129,45,0.3935018050541516,0.3488372093023256,0.7441860465116279
fixa,rnn_dtk,5,4,05,train,167,2.8,30,0.4029126213592233,91,57,129,44,0.4028880866425992,0.3410852713178294,0.7054263565891473
fixa,static,5,4,10,train,130,6.0,30,0.2703639514731369,386,185,57,130,0.3688524590163934,2.280701754385965,6.771929824561403
fixa,const_vel,5,4,10,train,130,6.0,30,0.3052064631956912,267,196,57,180,0.3622170179547228,3.1578947368421053,4.684210526315789
fixa,rnn_dt1,5,4,10,train,130,6.0,30,0.2650662665666417,350,205,57,150,0.3641686182669789,2.631578947368421,6.140350877192983
fixa,rnn_dtk,5,4,10,train,130,6.0,30,0.2682926829268293,386,209,57,138,0.3559718969555034,2.421052631578948,6.771929824561403
fixa,static,5,4,11,train,180,6.0,30,0.5398692810457516,114,73,75,78,0.5408271474019088,1.04,1.52
fixa,const_vel,5,4,11,train,180,6.0,30,0.5761154855643045,76,67,75,90,0.5577942735949099,1.2,1.0133333333333334
fixa,rnn_dt1,5,4,11,train,180,6.0,30,0.5348299768900627,98,77,75,93,0.5381760339342524,1.24,1.3066666666666666
fixa,rnn_dtk,5,4,11,train,180,6.0,30,0.5707671957671958,81,74,75,88,0.5424178154825027,1.1733333333333331,1.08
fixa,static,5,4,09,val,105,6.0,30,0.4049733570159858,90,52,26,28,0.4906191369606003,1.0769230769230769,3.4615384615384617
fixa,const_vel,5,4,09,val,105,6.0,30,0.5412186379928315,28,48,26,33,0.5403377110694184,1.2692307692307692,1.0769230769230769
fixa,rnn_dt1,5,4,09,val,105,6.0,30,0.5256257449344458,52,53,26,29,0.5215759849906192,1.1153846153846154,2.0
fixa,rnn_dtk,5,4,09,val,105,6.0,30,0.4727707959305804,63,49,26,32,0.5028142589118199,1.2307692307692308,2.423076923076923
fixa,static,5,4,13,val,150,5.0,30,0.2311557788944723,172,94,108,99,0.1424268502581755,0.9166666666666666,1.5925925925925926
fixa,const_vel,5,4,13,val,150,5.0,30,0.3735255570117955,54,34,108,85,0.2306368330464716,0.7870370370370371,0.5
fixa,rnn_dt1,5,4,13,val,150,5.0,30,0.3254125412541254,97,60,108,89,0.1966437177280551,0.8240740740740741,0.8981481481481481
fixa,rnn_dtk,5,4,13,val,150,5.0,30,0.2627345844504021,120,69,108,88,0.1643717728055077,0.8148148148148148,1.1111111111111112
casada,static,2,0,02,train,300,15.0,15,0.4238429994141769,150,319,59,117,0.4066099687802778,1.9830508474576272,2.542372881355932
casada,const_vel,2,0,02,train,300,15.0,15,0.4045242847638057,172,288,59,151,0.3991818279685649,2.559322033898305,2.915254237288136
casada,rnn_dt1,2,0,02,train,300,15.0,15,0.4735033988743513,126,317,59,105,0.4110237915814404,1.7796610169491525,2.135593220338983
casada,rnn_dtk,2,0,02,train,300,15.0,15,0.4669932012574018,121,315,59,107,0.412853913230703,1.8135593220338984,2.0508474576271185
casada,static,2,0,04,train,525,15.0,15,0.73602573953131,117,390,83,114,0.7427645970048797,1.3734939759036144,1.4096385542168677
casada,const_vel,2,0,04,train,525,15.0,15,0.7038614218693613,135,352,83,136,0.7393572269897358,1.6385542168674698,1.6265060240963856
casada,rnn_dt1,2,0,04,train,525,15.0,15,0.7672382779709798,73,390,83,100,0.7468450277637557,1.2048192771084338,0.8795180722891566
casada,rnn_dtk,2,0,04,train,525,15.0,15,0.7560671462829737,74,397,83,99,0.7467608951707891,1.1927710843373494,0.891566265060241
casada,static,2,0,05,train,419,7.0,15,0.5551260813546843,133,115,133,110,0.4963945774444764,0.8270676691729323,1.0
casada,const_vel,2,0,05,train,419,7.0,15,0.6105536975102193,70,104,133,126,0.5033169887510816,0.9473684210526316,0.5263157894736842
casada,rnn_dt1,2,0,05,train,419,7.0,15,0.606184039992594,79,102,133,116,0.5050475915777329,0.8721804511278195,0.5939849624060151
casada,rnn_dtk,2,0,05,train,419,7.0,15,0.6159246259006096,65,98,133,106,0.5142774733198732,0.7969924812030075,0.4887218045112781
casada,static,2,0,10,train,327,15.0,15,0.4170877354157097,398,288,57,192,0.5709833255415303,3.3684210526315788,6.982456140350878
casada,const_vel,2,0,10,train,327,15.0,15,0.4634437207595633,248,244,57,193,0.6027738818762662,3.3859649122807016,4.350877192982456
casada,rnn_dt1,2,0,10,train,327,15.0,15,0.4989946993237068,304,257,57,182,0.5957612591553685,3.192982456140351,5.333333333333333
casada,rnn_dtk,2,0,10,train,327,15.0,15,0.4657409099214324,287,253,57,179,0.5984104721832633,3.1403508771929824,5.035087719298246
casada,static,2,0,11,train,450,15.0,15,0.5942658557775847,94,118,73,116,0.6499364675984752,1.5890410958904109,1.2876712328767124
casada,const_vel,2,0,11,train,450,15.0,15,0.6223159985106119,90,114,73,116,0.6490893689114782,1.5890410958904109,1.2328767123287672
casada,rnn_dt1,2,0,11,train,450,15.0,15,0.5819804188870987,89,114,73,109,0.6514188903007201,1.4931506849315068,1.2191780821917808
casada,rnn_dtk,2,0,11,train,450,15.0,15,0.6295928500496525,90,116,73,113,0.6484540448962304,1.547945205479452,1.2328767123287672
casada,static,2,0,09,val,263,15.0,15,0.5207756232686981,55,70,26,40,0.5936210131332083,1.5384615384615383,2.1153846153846154
casada,const_vel,2,0,09,val,263,15.0,15,0.5436848203939745,38,69,26,48,0.5958724202626642,1.8461538461538465,1.4615384615384617
casada,rnn_dt1,2,0,09,val,263,15.0,15,0.6211180124223602,20,69,26,31,0.6138836772983114,1.1923076923076923,0.7692307692307693
casada,rnn_dtk,2,0,09,val,263,15.0,15,0.6213235294117647,30,70,26,31,0.6105065666041276,1.1923076923076923,1.1538461538461535
casada,static,2,0,13,val,375,12.5,15,0.3709921884108663,350,201,110,218,0.3258369098712446,1.981818181818182,3.1818181818181817
casada,const_vel,2,0,13,val,375,12.5,15,0.5104392470051341,117,125,110,165,0.407038626609442,1.5,1.0636363636363635
casada,rnn_dt1,2,0,13,val,375,12.5,15,0.4741606508536725,164,141,110,160,0.3872961373390557,1.4545454545454546,1.490909090909091
casada,rnn_dtk,2,0,13,val,375,12.5,15,0.4735937679001031,175,140,110,167,0.3843776824034335,1.518181818181818,1.5909090909090908
casada,static,2,1,02,train,300,15.0,15,0.4234313295304958,150,312,62,116,0.4083082221265605,1.870967741935484,2.419354838709677
casada,const_vel,2,1,02,train,300,15.0,15,0.4034220812744302,163,285,62,149,0.3999139044339216,2.403225806451613,2.629032258064516
casada,rnn_dt1,2,1,02,train,300,15.0,15,0.4539877300613497,131,315,62,108,0.4157339647008179,1.7419354838709675,2.1129032258064515
casada,rnn_dtk,2,1,02,train,300,15.0,15,0.4656293374242092,137,319,62,105,0.4143349117520447,1.6935483870967742,2.2096774193548385
casada,static,2,1,04,train,525,15.0,15,0.7142617087164223,139,411,83,117,0.7415177632961951,1.4096385542168677,1.6746987951807228
casada,const_vel,2,1,04,train,525,15.0,15,0.6828728750390728,145,391,83,141,0.7385747319739331,1.6987951807228916,1.7469879518072289
casada,rnn_dt1,2,1,04,train,525,15.0,15,0.7720274353686029,113,417,83,100,0.7439142316586084,1.2048192771084338,1.3614457831325302
casada,rnn_dtk,2,1,04,train,525,15.0,15,0.767271768063116,90,419,83,102,0.7448391843598907,1.2289156626506024,1.0843373493975903
casada,static,2,1,05,train,418,7.0,15,0.556678302406761,133,125,132,107,0.5055072463768115,0.8106060606060606,1.0075757575757576
casada,const_vel,2,1,05,train,418,7.0,15,0.5675023212627669,88,101,132,134,0.509855072463768,1.0151515151515151,0.6666666666666666
casada,rnn_dt1,2,1,05,train,418,7.0,15,0.6141645149391368,95,116,132,116,0.5156521739130435,0.8787878787878788,0.7196969696969697
casada,rnn_dtk,2,1,05,train,418,7.0,15,0.6212875853163623,85,114,132,114,0.518840579710145,0.8636363636363636,0.6439393939393939
casada,static,2,1,10,train,327,15.0,15,0.4024670901224339,415,289,57,210,0.5571473061351604,3.684210526315789,7.280701754385965
casada,const_vel,2,1,10,train,327,15.0,15,0.4516306844281121,250,247,57,196,0.5937402678293366,3.43859649122807,4.385964912280702
casada,rnn_dt1,2,1,10,train,327,15.0,15,0.4456252863032524,293,244,57,180,0.5876673933354095,3.1578947368421053,5.140350877192983
casada,rnn_dtk,2,1,10,train,327,15.0,15,0.4336907707817798,319,256,57,183,0.582995951417004,3.210526315789474,5.596491228070176
casada,static,2,1,11,train,450,15.0,15,0.6081652974856858,87,112,75,110,0.6484938481120068,1.4666666666666666,1.16
casada,const_vel,2,1,11,train,450,15.0,15,0.6378364905284147,81,101,75,119,0.6459482392872296,1.586666666666667,1.08
casada,rnn_dt1,2,1,11,train,450,15.0,15,0.654214917195866,80,104,75,109,0.6493423843869326,1.4533333333333334,1.0666666666666669
casada,rnn_dtk,2,1,11,train,450,15.0,15,0.6504914769192485,90,108,75,108,0.648069579974544,1.44,1.2
casada,static,2,1,09,val,262,15.0,15,0.5032497678737233,55,71,26,36,0.5890977443609022,1.3846153846153846,2.1153846153846154
casada,const_vel,2,1,09,val,262,15.0,15,0.5356725146198831,43,66,26,46,0.5834586466165413,1.7692307692307692,1.6538461538461535
casada,rnn_dt1,2,1,09,val,262,15.0,15,0.6041666666666666,36,72,26,29,0.6015037593984962,1.1153846153846154,1.3846153846153846
casada,rnn_dtk,2,1,09,val,262,15.0,15,0.571494785631518,38,70,26,32,0.5988721804511279,1.2307692307692308,1.4615384615384617
casada,static,2,1,13,val,375,12.5,15,0.3668736089961344,359,181,110,219,0.3175176207667182,1.990909090909091,3.263636363636364
casada,const_vel,2,1,13,val,375,12.5,15,0.5568529645164947,72,112,110,134,0.421179302045728,1.2181818181818185,0.6545454545454545
casada,rnn_dt1,2,1,13,val,375,12.5,15,0.5204764605785592,113,131,110,140,0.4086298779439573,1.2727272727272727,1.0272727272727271
casada,rnn_dtk,2,1,13,val,375,12.5,15,0.5245081314682134,118,132,110,146,0.4043321299638989,1.3272727272727274,1.0727272727272728
casada,static,5,0,02,train,120,6.0,6,0.4102660879411209,90,139,59,99,0.3694541543425652,1.6779661016949152,1.5254237288135593
casada,const_vel,5,0,02,train,120,6.0,6,0.4284908851719601,94,142,59,94,0.375369723043829,1.5932203389830508,1.5932203389830508
casada,rnn_dt1,5,0,02,train,120,6.0,6,0.4675665541807274,72,139,59,88,0.3826297391771982,1.4915254237288136,1.2203389830508475
casada,rnn_dtk,5,0,02,train,120,6.0,6,0.4456562617525385,86,144,59,94,0.3756386125302501,1.5932203389830508,1.4576271186440677
casada,static,5,0,04,train,210,6.0,6,0.7236211394939628,74,172,83,115,0.7215442878182201,1.3855421686746987,0.891566265060241
casada,const_vel,5,0,04,train,210,6.0,6,0.7279558814617296,83,173,83,109,0.7229118451504313,1.313253012048193,1.0
casada,rnn_dt1,5,0,04,train,210,6.0,6,0.7582697201017812,58,159,83,102,0.7256469598148538,1.2289156626506024,0.6987951807228916
casada,rnn_dtk,5,0,04,train,210,6.0,6,0.7298428684098769,80,168,83,112,0.7209131075110456,1.3493975903614457,0.963855421686747
casada,static,5,0,05,train,168,2.8,6,0.4716981132075472,62,50,129,55,0.3940708604483007,0.4263565891472868,0.4806201550387597
casada,const_vel,5,0,05,train,168,2.8,6,0.4699898270600203,58,48,129,76,0.3622559652928416,0.5891472868217055,0.4496124031007752
casada,rnn_dt1,5,0,05,train,168,2.8,6,0.4802005012531328,66,52,129,66,0.3803326102675344,0.5116279069767442,0.5116279069767442
casada,rnn_dtk,5,0,05,train,168,2.8,6,0.4513540621865596,62,50,129,57,0.3853940708604483,0.4418604651162791,0.4806201550387597
casada,static,5,0,10,train,131,6.0,6,0.2691332995438418,321,215,57,164,0.3555036950602878,2.8771929824561404,5.631578947368421
casada,const_vel,5,0,10,train,131,6.0,6,0.3029835390946502,253,199,57,186,0.3648385842084791,3.263157894736842,4.43859649122807
casada,rnn_dt1,5,0,10,train,131,6.0,6,0.2786551197147223,315,216,57,173,0.3578374173473356,3.0350877192982457,5.526315789473684
casada,rnn_dtk,5,0,10,train,131,6.0,6,0.2730759396573766,308,224,57,171,0.3508362504861921,3.0,5.4035087719298245
casada,static,5,0,11,train,180,6.0,6,0.5570625206748263,72,63,72,96,0.5376857749469215,1.3333333333333333,1.0
casada,const_vel,5,0,11,train,180,6.0,6,0.586763253210405,55,59,72,89,0.5552016985138004,1.2361111111111112,0.7638888888888888
casada,rnn_dt1,5,0,11,train,180,6.0,6,0.535108153078203,79,71,72,102,0.5276008492569002,1.4166666666666667,1.0972222222222223
casada,rnn_dtk,5,0,11,train,180,6.0,6,0.5325365205843293,82,67,72,99,0.5286624203821656,1.375,1.1388888888888888
casada,static,5,0,09,val,105,6.0,6,0.4196642685851319,61,41,26,35,0.5018832391713748,1.3461538461538465,2.3461538461538463
casada,const_vel,5,0,09,val,105,6.0,6,0.5626506024096386,22,38,26,37,0.5329566854990584,1.4230769230769231,0.8461538461538461
casada,rnn_dt1,5,0,09,val,105,6.0,6,0.546865671641791,32,46,26,33,0.53954802259887,1.2692307692307692,1.2307692307692308
casada,rnn_dtk,5,0,09,val,105,6.0,6,0.4751645721125074,58,48,26,35,0.5094161958568738,1.3461538461538465,2.230769230769231
casada,static,5,0,13,val,150,5.0,6,0.2175559380378657,129,71,110,101,0.139186295503212,0.9181818181818182,1.1727272727272726
casada,const_vel,5,0,13,val,150,5.0,6,0.3435542367293109,53,45,110,87,0.2179871520342612,0.7909090909090909,0.4818181818181818
casada,rnn_dt1,5,0,13,val,150,5.0,6,0.2957276368491321,92,61,110,91,0.1845824411134903,0.8272727272727273,0.8363636363636363
casada,rnn_dtk,5,0,13,val,150,5.0,6,0.2722371967654987,109,64,110,97,0.1635974304068522,0.8818181818181818,0.990909090909091
casada,static,5,1,02,train,120,6.0,6,0.3938426881922283,100,138,59,92,0.3669897684437264,1.5593220338983051,1.694915254237288
casada,const_vel,5,1,02,train,120,6.0,6,0.4060434372049103,98,138,59,108,0.3664512654819601,1.8305084745762712,1.6610169491525424
casada,rnn_dt1,5,1,02,train,120,6.0,6,0.433464345873105,77,132,59,85,0.3796445880452342,1.4406779661016949,1.305084745762712
casada,rnn_dtk,5,1,02,train,120,6.0,6,0.4265064764407734,83,142,59,95,0.3747980613893377,1.6101694915254237,1.4067796610169492
casada,static,5,1,04,train,210,6.0,6,0.7241630276564774,82,175,83,117,0.722549432057215,1.4096385542168677,0.9879518072289156
casada,const_vel,5,1,04,train,210,6.0,6,0.7145367508937769,80,178,83,111,0.7245477492637779,1.3373493975903614,0.963855421686747
casada,rnn_dt1,5,1,04,train,210,6.0,6,0.7603385731559855,54,174,83,93,0.7313840976020194,1.120481927710843,0.6506024096385542
casada,rnn_dtk,5,1,04,train,210,6.0,6,0.7365933466642428,70,171,83,108,0.7255994951619689,1.3012048192771084,0.8433734939759037
casada,static,5,1,05,train,168,2.8,6,0.4589515331355094,78,50,129,58,0.3869565217391304,0.4496124031007752,0.6046511627906976
casada,const_vel,5,1,05,train,168,2.8,6,0.4637239979705733,51,41,129,69,0.372463768115942,0.5348837209302325,0.3953488372093023
casada,rnn_dt1,5,1,05,train,168,2.8,6,0.4887780548628428,67,44,129,62,0.3840579710144928,0.4806201550387597,0.5193798449612403
casada,rnn_dtk,5,1,05,train,168,2.8,6,0.4609258337481334,82,54,129,66,0.3731884057971014,0.5116279069767442,0.6356589147286822
casada,static,5,1,10,train,131,6.0,6,0.2787633046122655,309,183,57,168,0.3815276695245518,2.9473684210526314,5.421052631578948
casada,const_vel,5,1,10,train,131,6.0,6,0.3237704918032787,257,189,57,186,0.3869836321122369,3.263157894736842,4.508771929824562
casada,rnn_dt1,5,1,10,train,131,6.0,6,0.271203656678517,311,193,57,181,0.3807482462977396,3.175438596491228,5.456140350877193
casada,rnn_dtk,5,1,10,train,131,6.0,6,0.2789028454242502,325,198,57,185,0.3593141075604052,3.245614035087719,5.701754385964913
casada,static,5,1,11,train,180,6.0,6,0.5532476096274316,78,71,73,96,0.534181240063593,1.3150684931506849,1.0684931506849316
casada,const_vel,5,1,11,train,180,6.0,6,0.5600526488976637,75,65,73,95,0.5378908320084791,1.3013698630136987,1.0273972602739727
casada,rnn_dt1,5,1,11,train,180,6.0,6,0.4961857379767827,94,79,73,107,0.5172231054583996,1.4657534246575343,1.2876712328767124
casada,rnn_dtk,5,1,11,train,180,6.0,6,0.5405763497846969,93,76,73,101,0.5209326974032856,1.3835616438356164,1.273972602739726
casada,static,5,1,09,val,105,6.0,6,0.4742145820983995,60,50,26,31,0.5135895032802249,1.1923076923076923,2.3076923076923075
casada,const_vel,5,1,09,val,105,6.0,6,0.5541591861160982,25,41,26,34,0.53514526710403,1.3076923076923077,0.9615384615384616
casada,rnn_dt1,5,1,09,val,105,6.0,6,0.599290780141844,29,45,26,28,0.5510777881911902,1.0769230769230769,1.1153846153846154
casada,rnn_dtk,5,1,09,val,105,6.0,6,0.4937685459940653,51,46,26,35,0.5201499531396439,1.3461538461538465,1.9615384615384608
casada,static,5,1,13,val,150,5.0,6,0.2173465889612615,131,78,110,108,0.1374732334047109,0.9818181818181818,1.190909090909091
casada,const_vel,5,1,13,val,150,5.0,6,0.3465703971119133,68,47,110,94,0.2149892933618843,0.8545454545454545,0.6181818181818182
casada,rnn_dt1,5,1,13,val,150,5.0,6,0.289738430583501,85,56,110,96,0.1790149892933619,0.8727272727272727,0.7727272727272727
casada,rnn_dtk,5,1,13,val,150,5.0,6,0.2681110358835477,94,61,110,101,0.1614561027837259,0.9181818181818182,0.8545454545454545
casada,static,5,2,02,train,120,6.0,6,0.4015037593984962,103,140,59,95,0.3693135935397039,1.6101694915254237,1.7457627118644068
casada,const_vel,5,2,02,train,120,6.0,6,0.4511278195488721,73,138,59,94,0.3822341857335127,1.5932203389830508,1.2372881355932204
casada,rnn_dt1,5,2,02,train,120,6.0,6,0.4500655799138092,82,139,59,86,0.3838492597577388,1.4576271186440677,1.3898305084745763
casada,rnn_dtk,5,2,02,train,120,6.0,6,0.4233301975540922,78,132,59,91,0.3784656796769852,1.5423728813559323,1.3220338983050848
casada,static,5,2,04,train,210,6.0,6,0.714415560807126,73,185,83,112,0.7245005257623554,1.3493975903614457,0.8795180722891566
casada,const_vel,5,2,04,train,210,6.0,6,0.72377029319118,81,183,83,110,0.7241850683491062,1.3253012048192772,0.9759036144578314
casada,rnn_dt1,5,2,04,train,210,6.0,6,0.7436316330852545,54,183,83,97,0.7290220820189275,1.1686746987951808,0.6506024096385542
casada,rnn_dtk,5,2,04,train,210,6.0,6,0.7550872093023255,61,188,83,106,0.7264984227129337,1.2771084337349397,0.7349397590361446
casada,static,5,2,05,train,167,2.8,6,0.4485699949824385,56,42,130,52,0.3846710050614605,0.4,0.4307692307692308
casada,const_vel,5,2,05,train,167,2.8,6,0.4652351738241309,49,40,130,64,0.3644251626898047,0.4923076923076923,0.3769230769230769
casada,rnn_dt1,5,2,05,train,167,2.8,6,0.4397377710539586,61,41,130,58,0.3752711496746204,0.4461538461538462,0.4692307692307692
casada,rnn_dtk,5,2,05,train,167,2.8,6,0.4546370967741935,61,39,130,56,0.3759942154736081,0.4307692307692308,0.4692307692307692
casada,static,5,2,10,train,131,6.0,6,0.3089430894308943,306,201,57,169,0.3678474114441417,2.9649122807017543,5.368421052631579
casada,const_vel,5,2,10,train,131,6.0,6,0.3258917115730049,251,193,57,171,0.3841961852861035,3.0,4.4035087719298245
casada,rnn_dt1,5,2,10,train,131,6.0,6,0.2905284656624968,296,201,57,173,0.3682366679641884,3.0350877192982457,5.192982456140351
casada,rnn_dtk,5,2,10,train,131,6.0,6,0.3046153846153846,293,193,57,179,0.3651226158038146,3.1403508771929824,5.140350877192983
casada,static,5,2,11,train,180,6.0,6,0.5517468688200395,64,65,73,88,0.5417989417989417,1.2054794520547945,0.8767123287671232
casada,const_vel,5,2,11,train,180,6.0,6,0.5602111514351699,64,63,73,95,0.5402116402116401,1.3013698630136987,0.8767123287671232
casada,rnn_dt1,5,2,11,train,180,6.0,6,0.5308970099667774,81,74,73,100,0.5201058201058202,1.36986301369863,1.1095890410958904
casada,rnn_dtk,5,2,11,train,180,6.0,6,0.5370860927152318,76,76,73,92,0.5291005291005291,1.2602739726027397,1.0410958904109588
casada,static,5,2,09,val,105,6.0,6,0.4751049790041992,57,42,26,37,0.5004694835680752,1.4230769230769231,2.1923076923076925
casada,const_vel,5,2,09,val,105,6.0,6,0.5527099463966647,25,41,26,32,0.5436619718309859,1.2307692307692308,0.9615384615384616
casada,rnn_dt1,5,2,09,val,105,6.0,6,0.575326215895611,26,43,26,31,0.5455399061032864,1.1923076923076923,1.0
casada,rnn_dtk,5,2,09,val,105,6.0,6,0.5135623869801085,45,38,26,40,0.504225352112676,1.5384615384615383,1.7307692307692308
casada,static,5,2,13,val,150,5.0,6,0.2238292011019284,139,77,109,105,0.1375161151697465,0.963302752293578,1.275229357798165
casada,const_vel,5,2,13,val,150,5.0,6,0.3676567656765676,56,43,109,85,0.2230339492909325,0.7798165137614679,0.5137614678899083
casada,rnn_dt1,5,2,13,val,150,5.0,6,0.342200328407225,102,59,109,92,0.2088525999140524,0.8440366972477065,0.9357798165137616
casada,rnn_dtk,5,2,13,val,150,5.0,6,0.290736984448952,114,61,109,98,0.1688869789428448,0.8990825688073395,1.0458715596330277
casada,static,5,3,02,train,120,6.0,6,0.4256042296072507,95,137,59,89,0.3705597416576964,1.5084745762711864,1.6101694915254237
casada,const_vel,5,3,02,train,120,6.0,6,0.3917486752460257,86,131,59,90,0.3697524219590958,1.5254237288135593,1.4576271186440677
casada,rnn_dt1,5,3,02,train,120,6.0,6,0.4700149925037481,68,142,59,81,0.3869752421959096,1.3728813559322033,1.152542372881356
casada,rnn_dtk,5,3,02,train,120,6.0,6,0.4385369532428356,77,137,59,87,0.3764800861141012,1.4745762711864407,1.305084745762712
casada,static,5,3,04,train,210,6.0,6,0.7073008179339594,84,169,83,119,0.7226837732674308,1.4337349397590362,1.0120481927710845
casada,const_vel,5,3,04,train,210,6.0,6,0.7309251527802989,75,170,83,109,0.7265748238510885,1.313253012048193,0.9036144578313252
casada,rnn_dt1,5,3,04,train,210,6.0,6,0.755953100447238,65,168,83,100,0.7292039120832895,1.2048192771084338,0.7831325301204819
casada,rnn_dtk,5,3,04,train,210,6.0,6,0.7352941176470589,66,169,83,109,0.7267851509096646,1.313253012048193,0.7951807228915663
casada,static,5,3,05,train,167,2.8,6,0.4601682335477486,79,46,131,58,0.3838383838383838,0.4427480916030534,0.6030534351145038
casada,const_vel,5,3,05,train,167,2.8,6,0.4641950228542407,55,40,131,75,0.3650793650793651,0.5725190839694656,0.4198473282442748
casada,rnn_dt1,5,3,05,train,167,2.8,6,0.4611553784860557,68,48,131,63,0.3838383838383838,0.4809160305343511,0.5190839694656488
casada,rnn_dtk,5,3,05,train,167,2.8,6,0.4527928818586258,71,46,131,55,0.3852813852813853,0.4198473282442748,0.5419847328244275
casada,static,5,3,10,train,131,6.0,6,0.307770184763351,314,193,57,161,0.3632827693504473,2.824561403508772,5.508771929824562
casada,const_vel,5,3,10,train,131,6.0,6,0.3050064184852374,262,195,57,183,0.3765071956437184,3.210526315789474,4.596491228070176
casada,rnn_dt1,5,3,10,train,131,6.0,6,0.2902080162354135,296,193,57,167,0.3722287047841307,2.929824561403509,5.192982456140351
casada,rnn_dtk,5,3,10,train,131,6.0,6,0.2847732455029136,325,199,57,171,0.3582263710618436,3.0,5.701754385964913
casada,static,5,3,11,train,180,6.0,6,0.5535831689677844,76,69,73,94,0.5489677077818952,1.2876712328767124,1.0410958904109588
casada,const_vel,5,3,11,train,180,6.0,6,0.5597359735973597,70,67,73,97,0.5436739015352038,1.3287671232876712,0.958904109589041
casada,rnn_dt1,5,3,11,train,180,6.0,6,0.5494869248593182,74,69,73,102,0.5378507146638434,1.3972602739726028,1.0136986301369864
casada,rnn_dtk,5,3,11,train,180,6.0,6,0.5584329349269588,80,69,73,103,0.5309687665431445,1.4109589041095891,1.095890410958904
casada,static,5,3,09,val,105,6.0,6,0.4724220623501199,55,44,26,34,0.5089201877934273,1.3076923076923077,2.1153846153846154
casada,const_vel,5,3,09,val,105,6.0,6,0.5552884615384616,26,44,26,36,0.532394366197183,1.3846153846153846,1.0
casada,rnn_dt1,5,3,09,val,105,6.0,6,0.5585264408793821,30,46,26,28,0.5464788732394366,1.0769230769230769,1.1538461538461535
casada,rnn_dtk,5,3,09,val,105,6.0,6,0.5170965806838632,40,46,26,33,0.5220657276995305,1.2692307692307692,1.5384615384615383
casada,static,5,3,13,val,150,5.0,6,0.227619708535739,119,67,108,106,0.1387333046100818,0.9814814814814816,1.101851851851852
casada,const_vel,5,3,13,val,150,5.0,6,0.3540414161656646,46,37,108,86,0.2210254200775527,0.7962962962962963,0.4259259259259259
casada,rnn_dt1,5,3,13,val,150,5.0,6,0.3089321692411014,95,57,108,98,0.1844032744506678,0.9074074074074074,0.8796296296296297
casada,rnn_dtk,5,3,13,val,150,5.0,6,0.281025641025641,100,57,108,101,0.1671693235674278,0.9351851851851852,0.925925925925926
casada,static,5,4,02,train,120,6.0,6,0.4133258046301524,76,139,61,83,0.3788001076136669,1.360655737704918,1.2459016393442623
casada,const_vel,5,4,02,train,120,6.0,6,0.425193871760923,87,133,61,92,0.3758407317729352,1.5081967213114753,1.4262295081967211
casada,rnn_dt1,5,4,02,train,120,6.0,6,0.4641049671977507,67,138,61,77,0.3887543718052192,1.2622950819672132,1.098360655737705
casada,rnn_dtk,5,4,02,train,120,6.0,6,0.4535036633477362,68,141,61,83,0.3847188592951305,1.360655737704918,1.1147540983606556
casada,static,5,4,04,train,210,6.0,6,0.7399927439835531,83,184,83,112,0.7243805123897522,1.3493975903614457,1.0
casada,const_vel,5,4,04,train,210,6.0,6,0.7105279071173731,80,174,83,111,0.7239605207895843,1.3373493975903614,0.963855421686747
casada,rnn_dt1,5,4,04,train,210,6.0,6,0.7684788511434261,62,182,83,99,0.7285804283914321,1.1927710843373494,0.7469879518072289
casada,rnn_dtk,5,4,04,train,210,6.0,6,0.7403375068045727,74,179,83,113,0.7231205375892482,1.3614457831325302,0.891566265060241
casada,static,5,4,05,train,167,2.8,6,0.480912245909767,55,49,129,48,0.4021660649819495,0.3720930232558139,0.4263565891472868
casada,const_vel,5,4,05,train,167,2.8,6,0.4872318692543411,40,38,129,71,0.3747292418772563,0.5503875968992248,0.3100775193798449
casada,rnn_dt1,5,4,05,train,167,2.8,6,0.4421261798310978,70,49,129,54,0.3898916967509025,0.4186046511627907,0.5426356589147286
casada,rnn_dtk,5,4,05,train,167,2.8,6,0.4731610337972167,70,53,129,58,0.387725631768953,0.4496124031007752,0.5426356589147286
casada,static,5,4,10,train,130,6.0,6,0.2866565195332318,318,201,57,164,0.3622170179547228,2.8771929824561404,5.578947368421052
casada,const_vel,5,4,10,train,130,6.0,6,0.3247687564234326,260,193,57,185,0.3629976580796252,3.245614035087719,4.56140350877193
casada,rnn_dt1,5,4,10,train,130,6.0,6,0.2898477157360406,296,207,57,169,0.3669008587041373,2.9649122807017543,5.192982456140351
casada,rnn_dtk,5,4,10,train,130,6.0,6,0.2747975708502024,310,202,57,163,0.3645589383294301,2.8596491228070176,5.43859649122807
casada,static,5,4,11,train,180,6.0,6,0.559153998678123,82,70,75,93,0.5429480381760339,1.24,1.0933333333333333
casada,const_vel,5,4,11,train,180,6.0,6,0.5859117840684661,72,67,75,94,0.5546129374337221,1.2533333333333334,0.96
casada,rnn_dt1,5,4,11,train,180,6.0,6,0.5465425531914894,92,78,75,101,0.5302226935312832,1.346666666666667,1.2266666666666666
casada,rnn_dtk,5,4,11,train,180,6.0,6,0.5675316034597472,78,75,75,97,0.5365853658536586,1.2933333333333332,1.04
casada,static,5,4,09,val,105,6.0,6,0.4439112177564487,63,47,26,37,0.49906191369606,1.4230769230769231,2.423076923076923
casada,const_vel,5,4,09,val,105,6.0,6,0.5412186379928315,28,48,26,33,0.5403377110694184,1.2692307692307692,1.0769230769230769
casada,rnn_dt1,5,4,09,val,105,6.0,6,0.5568114217727543,36,52,26,31,0.5393996247654784,1.1923076923076923,1.3846153846153846
casada,rnn_dtk,5,4,09,val,105,6.0,6,0.4767652383826192,51,51,26,37,0.5028142589118199,1.4230769230769231,1.9615384615384608
casada,static,5,4,13,val,150,5.0,6,0.2452765372724149,108,56,108,101,0.1450086058519794,0.9351851851851852,1.0
casada,const_vel,5,4,13,val,150,5.0,6,0.3731147540983606,53,33,108,85,0.2302065404475043,0.7870370370370371,0.4907407407407407
casada,rnn_dt1,5,4,13,val,150,5.0,6,0.3298900366544485,71,45,108,89,0.1987951807228916,0.8240740740740741,0.6574074074074074
casada,rnn_dtk,5,4,13,val,150,5.0,6,0.2886247877758913,80,41,108,90,0.1682444061962134,0.8333333333333334,0.7407407407407407
