stride,n,slope,corr,mean_abs_true,mean_abs_pred,wrong_sign,split,method
1,1500,0.9386502689868076,0.9474816710343964,0.12672988260815002,0.12839012869704916,0.03966597077244259,val,const_vel
2,1500,0.9343742580131914,0.9764691355316133,0.24103334307080593,0.23186575653494848,0.023500810372771474,val,const_vel
5,1500,0.8611680845117998,0.9682024755726772,0.5670982019732607,0.5113758609430663,0.03287070854638422,val,const_vel
1,1500,0.8092052486040373,0.9399265897248112,0.12672988260815002,0.11352299071564752,0.06784968684759916,val,rnn_dt1
2,1500,0.7163045752827497,0.9573694035232547,0.24103334307080593,0.1921789518147552,0.04862236628849271,val,rnn_dt1
5,1500,0.4669772904652711,0.9068476162363901,0.5670982019732607,0.33652648036751215,0.04821037253469686,val,rnn_dt1
1,1500,0.8092052486040373,0.9399265897248112,0.12672988260815002,0.11352299071564752,0.06784968684759916,val,rnn_dtk
2,1500,0.6848679419070668,0.9579596893017551,0.24103334307080593,0.17776914587198986,0.07212317666126418,val,rnn_dtk
5,1500,0.42099711804673895,0.9225651330269201,0.5670982019732607,0.2709512601164261,0.07888970051132213,val,rnn_dtk
1,1500,0.8604736789479756,0.8064021631847893,0.03216678410091718,0.046730991116668216,0.05904059040590406,treino,const_vel
2,1500,0.8079079635594684,0.809658390807218,0.05764363772865096,0.06778354969925075,0.07777777777777778,treino,const_vel
5,1500,0.5541306185207329,0.6828174059604312,0.11300504698619723,0.1060138342935924,0.1392757660167131,treino,const_vel
1,1500,0.6594862309878711,0.6487889747549631,0.03216678410091718,0.04924467567974307,0.1881918819188192,treino,rnn_dt1
2,1500,0.6053414444432688,0.7239396298571319,0.05764363772865096,0.06328953104537982,0.22666666666666666,treino,rnn_dt1
5,1500,0.33607840142614104,0.5493651788920157,0.11300504698619723,0.09168457988970698,0.2618384401114206,treino,rnn_dt1
1,1500,0.6594862309878711,0.6487889747549631,0.03216678410091718,0.04924467567974307,0.1881918819188192,treino,rnn_dtk
2,1500,0.5528477007047414,0.6964324600545287,0.05764363772865096,0.0602950081639353,0.2777777777777778,treino,rnn_dtk
5,1500,0.23776635200584273,0.5016878081571189,0.11300504698619723,0.0662382566304266,0.3997214484679666,treino,rnn_dtk
