condition,method,mAP_mean,AP50_mean,precision_mean,recall_mean,det_F1_mean,IDF1_mean,ID_switches_mean,ids_pred/gt_mean,IDsw/id_mean,mAP_std,AP50_std,precision_std,recall_std,det_F1_std,IDF1_std,ID_switches_std,ids_pred/gt_std,IDsw/id_std
original,const_vel,0.4218028549989044,0.6487837224159153,0.9428316762371148,0.6575059430147147,0.7717369462964173,0.5470998852373772,177.42857142857142,2.417676559613797,2.6052312321766373,0.0,0.0,0.0,0.0,0.0,0.0,0.0,0.0,0.0
original,rnn_dt1,0.4218028549989044,0.6487837224159153,0.9428316762371148,0.6575059430147147,0.7717369462964173,0.5947543939259969,163.85714285714286,1.7203851451399588,2.420109487104452,0.0,0.0,0.0,0.0,0.0,0.0,0.0,0.0,0.0
original,static,0.4218028549989044,0.6487837224159153,0.9428316762371148,0.6575059430147147,0.7717369462964173,0.5425923681006839,239.7142857142857,1.8855190988393211,3.3469801428725945,0.0,0.0,0.0,0.0,0.0,0.0,0.0,0.0,0.0
leve,const_vel,0.3402983513020694,0.5824682903944547,0.8932484542910096,0.5914359181714812,0.7089366269262065,0.4625907069233797,204.33333333333334,2.630192205815407,3.0058036985646726,0.00021268126865186266,0.0008030364694874269,0.0007459529692039404,0.0006578773859407649,0.00028907815739351176,0.012805417770228209,2.914892560533898,0.03807013782497636,0.026332697502243825
leve,rnn_dt1,0.3402983513020694,0.5824682903944547,0.8932484542910096,0.5914359181714812,0.7089366269262065,0.5374789158716354,177.38095238095238,1.6946988085509866,2.5934052571132837,0.00021268126865186266,0.0008030364694874269,0.0007459529692039404,0.0006578773859407649,0.00028907815739351176,0.0028432295677881967,5.261204435188157,0.04127079015673149,0.05872054667964313
leve,static,0.3402983513020694,0.5824682903944547,0.8932484542910096,0.5914359181714812,0.7089366269262065,0.4824659253375208,272.42857142857144,1.8853705177584443,3.777646096333974,0.00021268126865186266,0.0008030364694874269,0.0007459529692039404,0.0006578773859407649,0.00028907815739351176,0.0015545062102215574,2.5833059028607286,0.00938540150817931,0.02093135148690121
média,const_vel,0.21836181183142833,0.47750023789188184,0.7821415060820293,0.48851844609624745,0.5984560656807532,0.23284198686164428,418.2857142857143,4.779254950896667,6.005189985704526,0.00017531946569973955,0.0001659666564479355,0.001957239903701947,0.0009858887580963787,0.0008225203682367017,0.002738881246243445,16.30512627541239,0.09430156303396584,0.2590825240871915
média,rnn_dt1,0.21836181183142833,0.47750023789188184,0.7821415060820293,0.48851844609624745,0.5984560656807532,0.4208444373622815,240.19047619047618,1.7422129928089738,3.513095443853606,0.00017531946569973955,0.0001659666564479355,0.001957239903701947,0.0009858887580963787,0.0008225203682367017,0.004998148361092537,13.644415268790775,0.035722498460932235,0.20430481541824858
média,static,0.21836181183142833,0.47750023789188184,0.7821415060820293,0.48851844609624745,0.5984560656807532,0.3480080554684469,403.4285714285714,2.0175321346933432,5.600238432068513,0.00017531946569973955,0.0001659666564479355,0.001957239903701947,0.0009858887580963787,0.0008225203682367017,0.010766663277648162,12.010199746847828,0.018072582961526813,0.12635551515448565
forte,const_vel,0.10549294528740442,0.3296288503488152,0.5922536287627934,0.3634628975531782,0.4463429257016683,0.07431136644216141,759.1428571428572,9.085694136071654,10.658730234060341,0.00046850283004169183,0.001325774414196589,0.0013397703567104514,0.0006958322718456787,0.00046262423682903487,0.0013816151020086425,8.801669600428223,0.1432190266756659,0.13387820240998038
forte,rnn_dt1,0.10549294528740442,0.3296288503488152,0.5922536287627934,0.3634628975531782,0.4463429257016683,0.21580906030287353,455.4285714285714,2.382845766669979,6.517416283200642,0.00046850283004169183,0.001325774414196589,0.0013397703567104514,0.0006958322718456787,0.00046262423682903487,0.003876151100847781,7.188426071662371,0.03529660688453275,0.1739219994585142
forte,static,0.10549294528740442,0.3296288503488152,0.5922536287627934,0.3634628975531782,0.4463429257016683,0.19946818419213205,641.7142857142857,2.2328811121752277,8.872111785566311,0.00046850283004169183,0.001325774414196589,0.0013397703567104514,0.0006958322718456787,0.00046262423682903487,0.0040453729733825414,7.021831844254084,0.0695348612611444,0.03232455633396198
só descarte (40%),const_vel,0.25539673326469503,0.3923059461075455,0.9439620623697677,0.3951071187058291,0.5552445756428012,0.3118919179911764,187.33333333333334,2.4476935052877824,2.7846185166434485,0.0003915998550572389,0.0013186547785525083,0.0011407384884718186,0.0009342583725701043,0.0008055860360625874,0.004351241177648709,3.296049996318517,0.024964224207242983,0.05119652528652016
só descarte (40%),rnn_dt1,0.25539673326469503,0.3923059461075455,0.9439620623697677,0.3951071187058291,0.5552445756428012,0.3893424644873569,128.57142857142858,1.4767654420912517,1.9085535774788835,0.0003915998550572389,0.0013186547785525083,0.0011407384884718186,0.0009342583725701043,0.0008055860360625874,0.004089809028894895,9.558626833325777,0.04086213733411834,0.15642382431153104
só descarte (40%),static,0.25539673326469503,0.3923059461075455,0.9439620623697677,0.3951071187058291,0.5552445756428012,0.349029093146681,195.14285714285714,1.6348246088368061,2.7610077822132446,0.0003915998550572389,0.0013186547785525083,0.0011407384884718186,0.0009342583725701043,0.0008055860360625874,0.0015713975745637473,9.68798961896341,0.003060300238089224,0.14242692351591685
só ruído (10%),const_vel,0.1752254071099025,0.5474333595362865,0.8575138798711587,0.5979462851164864,0.7018657853009475,0.15554890444996464,1024.142857142857,10.804674725640801,14.452916128279604,0.0005023882576322836,0.0009466574076510137,0.0003099102972835356,0.00015623042062824023,0.00019927800425307296,0.003776699774017325,10.057995093761072,0.09634778186054846,0.20517378689378085
só ruído (10%),rnn_dt1,0.1752254071099025,0.5474333595362865,0.8575138798711587,0.5979462851164864,0.7018657853009475,0.3921110407084519,714.6666666666666,2.4694902695199006,10.210140668346677,0.0005023882576322836,0.0009466574076510137,0.0003099102972835356,0.00015623042062824023,0.00019927800425307296,0.009238560189934896,48.075266952113864,0.005534749039064117,0.557612571976889
só ruído (10%),static,0.1752254071099025,0.5474333595362865,0.8575138798711587,0.5979462851164864,0.7018657853009475,0.3170687868860934,1583.7619047619046,2.8716925584499493,21.390686075364442,0.0005023882576322836,0.0009466574076510137,0.0003099102972835356,0.00015623042062824023,0.00019927800425307296,0.005662064178950989,38.37099599089566,0.05981938948374609,0.4644422519412355
só falsos positivos (3/q),const_vel,0.4192046742660285,0.64482611180496,0.7369550337589414,0.6588428444718741,0.6913016040641325,0.5263094857429685,184.2857142857143,2.593509895742333,2.702293591879021,5.558653652393551e-05,3.952253580015498e-05,0.00100187359742231,0.00022186823916257203,0.00034423301273142545,0.005660977764568843,0.3779644730092299,0.014076534704996252,0.006301867800778052
só falsos positivos (3/q),rnn_dt1,0.4192046742660285,0.64482611180496,0.7369550337589414,0.6588428444718741,0.6913016040641325,0.5737098452883214,168.0952380952381,1.8087251916642142,2.4566740030069165,5.558653652393551e-05,3.952253580015498e-05,0.00100187359742231,0.00022186823916257203,0.00034423301273142545,0.008963245903682915,1.7162686943752556,0.014779218596554308,0.02098325387828044
só falsos positivos (3/q),static,0.4192046742660285,0.64482611180496,0.7369550337589414,0.6588428444718741,0.6913016040641325,0.5239306278205367,238.38095238095238,1.9505662678760405,3.321653095130531,5.558653652393551e-05,3.952253580015498e-05,0.00100187359742231,0.00022186823916257203,0.00034423301273142545,0.005241558582302563,3.8896338774594454,0.024794233622593777,0.05449343860648947
