condition,seed,video,split,method,drop,noise,fp,mAP,AP50,precision,recall,det_F1,IDF1,ID_switches,n_gt_ids,n_pred_ids,ids_pred/gt,IDsw/id,MOTA
original,0,02,train,static,0.0,0.0,0.0,0.28340042765953366,0.4791179185999087,0.9147872231860394,0.48242828695979767,0.6317124735729387,0.4325785982117104,231,62,128,2.064516129032258,3.725806451612903,0.4225822076314515
original,0,02,train,const_vel,0.0,0.0,0.0,0.28340042765953366,0.4791179185999087,0.9147872231860394,0.48242828695979767,0.6317124735729387,0.38957234915055655,290,62,238,3.838709677419355,4.67741935483871,0.40971960604919
original,0,02,train,rnn_dt1,0.0,0.0,0.0,0.28340042765953366,0.4791179185999087,0.9147872231860394,0.48242828695979767,0.6317124735729387,0.4538827944572748,253,62,131,2.1129032258064515,4.080645161290323,0.42193638663150534
original,0,04,train,static,0.0,0.0,0.0,0.5213565351395435,0.7622509675849529,0.9962334698815055,0.761948819311563,0.8634814726557846,0.7108904969798457,274,83,114,1.3734939759036144,3.3012048192771086,0.7475660786004164
original,0,04,train,const_vel,0.0,0.0,0.0,0.5213565351395435,0.7622509675849529,0.9962334698815055,0.761948819311563,0.8634814726557846,0.6514333693175003,231,83,188,2.2650602409638556,2.783132530120482,0.7439914208213302
original,0,04,train,rnn_dt1,0.0,0.0,0.0,0.5213565351395435,0.7622509675849529,0.9962334698815055,0.761948819311563,0.8634814726557846,0.7664821037777592,128,83,101,1.216867469879518,1.5421686746987953,0.7509304623924974
original,0,05,train,static,0.0,0.0,0.0,0.43745400128989004,0.6424346327527228,0.9491417673235855,0.6475350585513951,0.769852182880715,0.6030330062444246,150,133,137,1.0300751879699248,1.1278195488721805,0.5596356802081828
original,0,05,train,const_vel,0.0,0.0,0.0,0.43745400128989004,0.6424346327527228,0.9491417673235855,0.6475350585513951,0.769852182880715,0.6035768850543722,105,133,165,1.2406015037593985,0.7894736842105263,0.5581899667485904
original,0,05,train,rnn_dt1,0.0,0.0,0.0,0.43745400128989004,0.6424346327527228,0.9491417673235855,0.6475350585513951,0.769852182880715,0.6290207290922087,107,133,146,1.0977443609022557,0.8045112781954887,0.563539106549082
original,0,10,train,static,0.0,0.0,0.0,0.4221531268259806,0.7274856364248923,0.9274398591824761,0.7386868136147675,0.82237155863863,0.4410388916113512,459,57,194,3.4035087719298245,8.052631578947368,0.634395202118545
original,0,10,train,const_vel,0.0,0.0,0.0,0.4221531268259806,0.7274856364248923,0.9274398591824761,0.7386868136147675,0.82237155863863,0.4973142345568487,299,57,207,3.6315789473684212,5.245614035087719,0.6466235688137705
original,0,10,train,rnn_dt1,0.0,0.0,0.0,0.4221531268259806,0.7274856364248923,0.9274398591824761,0.7386868136147675,0.82237155863863,0.5124209776511441,324,57,173,3.0350877192982457,5.684210526315789,0.6488823117065192
original,0,11,train,static,0.0,0.0,0.0,0.5186936277598584,0.7396517675800547,0.952568632780647,0.7427935565917761,0.834702870072645,0.6342087624154531,99,75,115,1.5333333333333334,1.32,0.6846121237812632
original,0,11,train,const_vel,0.0,0.0,0.0,0.5186936277598584,0.7396517675800547,0.952568632780647,0.7427935565917761,0.834702870072645,0.6193769508537854,99,75,140,1.8666666666666667,1.32,0.6780415430267062
original,0,11,train,rnn_dt1,0.0,0.0,0.0,0.5186936277598584,0.7396517675800547,0.952568632780647,0.7427935565917761,0.834702870072645,0.6497164807023962,102,75,113,1.5066666666666666,1.36,0.6825985587113184
original,0,09,val,static,0.0,0.0,0.0,0.45662519984219896,0.6434946515761004,0.9885746929448729,0.6499530516431925,0.784273736687061,0.5274977085242897,57,26,36,1.3846153846153846,2.1923076923076925,0.6178403755868545
original,0,09,val,const_vel,0.0,0.0,0.0,0.45662519984219896,0.6434946515761004,0.9885746929448729,0.6499530516431925,0.784273736687061,0.5465022473205025,49,26,56,2.1538461538461537,1.8846153846153846,0.6123943661971831
original,0,09,val,rnn_dt1,0.0,0.0,0.0,0.45662519984219896,0.6434946515761004,0.9885746929448729,0.6499530516431925,0.784273736687061,0.615243553008596,46,26,35,1.3461538461538463,1.7692307692307692,0.6193427230046948
original,0,13,val,static,0.0,0.0,0.0,0.31293706647532615,0.5470504823927749,0.871076088360677,0.5791960144305103,0.6957643295671466,0.44889911271771277,408,110,265,2.409090909090909,3.709090909090909,0.4287923037278818
original,0,13,val,const_vel,0.0,0.0,0.0,0.31293706647532615,0.5470504823927749,0.871076088360677,0.5791960144305103,0.6957643295671466,0.5219231604080746,169,110,212,1.9272727272727272,1.5363636363636364,0.4709671877684247
original,0,13,val,rnn_dt1,0.0,0.0,0.0,0.31293706647532615,0.5470504823927749,0.871076088360677,0.5791960144305103,0.6957643295671466,0.5365141187925998,187,110,190,1.7272727272727273,1.7,0.4726851056519499
leve,0,02,train,static,0.1,0.03,0.5,0.2311661919062647,0.428707294851635,0.8830068236847898,0.4317851568806846,0.5799689160371562,0.39203778677462886,267,62,123,1.9838709677419355,4.306451612903226,0.3721005328023249
leve,0,02,train,const_vel,0.1,0.03,0.5,0.2311661919062647,0.428707294851635,0.8830068236847898,0.4317851568806846,0.5799689160371562,0.32893230557887504,296,62,248,4.0,4.774193548387097,0.3555782788870352
leve,0,02,train,rnn_dt1,0.1,0.03,0.5,0.2311661919062647,0.428707294851635,0.8830068236847898,0.4317851568806846,0.5799689160371562,0.40075018754688674,245,62,133,2.1451612903225805,3.9516129032258065,0.3722081696356493
leve,0,04,train,static,0.1,0.03,0.5,0.419175665010148,0.6826947205138719,0.9796641735003454,0.6857875812183275,0.8067979418167425,0.6689505138656198,394,83,113,1.3614457831325302,4.746987951807229,0.6679773745189983
leve,0,04,train,const_vel,0.1,0.03,0.5,0.419175665010148,0.6826947205138719,0.9796641735003454,0.6857875812183275,0.8067979418167425,0.5320517652971479,347,83,241,2.9036144578313254,4.180722891566265,0.6616481275101458
leve,0,04,train,rnn_dt1,0.1,0.03,0.5,0.419175665010148,0.6826947205138719,0.9796641735003454,0.6857875812183275,0.8067979418167425,0.7234180854521363,168,83,101,1.216867469879518,2.0240963855421685,0.673402443383729
leve,0,05,train,static,0.1,0.03,0.5,0.3473536375948675,0.5707902958685596,0.867809854569134,0.577996241145005,0.6938562998958694,0.5176887893213852,157,133,126,0.9473684210526315,1.1804511278195489,0.4757842995518289
leve,0,05,train,const_vel,0.1,0.03,0.5,0.3473536375948675,0.5707902958685596,0.867809854569134,0.577996241145005,0.6938562998958694,0.48012899554206584,129,133,176,1.3233082706766917,0.9699248120300752,0.47086887378921494
leve,0,05,train,rnn_dt1,0.1,0.03,0.5,0.3473536375948675,0.5707902958685596,0.867809854569134,0.577996241145005,0.6938562998958694,0.547578986726491,112,133,129,0.9699248120300752,0.8421052631578947,0.4844585803093827
leve,0,10,train,static,0.1,0.03,0.5,0.3448650022415665,0.6571082291857232,0.8941311852704258,0.6657060518731989,0.7631931422448434,0.38145534420713184,490,57,197,3.456140350877193,8.596491228070175,0.5556507516161695
leve,0,10,train,const_vel,0.1,0.03,0.5,0.3448650022415665,0.6571082291857232,0.8941311852704258,0.6657060518731989,0.7631931422448434,0.38504637694806726,342,57,244,4.280701754385965,6.0,0.564218397071423
leve,0,10,train,rnn_dt1,0.1,0.03,0.5,0.3448650022415665,0.6571082291857232,0.8941311852704258,0.6657060518731989,0.7631931422448434,0.4643841375122612,371,57,182,3.192982456140351,6.508771929824562,0.5660098138484306
leve,0,11,train,static,0.1,0.03,0.5,0.4157931400853008,0.6597353046879523,0.8872011251758087,0.6685036032217041,0.7624803577904025,0.5352813576623708,126,75,117,1.56,1.68,0.6017380245866892
leve,0,11,train,const_vel,0.1,0.03,0.5,0.4157931400853008,0.6597353046879523,0.8872011251758087,0.6685036032217041,0.7624803577904025,0.473721363023808,108,75,140,1.8666666666666667,1.44,0.5963331920305215
leve,0,11,train,rnn_dt1,0.1,0.03,0.5,0.4157931400853008,0.6597353046879523,0.8872011251758087,0.6685036032217041,0.7624803577904025,0.584189370254578,100,75,107,1.4266666666666667,1.3333333333333333,0.6048113607460788
leve,0,09,val,static,0.1,0.03,0.5,0.37134426769297313,0.5930648018869902,0.9173938336242001,0.5923004694835681,0.7198448020084446,0.5130279595478882,51,26,35,1.3461538461538463,1.9615384615384615,0.5571830985915494
leve,0,09,val,const_vel,0.1,0.03,0.5,0.37134426769297313,0.5930648018869902,0.9173938336242001,0.5923004694835681,0.7198448020084446,0.5043206913106097,60,26,61,2.3461538461538463,2.3076923076923075,0.5455399061032864
leve,0,09,val,rnn_dt1,0.1,0.03,0.5,0.37134426769297313,0.5930648018869902,0.9173938336242001,0.5923004694835681,0.7198448020084446,0.5296705910334166,44,26,31,1.1923076923076923,1.6923076923076923,0.5611267605633803
leve,0,13,val,static,0.1,0.03,0.5,0.2538179389781222,0.4888768580678855,0.8230413492927094,0.5197560556605394,0.6371485732336527,0.3808428678203875,441,110,279,2.536363636363636,4.009090909090909,0.3652293420374506
leve,0,13,val,const_vel,0.1,0.03,0.5,0.2538179389781222,0.4888768580678855,0.8230413492927094,0.5197560556605394,0.6371485732336527,0.46111048029976154,166,110,210,1.9090909090909092,1.509090909090909,0.41556433602473797
leve,0,13,val,rnn_dt1,0.1,0.03,0.5,0.2538179389781222,0.4888768580678855,0.8230413492927094,0.5197560556605394,0.6371485732336527,0.4995213155375345,168,110,167,1.518181818181818,1.5272727272727273,0.4202886102044322
leve,1,02,train,static,0.1,0.03,0.5,0.23217393493847344,0.42942712914876097,0.8827766863130321,0.43528335396372636,0.5830659986302852,0.38378095309343907,231,62,125,2.0161290322580645,3.725806451612903,0.37500672730208273
leve,1,02,train,const_vel,0.1,0.03,0.5,0.23217393493847344,0.42942712914876097,0.8827766863130321,0.43528335396372636,0.5830659986302852,0.3332952598515134,320,62,244,3.935483870967742,5.161290322580645,0.35864592863677947
leve,1,02,train,rnn_dt1,0.1,0.03,0.5,0.23217393493847344,0.42942712914876097,0.8827766863130321,0.43528335396372636,0.5830659986302852,0.4134550624859687,307,62,127,2.0483870967741935,4.951612903225806,0.3730692643022442
leve,1,04,train,static,0.1,0.03,0.5,0.42092179164535126,0.68265197136342,0.9800629590766002,0.687385663519566,0.8080383626656119,0.660959760059985,400,83,113,1.3614457831325302,4.819277108433735,0.6686502512774144
leve,1,04,train,const_vel,0.1,0.03,0.5,0.42092179164535126,0.68265197136342,0.9800629590766002,0.687385663519566,0.8080383626656119,0.5506427638847042,331,83,238,2.8674698795180724,3.9879518072289155,0.6635826481905923
leve,1,04,train,rnn_dt1,0.1,0.03,0.5,0.42092179164535126,0.68265197136342,0.9800629590766002,0.687385663519566,0.8080383626656119,0.7184368987831996,200,83,100,1.2048192771084338,2.4096385542168677,0.6739071009525411
leve,1,05,train,static,0.1,0.03,0.5,0.3526318153714427,0.5806573678257031,0.867722602739726,0.586092236518722,0.6996289584951247,0.48546027042044826,161,133,127,0.9548872180451128,1.2105263157894737,0.483446580887668
leve,1,05,train,const_vel,0.1,0.03,0.5,0.3526318153714427,0.5806573678257031,0.867722602739726,0.586092236518722,0.6996289584951247,0.48631361113724014,129,133,173,1.300751879699248,0.9699248120300752,0.4830128668497904
leve,1,05,train,rnn_dt1,0.1,0.03,0.5,0.3526318153714427,0.5806573678257031,0.867722602739726,0.586092236518722,0.6996289584951247,0.539304961902992,107,133,134,1.0075187969924813,0.8045112781954887,0.4926991470290588
leve,1,10,train,static,0.1,0.03,0.5,0.34547913697640376,0.656742918882092,0.8963992419456728,0.6631357582366227,0.7623226037516229,0.37716214315848684,459,57,189,3.3157894736842106,8.052631578947368,0.5541708855829893
leve,1,10,train,const_vel,0.1,0.03,0.5,0.34547913697640376,0.656742918882092,0.8963992419456728,0.6631357582366227,0.7623226037516229,0.4105947780186634,326,57,228,4.0,5.719298245614035,0.5638289586416387
leve,1,10,train,rnn_dt1,0.1,0.03,0.5,0.34547913697640376,0.656742918882092,0.8963992419456728,0.6631357582366227,0.7623226037516229,0.4390745501285347,340,57,173,3.0350877192982457,5.964912280701754,0.5693589843445751
leve,1,11,train,static,0.1,0.03,0.5,0.41151630893593005,0.6594462891095799,0.8868004522328999,0.6650063586265367,0.7600532945736436,0.590499328687424,95,75,111,1.48,1.2666666666666666,0.6032217041119119
leve,1,11,train,const_vel,0.1,0.03,0.5,0.41151630893593005,0.6594462891095799,0.8868004522328999,0.6650063586265367,0.7600532945736436,0.5755256896662594,101,75,138,1.84,1.3466666666666667,0.599194573972022
leve,1,11,train,rnn_dt1,0.1,0.03,0.5,0.41151630893593005,0.6594462891095799,0.8868004522328999,0.6650063586265367,0.7600532945736436,0.5714285714285714,89,75,114,1.52,1.1866666666666668,0.6041754980924121
leve,1,09,val,static,0.1,0.03,0.5,0.36570250415803585,0.583384155769757,0.9137174612459783,0.5866666666666667,0.7145471180237878,0.5017904034375746,77,26,38,1.4615384615384615,2.9615384615384617,0.5453521126760563
leve,1,09,val,const_vel,0.1,0.03,0.5,0.36570250415803585,0.583384155769757,0.9137174612459783,0.5866666666666667,0.7145471180237878,0.5138654448999277,63,26,64,2.4615384615384617,2.423076923076923,0.5363380281690141
leve,1,09,val,rnn_dt1,0.1,0.03,0.5,0.36570250415803585,0.583384155769757,0.9137174612459783,0.5866666666666667,0.7145471180237878,0.5592270070380532,39,26,34,1.3076923076923077,1.5,0.5541784037558686
leve,1,13,val,static,0.1,0.03,0.5,0.2537789514079138,0.4877373322850982,0.8203008537742241,0.519927847448892,0.6364544450870091,0.3684361879565192,467,110,280,2.5454545454545454,4.245454545454545,0.3597320048101701
leve,1,13,val,const_vel,0.1,0.03,0.5,0.2537789514079138,0.4877373322850982,0.8203008537742241,0.519927847448892,0.6364544450870091,0.4680079342589969,165,110,188,1.709090909090909,1.5,0.4153925442363855
leve,1,13,val,rnn_dt1,0.1,0.03,0.5,0.2537789514079138,0.4877373322850982,0.8203008537742241,0.519927847448892,0.6364544450870091,0.5113385737714189,199,110,177,1.6090909090909091,1.809090909090909,0.4133310427761553
leve,2,02,train,static,0.1,0.03,0.5,0.2280148728532479,0.4197715111182292,0.880776442042572,0.42979387546418385,0.5776909722222222,0.3746577140928017,311,62,126,2.032258064516129,5.016129032258065,0.3675259673860395
leve,2,02,train,const_vel,0.1,0.03,0.5,0.2280148728532479,0.4197715111182292,0.880776442042572,0.42979387546418385,0.5776909722222222,0.31719915821695044,304,62,249,4.016129032258065,4.903225806451613,0.35315645013723695
leve,2,02,train,rnn_dt1,0.1,0.03,0.5,0.2280148728532479,0.4197715111182292,0.880776442042572,0.42979387546418385,0.5776909722222222,0.39863163038983496,272,62,138,2.225806451612903,4.387096774193548,0.36725687530272855
leve,2,04,train,static,0.1,0.03,0.5,0.42151014849383295,0.68268241188279,0.9798587103562303,0.6853880606430178,0.8065873153349334,0.6559707656496383,311,83,114,1.3734939759036144,3.746987951807229,0.6683768950943079
leve,2,04,train,const_vel,0.1,0.03,0.5,0.42151014849383295,0.68268241188279,0.9798587103562303,0.6853880606430178,0.8065873153349334,0.5609464777399198,325,83,234,2.819277108433735,3.9156626506024095,0.6612906617322372
leve,2,04,train,rnn_dt1,0.1,0.03,0.5,0.42151014849383295,0.68268241188279,0.9798587103562303,0.6853880606430178,0.8065873153349334,0.6903588845817181,155,83,96,1.1566265060240963,1.8674698795180722,0.6730029228084193
leve,2,05,train,static,0.1,0.03,0.5,0.3494623219560339,0.5801273027506865,0.8654795108345849,0.5832008095995374,0.6968388322680945,0.5118860419942651,167,133,129,0.9699248120300752,1.255639097744361,0.48156715339019807
leve,2,05,train,const_vel,0.1,0.03,0.5,0.3494623219560339,0.5801273027506865,0.8654795108345849,0.5832008095995374,0.6968388322680945,0.48760252663335535,118,133,172,1.2932330827067668,0.8872180451127819,0.48431400896342347
leve,2,05,train,rnn_dt1,0.1,0.03,0.5,0.3494623219560339,0.5801273027506865,0.8654795108345849,0.5832008095995374,0.6968388322680945,0.547096053611318,133,133,132,0.9924812030075187,1.0,0.4895185774179558
leve,2,10,train,static,0.1,0.03,0.5,0.34706832259226206,0.656771729373505,0.9000314696318054,0.6682763455097749,0.7670302163418559,0.4135612216307089,481,57,195,3.4210526315789473,8.43859649122807,0.557987382194875
leve,2,10,train,const_vel,0.1,0.03,0.5,0.34706832259226206,0.656771729373505,0.9000314696318054,0.6682763455097749,0.7670302163418559,0.45283196239717977,302,57,224,3.9298245614035086,5.298245614035087,0.5724744917828491
leve,2,10,train,rnn_dt1,0.1,0.03,0.5,0.34706832259226206,0.656771729373505,0.9000314696318054,0.6682763455097749,0.7670302163418559,0.4939759036144578,322,57,184,3.2280701754385963,5.649122807017544,0.5745774593036841
leve,2,11,train,static,0.1,0.03,0.5,0.41407831006362417,0.6599242607908309,0.8957978421351505,0.6687155574395931,0.7657766990291262,0.5928338762214984,101,75,110,1.4666666666666666,1.3466666666666667,0.6070368800339127
leve,2,11,train,const_vel,0.1,0.03,0.5,0.41407831006362417,0.6599242607908309,0.8957978421351505,0.6687155574395931,0.7657766990291262,0.5192221295167191,99,75,140,1.8666666666666667,1.32,0.5996184824077999
leve,2,11,train,rnn_dt1,0.1,0.03,0.5,0.41407831006362417,0.6599242607908309,0.8957978421351505,0.6687155574395931,0.7657766990291262,0.6034603843452723,93,75,107,1.4266666666666667,1.24,0.6070368800339127
leve,2,09,val,static,0.1,0.03,0.5,0.3663485199061308,0.582995996603499,0.9181494661921709,0.5814084507042253,0.7119696447050706,0.463934819075006,65,26,36,1.3846153846153846,2.5,0.5423474178403755
leve,2,09,val,const_vel,0.1,0.03,0.5,0.3663485199061308,0.582995996603499,0.9181494661921709,0.5814084507042253,0.7119696447050706,0.41591846639165253,73,26,70,2.6923076923076925,2.8076923076923075,0.5246948356807511
leve,2,09,val,rnn_dt1,0.1,0.03,0.5,0.3663485199061308,0.582995996603499,0.9181494661921709,0.5814084507042253,0.7119696447050706,0.5749191519942508,49,26,35,1.3461538461538463,1.8846153846153846,0.5470422535211268
leve,2,13,val,static,0.1,0.03,0.5,0.2540625945355338,0.4885362163169785,0.8180954964731416,0.5180381377770142,0.6343746712948354,0.3615663274107297,469,110,288,2.618181818181818,4.263636363636364,0.35492183473629957
leve,2,13,val,const_vel,0.1,0.03,0.5,0.2540625945355338,0.4885362163169785,0.8180954964731416,0.5180381377770142,0.6343746712948354,0.45712666477755737,187,110,206,1.8727272727272728,1.7,0.4054286205119395
leve,2,13,val,rnn_dt1,0.1,0.03,0.5,0.2540625945355338,0.4885362163169785,0.8180954964731416,0.5180381377770142,0.6343746712948354,0.4768369251654505,212,110,200,1.8181818181818181,1.9272727272727272,0.40448376567600064
média,0,02,train,static,0.25,0.06,1.5,0.15097711455600507,0.3480985205279145,0.803238767807135,0.3550400947204133,0.49242367694259914,0.30132962889462195,451,62,135,2.1774193548387095,7.274193548387097,0.2820623217264948
média,0,02,train,const_vel,0.25,0.06,1.5,0.15097711455600507,0.3480985205279145,0.803238767807135,0.3550400947204133,0.49242367694259914,0.1630254882489242,459,62,358,5.774193548387097,7.403225806451613,0.24218287497981805
média,0,02,train,rnn_dt1,0.25,0.06,1.5,0.15097711455600507,0.3480985205279145,0.803238767807135,0.3550400947204133,0.49242367694259914,0.34726688102893893,382,62,126,2.032258064516129,6.161290322580645,0.28695979764275337
média,0,04,train,static,0.25,0.06,1.5,0.2692191143601954,0.561795712774614,0.9369672187954813,0.5685598334630023,0.7076882810966434,0.5207896293905653,735,83,135,1.6265060240963856,8.855421686746988,0.53817524234077
média,0,04,train,const_vel,0.25,0.06,1.5,0.2692191143601954,0.561795712774614,0.9369672187954813,0.5685598334630023,0.7076882810966434,0.17268931958306838,1202,83,765,9.216867469879517,14.481927710843374,0.4879407868452593
média,0,04,train,rnn_dt1,0.25,0.06,1.5,0.2692191143601954,0.561795712774614,0.9369672187954813,0.5685598334630023,0.7076882810966434,0.5793689189915605,373,83,113,1.3614457831325302,4.493975903614458,0.547217023781988
média,0,05,train,static,0.25,0.06,1.5,0.21936151093621312,0.46689612607940123,0.695570018895654,0.4789648691629319,0.5672945205479453,0.3511197663096397,253,133,114,0.8571428571428571,1.9022556390977443,0.3142981061153679
média,0,05,train,const_vel,0.25,0.06,1.5,0.21936151093621312,0.46689612607940123,0.695570018895654,0.4789648691629319,0.5672945205479453,0.2601710828291258,222,133,256,1.9248120300751879,1.669172932330827,0.29767240133005635
média,0,05,train,rnn_dt1,0.25,0.06,1.5,0.21936151093621312,0.46689612607940123,0.695570018895654,0.4789648691629319,0.5672945205479453,0.4074918243979784,172,133,137,1.0300751879699248,1.2932330827067668,0.34523637415064334
média,0,10,train,static,0.25,0.06,1.5,0.2236821847802271,0.5314303422677457,0.8035264483627204,0.5466157800451749,0.6506280999397395,0.2750369125808258,582,57,211,3.7017543859649122,10.210526315789474,0.40875457590154995
média,0,10,train,const_vel,0.25,0.06,1.5,0.2236821847802271,0.5314303422677457,0.8035264483627204,0.5466157800451749,0.6506280999397395,0.2380352644836272,499,57,370,6.491228070175438,8.75438596491228,0.3861671469740634
média,0,10,train,rnn_dt1,0.25,0.06,1.5,0.2236821847802271,0.5314303422677457,0.8035264483627204,0.5466157800451749,0.6506280999397395,0.3398639732006903,454,57,199,3.491228070175439,7.964912280701754,0.424877326894618
média,0,11,train,static,0.25,0.06,1.5,0.2633780971450516,0.5479239651503794,0.7599594379255397,0.5559559135226791,0.6421445620907031,0.43730213351686165,120,75,122,1.6266666666666667,1.6,0.46439169139465875
média,0,11,train,const_vel,0.25,0.06,1.5,0.2633780971450516,0.5479239651503794,0.7599594379255397,0.5559559135226791,0.6421445620907031,0.26812313803376364,224,75,245,3.2666666666666666,2.986666666666667,0.4249682068673166
média,0,11,train,rnn_dt1,0.25,0.06,1.5,0.2633780971450516,0.5479239651503794,0.7599594379255397,0.5559559135226791,0.6421445620907031,0.46178190574475403,95,75,114,1.52,1.2666666666666666,0.47583721916066135
média,0,09,val,static,0.25,0.06,1.5,0.23646637132100495,0.4921242637439854,0.7759078830823738,0.49352112676056337,0.6033057851239669,0.3736848776777792,113,26,34,1.3076923076923077,4.346153846153846,0.4381220657276995
média,0,09,val,const_vel,0.25,0.06,1.5,0.23646637132100495,0.4921242637439854,0.7759078830823738,0.49352112676056337,0.6033057851239669,0.24588653415822034,159,26,121,4.653846153846154,6.115384615384615,0.3795305164319249
média,0,09,val,rnn_dt1,0.25,0.06,1.5,0.23646637132100495,0.4921242637439854,0.7759078830823738,0.49352112676056337,0.6033057851239669,0.4655041698256255,64,26,33,1.2692307692307692,2.4615384615384617,0.4531455399061033
média,0,13,val,static,0.25,0.06,1.5,0.16622884923594616,0.39538458131524923,0.7072302875035582,0.4268166981618279,0.5323548317977287,0.2624219725343321,484,110,302,2.7454545454545456,4.4,0.24738017522762412
média,0,13,val,const_vel,0.25,0.06,1.5,0.16622884923594616,0.39538458131524923,0.7072302875035582,0.4268166981618279,0.5323548317977287,0.2598567424478356,290,110,306,2.7818181818181817,2.6363636363636362,0.27615529977667064
média,0,13,val,rnn_dt1,0.25,0.06,1.5,0.16622884923594616,0.39538458131524923,0.7072302875035582,0.4268166981618279,0.5323548317977287,0.3797499089474323,236,110,187,1.7,2.1454545454545455,0.30441504896065963
média,1,02,train,static,0.25,0.06,1.5,0.15229417332482975,0.34731091894909255,0.8024616869796066,0.35789247080350894,0.4950126544588358,0.3228671106882334,314,62,126,2.032258064516129,5.064516129032258,0.2902427210591464
média,1,02,train,const_vel,0.25,0.06,1.5,0.15229417332482975,0.34731091894909255,0.8024616869796066,0.35789247080350894,0.4950126544588358,0.18032652391500534,430,62,334,5.387096774193548,6.935483870967742,0.2508476400624293
média,1,02,train,rnn_dt1,0.25,0.06,1.5,0.15229417332482975,0.34731091894909255,0.8024616869796066,0.35789247080350894,0.4950126544588358,0.3330689299595463,271,62,125,2.0161290322580645,4.370967741935484,0.29255691297562025
média,1,04,train,static,0.25,0.06,1.5,0.2713373066515117,0.5710327613470069,0.9374656026417171,0.5730807241836112,0.7113233893173603,0.5060812258894127,858,83,126,1.5180722891566265,10.337349397590362,0.5405513383939273
média,1,04,train,const_vel,0.25,0.06,1.5,0.2713373066515117,0.5710327613470069,0.9374656026417171,0.5730807241836112,0.7113233893173603,0.17791427941824592,1125,83,745,8.975903614457831,13.55421686746988,0.49372332148789877
média,1,04,train,rnn_dt1,0.25,0.06,1.5,0.2713373066515117,0.5710327613470069,0.9374656026417171,0.5730807241836112,0.7113233893173603,0.6092289563191301,306,83,100,1.2048192771084338,3.6867469879518073,0.5530836680194293
média,1,05,train,static,0.25,0.06,1.5,0.22534502591891553,0.4772144305029732,0.6982456140350877,0.48908486338007806,0.5752423057303179,0.326726036579527,316,133,120,0.9022556390977443,2.3759398496240602,0.3088043949689172
média,1,05,train,const_vel,0.25,0.06,1.5,0.22534502591891553,0.4772144305029732,0.6982456140350877,0.48908486338007806,0.5752423057303179,0.25922088686282635,222,133,266,2.0,1.669172932330827,0.308081538239121
média,1,05,train,rnn_dt1,0.25,0.06,1.5,0.22534502591891553,0.4772144305029732,0.6982456140350877,0.48908486338007806,0.5752423057303179,0.4252327193503664,163,133,141,1.0601503759398496,1.2255639097744362,0.355645511059708
média,1,10,train,static,0.25,0.06,1.5,0.2239428692970818,0.531434457914028,0.798528904723595,0.5411636420281953,0.645125348189415,0.27468335113688386,579,57,218,3.824561403508772,10.157894736842104,0.40634005763688763
média,1,10,train,const_vel,0.25,0.06,1.5,0.2239428692970818,0.531434457914028,0.798528904723595,0.5411636420281953,0.645125348189415,0.2096326188354908,478,57,381,6.684210526315789,8.385964912280702,0.3846093932549264
média,1,10,train,rnn_dt1,0.25,0.06,1.5,0.2239428692970818,0.531434457914028,0.798528904723595,0.5411636420281953,0.645125348189415,0.3260528049460295,461,57,189,3.3157894736842106,8.087719298245615,0.4211387179686892
média,1,11,train,static,0.25,0.06,1.5,0.26036026870604256,0.5460046700838567,0.7539912917271407,0.5505510809665113,0.6364081832659562,0.39080301990391214,169,75,131,1.7466666666666666,2.2533333333333334,0.45432386604493424
média,1,11,train,const_vel,0.25,0.06,1.5,0.26036026870604256,0.5460046700838567,0.7539912917271407,0.5505510809665113,0.6364081832659562,0.2801754634215367,202,75,229,3.0533333333333332,2.6933333333333334,0.42963119966087326
média,1,11,train,rnn_dt1,0.25,0.06,1.5,0.26036026870604256,0.5460046700838567,0.7539912917271407,0.5505510809665113,0.6364081832659562,0.4648507360022011,117,75,117,1.56,1.56,0.47128020347604915
média,1,09,val,static,0.25,0.06,1.5,0.23269278936519563,0.48291544578986395,0.7579192095321128,0.48976525821596245,0.59502623773671,0.322016721560679,134,26,43,1.6538461538461537,5.153846153846154,0.41596244131455395
média,1,09,val,const_vel,0.25,0.06,1.5,0.23269278936519563,0.48291544578986395,0.7579192095321128,0.48976525821596245,0.59502623773671,0.2722112211221122,147,26,122,4.6923076923076925,5.653846153846154,0.3769014084507042
média,1,09,val,rnn_dt1,0.25,0.06,1.5,0.23269278936519563,0.48291544578986395,0.7579192095321128,0.48976525821596245,0.59502623773671,0.4464467005076142,93,26,38,1.4615384615384615,3.576923076923077,0.43305164319248823
média,1,13,val,static,0.25,0.06,1.5,0.16319425197246853,0.3854175418982183,0.7105683965692687,0.4198591307335509,0.5278332703417742,0.23661301434208054,536,110,285,2.590909090909091,4.872727272727273,0.23818931455076442
média,1,13,val,const_vel,0.25,0.06,1.5,0.16319425197246853,0.3854175418982183,0.7105683965692687,0.4198591307335509,0.5278332703417742,0.2624929285310202,291,110,294,2.672727272727273,2.6454545454545455,0.26696443909981105
média,1,13,val,rnn_dt1,0.25,0.06,1.5,0.16319425197246853,0.3854175418982183,0.7105683965692687,0.4198591307335509,0.5278332703417742,0.3407697965187546,272,110,181,1.6454545454545455,2.4727272727272727,0.2934203745060986
média,2,02,train,static,0.25,0.06,1.5,0.15059611866168363,0.3471804232334161,0.8074046830942748,0.3544480921371293,0.49263220884134945,0.3016005401326502,334,62,127,2.0483870967741935,5.387096774193548,0.28609870297615847
média,2,02,train,const_vel,0.25,0.06,1.5,0.15059611866168363,0.3471804232334161,0.8074046830942748,0.3544480921371293,0.49263220884134945,0.17034208040737547,444,62,349,5.629032258064516,7.161290322580645,0.2509014584790915
média,2,02,train,rnn_dt1,0.25,0.06,1.5,0.15059611866168363,0.3471804232334161,0.8074046830942748,0.3544480921371293,0.49263220884134945,0.3292726479107972,273,62,115,1.8548387096774193,4.403225806451613,0.2906732683924439
média,2,04,train,static,0.25,0.06,1.5,0.2687794685911046,0.5617849430425892,0.9398334489937543,0.5695481212019261,0.7092711156499993,0.5089409267394839,905,83,131,1.5783132530120483,10.903614457831326,0.5347898311499885
média,2,04,train,const_vel,0.25,0.06,1.5,0.2687794685911046,0.5617849430425892,0.9398334489937543,0.5695481212019261,0.7092711156499993,0.18593941733651367,1056,83,720,8.674698795180722,12.72289156626506,0.4925457871606703
média,2,04,train,rnn_dt1,0.25,0.06,1.5,0.2687794685911046,0.5617849430425892,0.9398334489937543,0.5695481212019261,0.7092711156499993,0.6038490444492163,263,83,102,1.2289156626506024,3.1686746987951806,0.550665517168871
média,2,05,train,static,0.25,0.06,1.5,0.2228793443468296,0.4768982158081298,0.7045359092818143,0.4850368656932196,0.574535491052316,0.31123584631762313,258,133,109,0.8195488721804511,1.9398496240601504,0.3218158161052479
média,2,05,train,const_vel,0.25,0.06,1.5,0.2228793443468296,0.4768982158081298,0.7045359092818143,0.4850368656932196,0.574535491052316,0.26406926406926406,216,133,231,1.736842105263158,1.6240601503759398,0.32022553129969644
média,2,05,train,rnn_dt1,0.25,0.06,1.5,0.2228793443468296,0.4768982158081298,0.7045359092818143,0.4850368656932196,0.574535491052316,0.39743716116313454,192,133,133,1.0,1.443609022556391,0.35275408414052334
média,2,10,train,static,0.25,0.06,1.5,0.22597879805293433,0.5332126808661038,0.8066266451166012,0.5442012617805125,0.6499232593832845,0.2970870825072442,569,57,212,3.719298245614035,9.982456140350877,0.41366150011683156
média,2,10,train,const_vel,0.25,0.06,1.5,0.22597879805293433,0.5332126808661038,0.8066266451166012,0.5442012617805125,0.6499232593832845,0.21547163882051013,454,57,355,6.228070175438597,7.964912280701754,0.39317703871017995
média,2,10,train,rnn_dt1,0.25,0.06,1.5,0.22597879805293433,0.5332126808661038,0.8066266451166012,0.5442012617805125,0.6499232593832845,0.346566740935791,366,57,181,3.175438596491228,6.421052631578948,0.43983176259833323
média,2,11,train,static,0.25,0.06,1.5,0.25976258953197573,0.5459820714051574,0.7613403570383377,0.551398897838067,0.6395820528580209,0.40921278789962184,129,75,116,1.5466666666666666,1.72,0.46439169139465875
média,2,11,train,const_vel,0.25,0.06,1.5,0.25976258953197573,0.5459820714051574,0.7613403570383377,0.551398897838067,0.6395820528580209,0.2974808944240023,199,75,234,3.12,2.6533333333333333,0.4263459092835947
média,2,11,train,rnn_dt1,0.25,0.06,1.5,0.25976258953197573,0.5459820714051574,0.7613403570383377,0.551398897838067,0.6395820528580209,0.4256311745334797,137,75,114,1.52,1.8266666666666667,0.46301398897838064
média,2,09,val,static,0.25,0.06,1.5,0.23616389374005733,0.48239725832571906,0.7534965034965035,0.4856338028169014,0.5906132237067488,0.32665990876837303,106,26,43,1.6538461538461537,4.076923076923077,0.4200938967136151
média,2,09,val,const_vel,0.25,0.06,1.5,0.23616389374005733,0.48239725832571906,0.7534965034965035,0.4856338028169014,0.5906132237067488,0.2771911298838437,142,26,113,4.346153846153846,5.461538461538462,0.37427230046948357
média,2,09,val,rnn_dt1,0.25,0.06,1.5,0.23616389374005733,0.48239725832571906,0.7534965034965035,0.4856338028169014,0.5906132237067488,0.4486431651027137,86,26,36,1.3846153846153846,3.3076923076923075,0.4324882629107981
média,2,13,val,static,0.25,0.06,1.5,0.16295790796472198,0.3950656647040754,0.7101533121203355,0.4217488404054286,0.5292088812244017,0.251956671467034,527,110,296,2.690909090909091,4.790909090909091,0.23896237759835082
média,2,13,val,const_vel,0.25,0.06,1.5,0.16295790796472198,0.3950656647040754,0.7101533121203355,0.4217488404054286,0.5292088812244017,0.22942580726221887,323,110,336,3.0545454545454547,2.9363636363636365,0.2596632880948291
média,2,13,val,rnn_dt1,0.25,0.06,1.5,0.16295790796472198,0.3950656647040754,0.7101533121203355,0.4217488404054286,0.5292088812244017,0.35965502477215733,268,110,193,1.7545454545454546,2.4363636363636365,0.29384985397697994
forte,0,02,train,static,0.4,0.1,3.0,0.07423323915879262,0.2429588461816881,0.6355954238169527,0.2631182390614068,0.3721691470330758,0.1893239040599838,446,62,126,2.032258064516129,7.193548387096774,0.17275711748560363
forte,0,02,train,const_vel,0.4,0.1,3.0,0.07423323915879262,0.2429588461816881,0.6355954238169527,0.2631182390614068,0.3721691470330758,0.05403380624619563,634,62,543,8.758064516129032,10.225806451612904,0.08051235132662393
forte,0,02,train,rnn_dt1,0.4,0.1,3.0,0.07423323915879262,0.2429588461816881,0.6355954238169527,0.2631182390614068,0.3721691470330758,0.18673513050919982,460,62,152,2.4516129032258065,7.419354838709677,0.16882837306926435
forte,0,04,train,static,0.4,0.1,3.0,0.13011192866333082,0.39508229768677194,0.8054935416998884,0.4248585907437391,0.5562974078000027,0.30275497385258116,1994,83,193,2.325301204819277,24.02409638554217,0.331286666526484
forte,0,04,train,const_vel,0.4,0.1,3.0,0.13011192866333082,0.39508229768677194,0.8054935416998884,0.4248585907437391,0.5562974078000027,0.043069406331570845,2714,83,1968,23.710843373493976,32.69879518072289,0.160081586306958
forte,0,04,train,rnn_dt1,0.4,0.1,3.0,0.13011192866333082,0.39508229768677194,0.8054935416998884,0.4248585907437391,0.5562974078000027,0.3043058279425109,1058,83,215,2.5903614457831323,12.74698795180723,0.34747776352587423
forte,0,05,train,static,0.4,0.1,3.0,0.1076333184155214,0.3280712709430425,0.4704786738685044,0.3651872198930172,0.41119973954094097,0.181871921182266,387,133,114,0.8571428571428571,2.9097744360902253,0.0800925256614139
forte,0,05,train,const_vel,0.4,0.1,3.0,0.1076333184155214,0.3280712709430425,0.4704786738685044,0.3651872198930172,0.41119973954094097,0.1089668157213462,270,133,335,2.518796992481203,2.030075187969925,0.08139366777504697
forte,0,05,train,rnn_dt1,0.4,0.1,3.0,0.1076333184155214,0.3280712709430425,0.4704786738685044,0.3651872198930172,0.41119973954094097,0.19845440494590416,298,133,148,1.112781954887218,2.2406015037593985,0.11854850368656933
forte,0,10,train,static,0.4,0.1,3.0,0.10954923014524146,0.355476097629775,0.6271543707377557,0.3939559155697484,0.48392652123995405,0.17070553013613513,658,57,218,3.824561403508772,11.543859649122806,0.21216605654646004
forte,0,10,train,const_vel,0.4,0.1,3.0,0.10954923014524146,0.355476097629775,0.6271543707377557,0.3939559155697484,0.48392652123995405,0.06905693725539705,613,57,560,9.824561403508772,10.75438596491228,0.11932393488589454
forte,0,10,train,rnn_dt1,0.4,0.1,3.0,0.10954923014524146,0.355476097629775,0.6271543707377557,0.3939559155697484,0.48392652123995405,0.1758739871947419,557,57,234,4.105263157894737,9.771929824561404,0.21894228522470593
forte,0,11,train,static,0.4,0.1,3.0,0.12108864047398774,0.37583396970192134,0.5549348230912476,0.41055532005086903,0.47194980812572335,0.2107738663922981,383,75,140,1.8666666666666667,5.1066666666666665,0.21386180584993641
forte,0,11,train,const_vel,0.4,0.1,3.0,0.12108864047398774,0.37583396970192134,0.5549348230912476,0.41055532005086903,0.47194980812572335,0.08448540706605223,431,75,439,5.8533333333333335,5.746666666666667,0.12070792708774902
forte,0,11,train,rnn_dt1,0.4,0.1,3.0,0.12108864047398774,0.37583396970192134,0.5549348230912476,0.41055532005086903,0.47194980812572335,0.22598954443614638,267,75,153,2.04,3.56,0.23198389147944043
forte,0,09,val,static,0.4,0.1,3.0,0.11446433239582735,0.3491250170747146,0.5426251691474966,0.37652582159624415,0.4445676274944568,0.21708137188971083,178,26,57,2.1923076923076925,6.846153846153846,0.22985915492957743
forte,0,09,val,const_vel,0.4,0.1,3.0,0.11446433239582735,0.3491250170747146,0.5426251691474966,0.37652582159624415,0.4445676274944568,0.07787011388119422,265,26,226,8.692307692307692,10.192307692307692,0.11530516431924887
forte,0,09,val,rnn_dt1,0.4,0.1,3.0,0.11446433239582735,0.3491250170747146,0.5426251691474966,0.37652582159624415,0.4445676274944568,0.23478260869565218,163,26,54,2.076923076923077,6.269230769230769,0.26215962441314555
forte,0,13,val,static,0.4,0.1,3.0,0.07762297721681025,0.2538403061522262,0.512286788089043,0.3044150489606597,0.3818965517241379,0.12961421038023868,466,110,290,2.6363636363636362,4.236363636363636,0.10032640439786977
forte,0,13,val,const_vel,0.4,0.1,3.0,0.07762297721681025,0.2538403061522262,0.512286788089043,0.3044150489606597,0.3818965517241379,0.07449941107184924,397,110,425,3.8636363636363638,3.609090909090909,0.06742827692836284
forte,0,13,val,rnn_dt1,0.4,0.1,3.0,0.07762297721681025,0.2538403061522262,0.512286788089043,0.3044150489606597,0.3818965517241379,0.16524100475220638,353,110,231,2.1,3.209090909090909,0.13133482219549908
forte,1,02,train,static,0.4,0.1,3.0,0.07527861989010473,0.24249697850004015,0.6371450898671529,0.26327969431139336,0.3725960623024487,0.18580073297536862,451,62,123,1.9838709677419355,7.274193548387097,0.17060438081911633
forte,1,02,train,const_vel,0.4,0.1,3.0,0.07527861989010473,0.24249697850004015,0.6371450898671529,0.26327969431139336,0.3725960623024487,0.055314584207826124,614,62,519,8.370967741935484,9.903225806451612,0.08051235132662393
forte,1,02,train,rnn_dt1,0.4,0.1,3.0,0.07527861989010473,0.24249697850004015,0.6371450898671529,0.26327969431139336,0.3725960623024487,0.18046463868566295,447,62,158,2.5483870967741935,7.209677419354839,0.16721382056939882
forte,1,04,train,static,0.4,0.1,3.0,0.13069769778269322,0.39439882906858725,0.8073084416875422,0.4269192758163888,0.5584958600390614,0.29398138030508325,1920,83,208,2.5060240963855422,23.132530120481928,0.33122358433038246
forte,1,04,train,const_vel,0.4,0.1,3.0,0.13069769778269322,0.39439882906858725,0.8073084416875422,0.4269192758163888,0.5584958600390614,0.04186688392664151,2723,83,1973,23.771084337349397,32.80722891566265,0.16546460037428767
forte,1,04,train,rnn_dt1,0.4,0.1,3.0,0.13069769778269322,0.39439882906858725,0.8073084416875422,0.4269192758163888,0.5584958600390614,0.32428490161471474,1021,83,211,2.5421686746987953,12.301204819277109,0.3489917362323107
forte,1,05,train,static,0.4,0.1,3.0,0.11032661750584087,0.3448667151005854,0.49206349206349204,0.3809454966025734,0.4294328552803129,0.17215686274509803,444,133,109,0.8195488721804511,3.338345864661654,0.08573080815382395
forte,1,05,train,const_vel,0.4,0.1,3.0,0.11032661750584087,0.3448667151005854,0.49206349206349204,0.3809454966025734,0.4294328552803129,0.11363636363636363,341,133,380,2.857142857142857,2.56390977443609,0.08500795142402773
forte,1,05,train,rnn_dt1,0.4,0.1,3.0,0.11032661750584087,0.3448667151005854,0.49206349206349204,0.3809454966025734,0.4294328552803129,0.1964468041658158,319,133,152,1.1428571428571428,2.398496240601504,0.12751192713604165
forte,1,10,train,static,0.4,0.1,3.0,0.10878275577886029,0.3520929728614938,0.621392607147243,0.3941116909416621,0.4823181774854637,0.17499294383290998,618,57,229,4.017543859649122,10.842105263157896,0.21372381026559706
forte,1,10,train,const_vel,0.4,0.1,3.0,0.10878275577886029,0.3520929728614938,0.621392607147243,0.3941116909416621,0.4823181774854637,0.0668439042916825,625,57,593,10.403508771929825,10.964912280701755,0.10904276033959026
forte,1,10,train,rnn_dt1,0.4,0.1,3.0,0.10878275577886029,0.3520929728614938,0.621392607147243,0.3941116909416621,0.4823181774854637,0.1671463235709046,612,57,237,4.157894736842105,10.736842105263158,0.2127891580341148
forte,1,11,train,static,0.4,0.1,3.0,0.12407710657476548,0.37717371169135777,0.5439698492462312,0.4129927935565918,0.46951807228915665,0.19681937554712575,408,75,147,1.96,5.44,0.21746502755404828
forte,1,11,train,const_vel,0.4,0.1,3.0,0.12407710657476548,0.37717371169135777,0.5439698492462312,0.4129927935565918,0.46951807228915665,0.08560897972859775,449,75,470,6.266666666666667,5.986666666666666,0.13702840186519716
forte,1,11,train,rnn_dt1,0.4,0.1,3.0,0.12407710657476548,0.37717371169135777,0.5439698492462312,0.4129927935565918,0.46951807228915665,0.21035406129128237,313,75,167,2.2266666666666666,4.173333333333333,0.2387664264518864
forte,1,09,val,static,0.4,0.1,3.0,0.11289165880760917,0.3357627500900306,0.5218440096488877,0.3656338028169014,0.42999116607773846,0.19889353663473217,200,26,59,2.269230769230769,7.6923076923076925,0.21784037558685443
forte,1,09,val,const_vel,0.4,0.1,3.0,0.11289165880760917,0.3357627500900306,0.5218440096488877,0.3656338028169014,0.42999116607773846,0.07353397455786534,245,26,240,9.23076923076923,9.423076923076923,0.10140845070422533
forte,1,09,val,rnn_dt1,0.4,0.1,3.0,0.11289165880760917,0.3357627500900306,0.5218440096488877,0.3656338028169014,0.42999116607773846,0.22647179347083732,181,26,61,2.3461538461538463,6.961538461538462,0.22065727699530513
forte,1,13,val,static,0.4,0.1,3.0,0.07779474499652639,0.25710083622102675,0.5115942028985507,0.30321250644219205,0.38075719987056417,0.1428472462764115,487,110,275,2.5,4.427272727272728,0.10066998797457483
forte,1,13,val,const_vel,0.4,0.1,3.0,0.07779474499652639,0.25710083622102675,0.5115942028985507,0.30321250644219205,0.38075719987056417,0.08090614886731391,373,110,422,3.8363636363636364,3.390909090909091,0.07515890740422604
forte,1,13,val,rnn_dt1,0.4,0.1,3.0,0.07779474499652639,0.25710083622102675,0.5115942028985507,0.30321250644219205,0.38075719987056417,0.19374873421994193,353,110,219,1.990909090909091,3.209090909090909,0.13640267995189825
forte,2,02,train,static,0.4,0.1,3.0,0.07740423912738288,0.2420107840475971,0.6416342412451362,0.26623970722781337,0.37632649956258796,0.1870211234813529,495,62,140,2.2580645161290325,7.983870967741935,0.1732414832355632
forte,2,02,train,const_vel,0.4,0.1,3.0,0.07740423912738288,0.2420107840475971,0.6416342412451362,0.26623970722781337,0.37632649956258796,0.052312003736571695,606,62,534,8.612903225806452,9.774193548387096,0.0841181852429902
forte,2,02,train,rnn_dt1,0.4,0.1,3.0,0.07740423912738288,0.2420107840475971,0.6416342412451362,0.26623970722781337,0.37632649956258796,0.19095776323616895,479,62,158,2.5483870967741935,7.725806451612903,0.16995855981917007
forte,2,04,train,static,0.4,0.1,3.0,0.12894234288572554,0.3950667210473508,0.8107035478051714,0.4252370839203482,0.557860472814543,0.282421253811476,1799,83,185,2.2289156626506026,21.674698795180724,0.33380995437054484
forte,2,04,train,const_vel,0.4,0.1,3.0,0.12894234288572554,0.3950667210473508,0.8107035478051714,0.4252370839203482,0.557860472814543,0.042333522670319756,2669,83,1945,23.433734939759034,32.1566265060241,0.16090165485627772
forte,2,04,train,rnn_dt1,0.4,0.1,3.0,0.12894234288572554,0.3950667210473508,0.8107035478051714,0.4252370839203482,0.557860472814543,0.29818819403857394,1090,83,221,2.6626506024096384,13.132530120481928,0.3470572155518641
forte,2,05,train,static,0.4,0.1,3.0,0.10837664580812403,0.3389475816921978,0.47850259451445515,0.37328321526673414,0.41939413627872985,0.17411718673579185,425,133,95,0.7142857142857143,3.1954887218045114,0.09151366199219313
forte,2,05,train,const_vel,0.4,0.1,3.0,0.10837664580812403,0.3389475816921978,0.47850259451445515,0.37328321526673414,0.41939413627872985,0.1072644055861988,312,133,368,2.7669172932330826,2.345864661654135,0.0763336706664739
forte,2,05,train,rnn_dt1,0.4,0.1,3.0,0.10837664580812403,0.3389475816921978,0.47850259451445515,0.37328321526673414,0.41939413627872985,0.2085939903599631,293,133,150,1.1278195488721805,2.2030075187969924,0.13343935232037007
forte,2,10,train,static,0.4,0.1,3.0,0.10991009651747041,0.35524824339423483,0.627465574990696,0.3939559155697484,0.48401913875598085,0.17880049510520984,625,57,206,3.6140350877192984,10.964912280701755,0.2227587818365916
forte,2,10,train,const_vel,0.4,0.1,3.0,0.10991009651747041,0.35524824339423483,0.627465574990696,0.3939559155697484,0.48401913875598085,0.07529589524049358,593,57,567,9.947368421052632,10.403508771929825,0.12477607290287407
forte,2,10,train,rnn_dt1,0.4,0.1,3.0,0.10991009651747041,0.35524824339423483,0.627465574990696,0.3939559155697484,0.48401913875598085,0.1904869634070471,510,57,223,3.912280701754386,8.947368421052632,0.22774359373783004
forte,2,11,train,static,0.4,0.1,3.0,0.12351392560347778,0.38003512625701485,0.5427934206858098,0.41267486222975835,0.4688741721854304,0.23759752686589136,391,75,145,1.9333333333333333,5.213333333333333,0.21799491309877062
forte,2,11,train,const_vel,0.4,0.1,3.0,0.12351392560347778,0.38003512625701485,0.5427934206858098,0.41267486222975835,0.4688741721854304,0.08906675749318801,453,75,469,6.253333333333333,6.04,0.11880033912674859
forte,2,11,train,rnn_dt1,0.4,0.1,3.0,0.12351392560347778,0.38003512625701485,0.5427934206858098,0.41267486222975835,0.4688741721854304,0.2290748898678414,285,75,165,2.2,3.8,0.2312420517168292
forte,2,09,val,static,0.4,0.1,3.0,0.11506924026585894,0.34850510843636145,0.5342539940427836,0.37051643192488265,0.43756930583277887,0.21082315026185042,235,26,46,1.7692307692307692,9.038461538461538,0.21352112676056334
forte,2,09,val,const_vel,0.4,0.1,3.0,0.11506924026585894,0.34850510843636145,0.5342539940427836,0.37051643192488265,0.43756930583277887,0.07702930796378701,246,26,208,8.0,9.461538461538462,0.12807511737089206
forte,2,09,val,rnn_dt1,0.4,0.1,3.0,0.11506924026585894,0.34850510843636145,0.5342539940427836,0.37051643192488265,0.43756930583277887,0.24891186071817192,145,26,53,2.0384615384615383,5.576923076923077,0.2546478873239436
forte,2,13,val,static,0.4,0.1,3.0,0.07758249302154271,0.25811169354710106,0.5180863477246208,0.30510221611406974,0.38404151800194614,0.15043327556325822,466,110,284,2.581818181818182,4.236363636363636,0.10075588386875112
forte,2,13,val,const_vel,0.4,0.1,3.0,0.07758249302154271,0.25811169354710106,0.5180863477246208,0.30510221611406974,0.38404151800194614,0.08754406580493537,369,110,421,3.827272727272727,3.3545454545454545,0.07137948806047067
forte,2,13,val,rnn_dt1,0.4,0.1,3.0,0.07758249302154271,0.25811169354710106,0.5180863477246208,0.30510221611406974,0.38404151800194614,0.17547683923705723,360,110,233,2.118181818181818,3.272727272727273,0.12884384126438753
só descarte (40%),0,02,train,static,0.4,0.0,0.0,0.16999231301499146,0.28386869905492473,0.9163380764615121,0.2876594370593617,0.4378635209306136,0.284371825262445,172,62,109,1.7580645161290323,2.774193548387097,0.23610139389699158
só descarte (40%),0,02,train,const_vel,0.4,0.0,0.0,0.16999231301499146,0.28386869905492473,0.9163380764615121,0.2876594370593617,0.4378635209306136,0.20672013873834816,278,62,213,3.435483870967742,4.483870967741935,0.20849254614929225
só descarte (40%),0,02,train,rnn_dt1,0.4,0.0,0.0,0.16999231301499146,0.28386869905492473,0.9163380764615121,0.2876594370593617,0.4378635209306136,0.2911124290434635,163,62,109,1.7580645161290323,2.629032258064516,0.23680103331359992
só descarte (40%),0,04,train,static,0.4,0.0,0.0,0.3141365831222262,0.4553667775228463,0.9962803085966201,0.45618941480749414,0.6258203164438291,0.5192422325933034,186,83,110,1.3253012048192772,2.2409638554216866,0.4399772904094035
só descarte (40%),0,04,train,const_vel,0.4,0.0,0.0,0.3141365831222262,0.4553667775228463,0.9962803085966201,0.45618941480749414,0.6258203164438291,0.34456344003653344,389,83,279,3.36144578313253,4.686746987951807,0.4176672203881657
só descarte (40%),0,04,train,rnn_dt1,0.4,0.0,0.0,0.3141365831222262,0.4553667775228463,0.9962803085966201,0.45618941480749414,0.6258203164438291,0.5389388632961795,134,83,98,1.180722891566265,1.6144578313253013,0.44174359190024604
só descarte (40%),0,05,train,static,0.4,0.0,0.0,0.2622023933252982,0.38548127034060775,0.9548710601719198,0.38542720832730953,0.5491811721083532,0.35237679895333623,119,133,92,0.6917293233082706,0.8947368421052632,0.29463640306491257
só descarte (40%),0,05,train,const_vel,0.4,0.0,0.0,0.2622023933252982,0.38548127034060775,0.9548710601719198,0.38542720832730953,0.5491811721083532,0.3691006233303651,71,133,121,0.9097744360902256,0.5338345864661654,0.27584212809021247
só descarte (40%),0,05,train,rnn_dt1,0.4,0.0,0.0,0.2622023933252982,0.38548127034060775,0.9548710601719198,0.38542720832730953,0.5491811721083532,0.37865143861190426,63,133,100,0.7518796992481203,0.47368421052631576,0.2937689749891571
só descarte (40%),0,10,train,static,0.4,0.0,0.0,0.2569093776966128,0.4421153298006269,0.9280364702051449,0.44395980995404627,0.6006006006006006,0.2768258193312261,382,57,175,3.0701754385964914,6.701754385964913,0.33429394812680113
só descarte (40%),0,10,train,const_vel,0.4,0.0,0.0,0.2569093776966128,0.4421153298006269,0.9280364702051449,0.44395980995404627,0.6006006006006006,0.24589426321709787,297,57,224,3.9298245614035086,5.2105263157894735,0.32790715787833946
só descarte (40%),0,10,train,rnn_dt1,0.4,0.0,0.0,0.2569093776966128,0.4421153298006269,0.9280364702051449,0.44395980995404627,0.6006006006006006,0.2875650537039088,284,57,164,2.8771929824561404,4.982456140350878,0.3477685177973362
só descarte (40%),0,11,train,static,0.4,0.0,0.0,0.311675020487864,0.4436628414425469,0.9564619615032081,0.4423484527342094,0.6049275362318841,0.4254867793014622,74,75,102,1.36,0.9866666666666667,0.3703899957609157
só descarte (40%),0,11,train,const_vel,0.4,0.0,0.0,0.311675020487864,0.4436628414425469,0.9564619615032081,0.4423484527342094,0.6049275362318841,0.34786585365853656,89,75,118,1.5733333333333333,1.1866666666666668,0.3589444679949131
só descarte (40%),0,11,train,rnn_dt1,0.4,0.0,0.0,0.311675020487864,0.4436628414425469,0.9564619615032081,0.4423484527342094,0.6049275362318841,0.45180814041458617,59,75,93,1.24,0.7866666666666666,0.3720856295040271
só descarte (40%),0,09,val,static,0.4,0.0,0.0,0.2808557297712252,0.3959734097594753,0.9905970850963799,0.39568075117370893,0.5654857756307031,0.35638152500683246,50,26,29,1.1153846153846154,1.9230769230769231,0.3592488262910798
só descarte (40%),0,09,val,const_vel,0.4,0.0,0.0,0.2808557297712252,0.3959734097594753,0.9905970850963799,0.39568075117370893,0.5654857756307031,0.33971760100657067,59,26,56,2.1538461538461537,2.269230769230769,0.32920187793427225
só descarte (40%),0,09,val,rnn_dt1,0.4,0.0,0.0,0.2808557297712252,0.3959734097594753,0.9905970850963799,0.39568075117370893,0.5654857756307031,0.4301163586584531,36,26,30,1.1538461538461537,1.3846153846153846,0.35943661971830987
só descarte (40%),0,13,val,static,0.4,0.0,0.0,0.18975370917999812,0.3304851656287766,0.8735755751451301,0.34899501803813776,0.49874179095317006,0.22370640221277743,365,110,235,2.1363636363636362,3.3181818181818183,0.19206321937811377
só descarte (40%),0,13,val,const_vel,0.4,0.0,0.0,0.18975370917999812,0.3304851656287766,0.8735755751451301,0.34899501803813776,0.49874179095317006,0.2943465927831651,138,110,180,1.6363636363636365,1.2545454545454546,0.24420202714310257
só descarte (40%),0,13,val,rnn_dt1,0.4,0.0,0.0,0.18975370917999812,0.3304851656287766,0.8735755751451301,0.34899501803813776,0.49874179095317006,0.35686811395788515,117,110,136,1.2363636363636363,1.0636363636363637,0.2595773922006528
só descarte (40%),1,02,train,static,0.4,0.0,0.0,0.17101606384325846,0.28398952364989205,0.9154424325247694,0.2884128948926323,0.438633108246368,0.27836316702636366,206,62,106,1.7096774193548387,3.3225806451612905,0.23249555998062532
só descarte (40%),1,02,train,const_vel,0.4,0.0,0.0,0.17101606384325846,0.28398952364989205,0.9154424325247694,0.2884128948926323,0.438633108246368,0.22807775377969763,224,62,198,3.193548387096774,3.6129032258064515,0.21532748506538935
só descarte (40%),1,02,train,rnn_dt1,0.4,0.0,0.0,0.17101606384325846,0.28398952364989205,0.9154424325247694,0.2884128948926323,0.438633108246368,0.3011298717785959,195,62,108,1.7419354838709677,3.1451612903225805,0.23588612023034283
só descarte (40%),1,04,train,static,0.4,0.0,0.0,0.3174590926013127,0.4652358335867356,0.9958202716823407,0.4608995521164077,0.6301460441582337,0.49844914050497147,270,83,109,1.3132530120481927,3.253012048192771,0.44226927686775874
só descarte (40%),1,04,train,const_vel,0.4,0.0,0.0,0.3174590926013127,0.4652358335867356,0.9958202716823407,0.4608995521164077,0.6301460441582337,0.3427331251008168,374,83,272,3.2771084337349397,4.506024096385542,0.42420674138402337
só descarte (40%),1,04,train,rnn_dt1,0.4,0.0,0.0,0.3174590926013127,0.4652358335867356,0.9958202716823407,0.4608995521164077,0.6301460441582337,0.5466631908237748,120,83,96,1.1566265060240963,1.4457831325301205,0.44647475660786007
só descarte (40%),1,05,train,static,0.4,0.0,0.0,0.2698267040359502,0.395273506732771,0.9507286606523248,0.3961254879282926,0.5592407388509031,0.3704023298457556,98,133,93,0.6992481203007519,0.7368421052631579,0.3053346826658956
só descarte (40%),1,05,train,const_vel,0.4,0.0,0.0,0.2698267040359502,0.395273506732771,0.9507286606523248,0.3961254879282926,0.5592407388509031,0.37048458149779734,75,133,129,0.9699248120300752,0.5639097744360902,0.28943183461038025
só descarte (40%),1,05,train,rnn_dt1,0.4,0.0,0.0,0.2698267040359502,0.395273506732771,0.9507286606523248,0.3961254879282926,0.5592407388509031,0.4155420113191119,62,133,105,0.7894736842105263,0.46616541353383456,0.29969640017348564
só descarte (40%),1,10,train,static,0.4,0.0,0.0,0.2581158512641951,0.4423664951801364,0.9314267143321417,0.4464522159046655,0.6035907966092772,0.27493500027659457,362,57,168,2.9473684210526314,6.350877192982456,0.33974608614378066
só descarte (40%),1,10,train,const_vel,0.4,0.0,0.0,0.2581158512641951,0.4423664951801364,0.9314267143321417,0.4464522159046655,0.6035907966092772,0.24050846504302828,296,57,223,3.912280701754386,5.192982456140351,0.3294649115974765
só descarte (40%),1,10,train,rnn_dt1,0.4,0.0,0.0,0.2581158512641951,0.4423664951801364,0.9314267143321417,0.4464522159046655,0.6035907966092772,0.2975334586881982,295,57,171,3.0,5.175438596491228,0.34628865176415613
só descarte (40%),1,11,train,static,0.4,0.0,0.0,0.3121145276174756,0.4437671731914582,0.9527809307604994,0.4447859262399322,0.6064590708763817,0.43540993462087624,94,75,102,1.36,1.2533333333333334,0.3805637982195845
só descarte (40%),1,11,train,const_vel,0.4,0.0,0.0,0.3121145276174756,0.4437671731914582,0.9527809307604994,0.4447859262399322,0.6064590708763817,0.3868474884460944,108,75,126,1.68,1.44,0.3672106824925816
só descarte (40%),1,11,train,rnn_dt1,0.4,0.0,0.0,0.3121145276174756,0.4437671731914582,0.9527809307604994,0.4447859262399322,0.6064590708763817,0.4215745192307692,86,75,105,1.4,1.1466666666666667,0.38130563798219586
só descarte (40%),1,09,val,static,0.4,0.0,0.0,0.2764402501836503,0.39590199157468214,0.9890528319847691,0.39023474178403755,0.5596552652841368,0.36066922654964345,62,26,34,1.3076923076923077,2.3846153846153846,0.3513615023474178
só descarte (40%),1,09,val,const_vel,0.4,0.0,0.0,0.2764402501836503,0.39590199157468214,0.9890528319847691,0.39023474178403755,0.5596552652841368,0.3390877192982456,64,26,61,2.3461538461538463,2.4615384615384617,0.3211267605633803
só descarte (40%),1,09,val,rnn_dt1,0.4,0.0,0.0,0.2764402501836503,0.39590199157468214,0.9890528319847691,0.39023474178403755,0.5596552652841368,0.3691505420612049,42,26,33,1.2692307692307692,1.6153846153846154,0.3534272300469483
só descarte (40%),1,13,val,static,0.4,0.0,0.0,0.18585691815695776,0.3288795586909251,0.8715120051914341,0.346074557636145,0.4954196126652321,0.21720126420550065,349,110,229,2.081818181818182,3.172727272727273,0.19343755368493387
só descarte (40%),1,13,val,const_vel,0.4,0.0,0.0,0.18585691815695776,0.3288795586909251,0.8715120051914341,0.346074557636145,0.4954196126652321,0.2903482060108566,144,110,186,1.690909090909091,1.309090909090909,0.2348393746778904
só descarte (40%),1,13,val,rnn_dt1,0.4,0.0,0.0,0.18585691815695776,0.3288795586909251,0.8715120051914341,0.346074557636145,0.4954196126652321,0.3415938437459241,177,110,144,1.309090909090909,1.6090909090909091,0.24712248754509536
só descarte (40%),2,02,train,static,0.4,0.0,0.0,0.17254809026120227,0.2931234543099593,0.9172995780590717,0.29250309455895807,0.4435648412633641,0.29558138559019764,162,62,99,1.596774193548387,2.6129032258064515,0.24605780097949514
só descarte (40%),2,02,train,const_vel,0.4,0.0,0.0,0.17254809026120227,0.2931234543099593,0.9172995780590717,0.29250309455895807,0.4435648412633641,0.22730392998112237,231,62,198,3.193548387096774,3.725806451612903,0.22259297131478395
só descarte (40%),2,02,train,rnn_dt1,0.4,0.0,0.0,0.17254809026120227,0.2931234543099593,0.9172995780590717,0.29250309455895807,0.4435648412633641,0.30663750315470684,147,62,103,1.6612903225806452,2.370967741935484,0.24648834831279265
só descarte (40%),2,04,train,static,0.4,0.0,0.0,0.31397647761136815,0.45540027200731575,0.9958806298059318,0.4575141409256261,0.6269865283481018,0.5142716106739452,151,83,109,1.3132530120481927,1.819277108433735,0.4419959206846521
só descarte (40%),2,04,train,const_vel,0.4,0.0,0.0,0.31397647761136815,0.45540027200731575,0.9958806298059318,0.4575141409256261,0.6269865283481018,0.3413192146481359,388,83,290,3.4939759036144578,4.674698795180723,0.4191181108985007
só descarte (40%),2,04,train,rnn_dt1,0.4,0.0,0.0,0.31397647761136815,0.45540027200731575,0.9958806298059318,0.4575141409256261,0.6269865283481018,0.5470747884646087,119,83,106,1.2771084337349397,1.4337349397590362,0.4434468111949871
só descarte (40%),2,05,train,static,0.4,0.0,0.0,0.2632808739593491,0.3856133132216158,0.9496124031007752,0.3896197773601272,0.5525371604305483,0.3658615834506661,129,133,97,0.7293233082706767,0.9699248120300752,0.296804973254301
só descarte (40%),2,05,train,const_vel,0.4,0.0,0.0,0.2632808739593491,0.3856133132216158,0.9496124031007752,0.3896197773601272,0.5525371604305483,0.3749446657813192,91,133,131,0.9849624060150376,0.6842105263157895,0.27989012577707095
só descarte (40%),2,05,train,rnn_dt1,0.4,0.0,0.0,0.2632808739593491,0.3856133132216158,0.9496124031007752,0.3896197773601272,0.5525371604305483,0.3968184789714535,81,133,102,0.7669172932330827,0.6090225563909775,0.29637125921642327
só descarte (40%),2,10,train,static,0.4,0.0,0.0,0.25692637494149945,0.4424001150467531,0.9322643979057592,0.4438040345821326,0.6013402986649781,0.27285357043623226,367,57,180,3.1578947368421053,6.43859649122807,0.3342160604408443
só descarte (40%),2,10,train,const_vel,0.4,0.0,0.0,0.25692637494149945,0.4424001150467531,0.9322643979057592,0.4438040345821326,0.6013402986649781,0.2737115146047141,306,57,232,4.0701754385964914,5.368421052631579,0.32533686424176333
só descarte (40%),2,10,train,rnn_dt1,0.4,0.0,0.0,0.25692637494149945,0.4424001150467531,0.9322643979057592,0.4438040345821326,0.6013402986649781,0.31175298804780877,248,57,152,2.6666666666666665,4.350877192982456,0.3533764311862294
só descarte (40%),2,11,train,static,0.4,0.0,0.0,0.3117426326772287,0.443635695051422,0.9515649988576651,0.4413946587537092,0.6030550930283067,0.4219211263341155,67,75,89,1.1866666666666668,0.8933333333333333,0.3688003391267486
só descarte (40%),2,11,train,const_vel,0.4,0.0,0.0,0.3117426326772287,0.443635695051422,0.9515649988576651,0.4413946587537092,0.6030550930283067,0.3710648677490662,92,75,122,1.6266666666666667,1.2266666666666666,0.3583086053412463
só descarte (40%),2,11,train,rnn_dt1,0.4,0.0,0.0,0.3117426326772287,0.443635695051422,0.9515649988576651,0.4413946587537092,0.6030550930283067,0.4399425504573286,72,75,93,1.24,0.96,0.3703899957609157
só descarte (40%),2,09,val,static,0.4,0.0,0.0,0.28198819222734584,0.3959494773182304,0.9863849765258216,0.39455399061032864,0.5636485580147551,0.36291318063365796,68,26,34,1.3076923076923077,2.6153846153846154,0.34816901408450707
só descarte (40%),2,09,val,const_vel,0.4,0.0,0.0,0.28198819222734584,0.3959494773182304,0.9863849765258216,0.39455399061032864,0.5636485580147551,0.3247098307928961,71,26,60,2.3076923076923075,2.730769230769231,0.323943661971831
só descarte (40%),2,09,val,rnn_dt1,0.4,0.0,0.0,0.28198819222734584,0.3959494773182304,0.9863849765258216,0.39455399061032864,0.5636485580147551,0.4155950752393981,34,26,30,1.1538461538461537,1.3076923076923077,0.3584976525821596
só descarte (40%),2,13,val,static,0.4,0.0,0.0,0.18651422257958675,0.3299349651467539,0.8672719412019023,0.3446143274351486,0.49323825915908537,0.22238705327039784,365,110,238,2.1636363636363636,3.3181818181818183,0.18871327950523964
só descarte (40%),2,13,val,const_vel,0.4,0.0,0.0,0.18651422257958675,0.3299349651467539,0.8672719412019023,0.3446143274351486,0.49323825915908537,0.29038040231029677,149,110,182,1.6545454545454545,1.3545454545454545,0.23243428964095514
só descarte (40%),2,13,val,rnn_dt1,0.4,0.0,0.0,0.18651422257958675,0.3299349651467539,0.8672719412019023,0.3446143274351486,0.49323825915908537,0.33012253456523166,166,110,152,1.3818181818181818,1.509090909090909,0.24145335852946226
só ruído (10%),0,02,train,static,0.0,0.1,0.0,0.1246428179382562,0.4008214826797143,0.8342688029390755,0.4399655562133362,0.5761099365750528,0.2577132486388385,1280,62,173,2.7903225806451615,20.64516129032258,0.28453796889295513
só ruído (10%),0,02,train,const_vel,0.0,0.1,0.0,0.1246428179382562,0.4008214826797143,0.8342688029390755,0.4399655562133362,0.5761099365750528,0.09796644243408335,946,62,716,11.548387096774194,15.258064516129032,0.2530003767289166
só ruído (10%),0,02,train,rnn_dt1,0.0,0.1,0.0,0.1246428179382562,0.4008214826797143,0.8342688029390755,0.4399655562133362,0.5761099365750528,0.29914716816094467,784,62,182,2.935483870967742,12.64516129032258,0.3115548140573704
só ruído (10%),0,04,train,static,0.0,0.1,0.0,0.21535052903177138,0.6562678526808559,0.9251092843592775,0.707550938873352,0.8018348623853212,0.38701451785563934,6317,83,215,2.5903614457831323,76.10843373493977,0.5122905145404462
só ruído (10%),0,04,train,const_vel,0.0,0.1,0.0,0.21535052903177138,0.6562678526808559,0.9251092843592775,0.707550938873352,0.8018348623853212,0.08677696484564203,3397,83,2169,26.132530120481928,40.9277108433735,0.4994427739344366
só ruído (10%),0,04,train,rnn_dt1,0.0,0.1,0.0,0.21535052903177138,0.6562678526808559,0.9251092843592775,0.707550938873352,0.8018348623853212,0.4755384190359507,1925,83,176,2.1204819277108435,23.19277108433735,0.6062829867317114
só ruído (10%),0,05,train,static,0.0,0.1,0.0,0.17516000986979774,0.5430663624945605,0.859504132231405,0.5863813792106405,0.6971467858370574,0.36420919974795213,618,133,154,1.1578947368421053,4.646616541353383,0.3810900679485326
só ruído (10%),0,05,train,const_vel,0.0,0.1,0.0,0.17516000986979774,0.5430663624945605,0.859504132231405,0.5863813792106405,0.6971467858370574,0.2295615546620716,380,133,394,2.962406015037594,2.857142857142857,0.3502963712592164
só ruído (10%),0,05,train,rnn_dt1,0.0,0.1,0.0,0.17516000986979774,0.5430663624945605,0.859504132231405,0.5863813792106405,0.6971467858370574,0.4276570810420986,340,133,159,1.1954887218045114,2.556390977443609,0.4227266155847911
só ruído (10%),0,10,train,static,0.0,0.1,0.0,0.17838667051192023,0.5870384598104601,0.8185996479561901,0.6519978191447932,0.7258616952091913,0.2408762441485252,1256,57,314,5.508771929824562,22.035087719298247,0.39473479242931697
só ruído (10%),0,10,train,const_vel,0.0,0.1,0.0,0.17838667051192023,0.5870384598104601,0.8185996479561901,0.6519978191447932,0.7258616952091913,0.13000048255561453,981,57,787,13.807017543859649,17.210526315789473,0.3611651997819145
só ruído (10%),0,10,train,rnn_dt1,0.0,0.1,0.0,0.17838667051192023,0.5870384598104601,0.8185996479561901,0.6519978191447932,0.7258616952091913,0.28302994715208457,845,57,264,4.631578947368421,14.824561403508772,0.43173144325882074
só ruído (10%),0,11,train,static,0.0,0.1,0.0,0.20926808150905027,0.6376205919797863,0.8730633324272901,0.6807969478592624,0.7650351315946171,0.39368135258546216,619,75,176,2.3466666666666667,8.253333333333334,0.5047689699025011
só ruído (10%),0,11,train,const_vel,0.0,0.1,0.0,0.20926808150905027,0.6376205919797863,0.8730633324272901,0.6807969478592624,0.7650351315946171,0.1850288904758813,526,75,496,6.613333333333333,7.013333333333334,0.4579270877490462
só ruído (10%),0,11,train,rnn_dt1,0.0,0.1,0.0,0.20926808150905027,0.6376205919797863,0.8730633324272901,0.6807969478592624,0.7650351315946171,0.4565297817240104,356,75,170,2.2666666666666666,4.746666666666667,0.5332768122085629
só ruído (10%),0,09,val,static,0.0,0.1,0.0,0.18734846259471402,0.5685390781069132,0.9254498714652957,0.6084507042253521,0.734194425560843,0.3182765809589993,331,26,57,2.1923076923076925,12.73076923076923,0.48225352112676056
só ruído (10%),0,09,val,const_vel,0.0,0.1,0.0,0.18734846259471402,0.5685390781069132,0.9254498714652957,0.6084507042253521,0.734194425560843,0.17133080777221069,327,26,251,9.653846153846153,12.576923076923077,0.41521126760563376
só ruído (10%),0,09,val,rnn_dt1,0.0,0.1,0.0,0.18734846259471402,0.5685390781069132,0.9254498714652957,0.6084507042253521,0.734194425560843,0.42980338047602623,231,26,42,1.6153846153846154,8.884615384615385,0.5046009389671362
só ruído (10%),0,13,val,static,0.0,0.1,0.0,0.13301405606632216,0.4350139354140658,0.7663092623692029,0.5095344442535646,0.6120827529278233,0.21200294134283612,873,110,426,3.8727272727272726,7.9363636363636365,0.24291358873045865
só ruído (10%),0,13,val,const_vel,0.0,0.1,0.0,0.13301405606632216,0.4350139354140658,0.7663092623692029,0.5095344442535646,0.6120827529278233,0.17339085820895522,625,110,608,5.527272727272727,5.681818181818182,0.2474660711218004
só ruído (10%),0,13,val,rnn_dt1,0.0,0.1,0.0,0.13301405606632216,0.4350139354140658,0.7663092623692029,0.5095344442535646,0.6120827529278233,0.31056244464127547,552,110,281,2.5545454545454547,5.0181818181818185,0.2954818759663288
só ruído (10%),1,02,train,static,0.0,0.1,0.0,0.12502832075562414,0.3985374831311837,0.8314113685069905,0.4384586405467951,0.5741367159971812,0.2578559232753297,1154,62,180,2.903225806451613,18.612903225806452,0.28997362897583556
só ruído (10%),1,02,train,const_vel,0.0,0.1,0.0,0.12502832075562414,0.3985374831311837,0.8314113685069905,0.4384586405467951,0.5741367159971812,0.10462869948226566,950,62,719,11.596774193548388,15.32258064516129,0.25192400839567297
só ruído (10%),1,02,train,rnn_dt1,0.0,0.1,0.0,0.12502832075562414,0.3985374831311837,0.8314113685069905,0.4384586405467951,0.5741367159971812,0.31181698965467,867,62,187,3.0161290322580645,13.983870967741936,0.303751143641354
só ruído (10%),1,04,train,static,0.0,0.1,0.0,0.21552675798670734,0.6552548166744597,0.9229098507134413,0.7058687469773114,0.7999285118551174,0.37156774309940466,6526,83,225,2.710843373493976,78.62650602409639,0.5041949660407511
só ruído (10%),1,04,train,const_vel,0.0,0.1,0.0,0.21552675798670734,0.6552548166744597,0.9229098507134413,0.7058687469773114,0.7999285118551174,0.08629202015691778,3364,83,2151,25.91566265060241,40.53012048192771,0.4954475681813403
só ruído (10%),1,04,train,rnn_dt1,0.0,0.1,0.0,0.21552675798670734,0.6552548166744597,0.9229098507134413,0.7058687469773114,0.7999285118551174,0.49814966117172105,2173,83,198,2.3855421686746987,26.180722891566266,0.5965052463359758
só ruído (10%),1,05,train,static,0.0,0.1,0.0,0.17744773797616317,0.5499439715074483,0.8686162322525959,0.5925979470868874,0.7045376418013063,0.40072169598556606,515,133,163,1.2255639097744362,3.8721804511278197,0.402631198496458
só ruído (10%),1,05,train,const_vel,0.0,0.1,0.0,0.17744773797616317,0.5499439715074483,0.8686162322525959,0.5925979470868874,0.7045376418013063,0.24068382635420668,377,133,390,2.9323308270676693,2.8345864661654137,0.358826080670811
só ruído (10%),1,05,train,rnn_dt1,0.0,0.1,0.0,0.17744773797616317,0.5499439715074483,0.8686162322525959,0.5925979470868874,0.7045376418013063,0.4279019466474405,323,133,165,1.2406015037593985,2.4285714285714284,0.4279311840393234
só ruído (10%),1,10,train,static,0.0,0.1,0.0,0.1828360967635127,0.5909533804637699,0.8191863876393507,0.6524651452605343,0.726381964014741,0.2514368466307644,1220,57,282,4.947368421052632,21.403508771929825,0.40096580730586495
só ruído (10%),1,10,train,const_vel,0.0,0.1,0.0,0.1828360967635127,0.5909533804637699,0.8191863876393507,0.6524651452605343,0.726381964014741,0.12020546301185733,976,57,768,13.473684210526315,17.12280701754386,0.3668510008567646
só ruído (10%),1,10,train,rnn_dt1,0.0,0.1,0.0,0.1828360967635127,0.5909533804637699,0.8191863876393507,0.6524651452605343,0.726381964014741,0.2884771802982377,836,57,260,4.56140350877193,14.666666666666666,0.43500272606900847
só ruído (10%),1,11,train,static,0.0,0.1,0.0,0.20720744714445877,0.6330396641231532,0.8726556129382984,0.680479016532429,0.7646778611408835,0.38120523586070637,564,75,169,2.2533333333333334,7.52,0.5112335735481136
só ruído (10%),1,11,train,const_vel,0.0,0.1,0.0,0.20720744714445877,0.6330396641231532,0.8726556129382984,0.680479016532429,0.7646778611408835,0.1821491256581941,528,75,502,6.693333333333333,7.04,0.45517168291649
só ruído (10%),1,11,train,rnn_dt1,0.0,0.1,0.0,0.20720744714445877,0.6330396641231532,0.8726556129382984,0.680479016532429,0.7646778611408835,0.5000920866842654,357,75,142,1.8933333333333333,4.76,0.5368800339126749
só ruído (10%),1,09,val,static,0.0,0.1,0.0,0.1888556496724254,0.5661972247907376,0.9177377892030848,0.6033802816901408,0.7280761386811693,0.34922100403923834,333,26,48,1.8461538461538463,12.807692307692308,0.4726760563380281
só ruído (10%),1,09,val,const_vel,0.0,0.1,0.0,0.1888556496724254,0.5661972247907376,0.9177377892030848,0.6033802816901408,0.7280761386811693,0.2000731975112846,292,26,233,8.961538461538462,11.23076923076923,0.41389671361502345
só ruído (10%),1,09,val,rnn_dt1,0.0,0.1,0.0,0.1888556496724254,0.5661972247907376,0.9177377892030848,0.6033802816901408,0.7280761386811693,0.4428341384863124,210,26,44,1.6923076923076923,8.076923076923077,0.49934272300469484
só ruído (10%),1,13,val,static,0.0,0.1,0.0,0.13329267601897207,0.4457565134197678,0.7723808293502131,0.5135715512798488,0.6169323634112366,0.2323300642543118,870,110,413,3.7545454545454544,7.909090909090909,0.2496134684762068
só ruído (10%),1,13,val,const_vel,0.0,0.1,0.0,0.13329267601897207,0.4457565134197678,0.7723808293502131,0.5135715512798488,0.6169323634112366,0.18533178114086146,606,110,587,5.336363636363636,5.509090909090909,0.25974918398900537
só ruído (10%),1,13,val,rnn_dt1,0.0,0.1,0.0,0.13329267601897207,0.4457565134197678,0.7723808293502131,0.5135715512798488,0.6169323634112366,0.34213864225445323,557,110,270,2.4545454545454546,5.0636363636363635,0.30630475863253737
só ruído (10%),2,02,train,static,0.0,0.1,0.0,0.1246095778248959,0.3978025561997729,0.8275334217777324,0.4364135407136322,0.5714587737843552,0.26786298085655125,1128,62,173,2.7903225806451615,18.193548387096776,0.2888972606425919
só ruído (10%),2,02,train,const_vel,0.0,0.1,0.0,0.1246095778248959,0.3978025561997729,0.8275334217777324,0.4364135407136322,0.5714587737843552,0.09870250231696015,1002,62,732,11.806451612903226,16.161290322580644,0.24632689306280608
só ruído (10%),2,02,train,rnn_dt1,0.0,0.1,0.0,0.1246095778248959,0.3978025561997729,0.8275334217777324,0.4364135407136322,0.5714587737843552,0.2831987193480317,774,62,171,2.7580645161290325,12.483870967741936,0.30628060922447664
só ruído (10%),2,04,train,static,0.0,0.1,0.0,0.214644184612356,0.6560133316113115,0.9250268055975587,0.7074878566772504,0.8017633742404384,0.3741548973846931,6013,83,214,2.5783132530120483,72.44578313253012,0.5181571587778876
só ruído (10%),2,04,train,const_vel,0.0,0.1,0.0,0.214644184612356,0.6560133316113115,0.9250268055975587,0.7074878566772504,0.8017633742404384,0.08240503260217688,3398,83,2166,26.096385542168676,40.93975903614458,0.49729797926698494
só ruído (10%),2,04,train,rnn_dt1,0.0,0.1,0.0,0.214644184612356,0.6560133316113115,0.9250268055975587,0.7074878566772504,0.8017633742404384,0.46610362930837707,1693,83,177,2.1325301204819276,20.397590361445783,0.610866959648422
só ruído (10%),2,05,train,static,0.0,0.1,0.0,0.17593876913065254,0.549120536267894,0.8688281415554143,0.5927425184328466,0.7047095221725679,0.38234497698348224,564,133,163,1.2255639097744362,4.2406015037593985,0.3941014890848634
só ruído (10%),2,05,train,const_vel,0.0,0.1,0.0,0.17593876913065254,0.549120536267894,0.8688281415554143,0.5927425184328466,0.7047095221725679,0.2454022988505747,386,133,389,2.924812030075188,2.9022556390977443,0.3583923666329334
só ruído (10%),2,05,train,rnn_dt1,0.0,0.1,0.0,0.17593876913065254,0.549120536267894,0.8688281415554143,0.5927425184328466,0.7047095221725679,0.451159015062686,311,133,156,1.1729323308270676,2.338345864661654,0.4324128957640596
só ruído (10%),2,10,train,static,0.0,0.1,0.0,0.18248980727518951,0.5912030237027001,0.8218267162135733,0.6545681127813693,0.728723173639714,0.24743014988905493,1200,57,296,5.192982456140351,21.05263157894737,0.40688527143858555
só ruído (10%),2,10,train,const_vel,0.0,0.1,0.0,0.18248980727518951,0.5912030237027001,0.8218267162135733,0.6545681127813693,0.728723173639714,0.12017704223996921,992,57,776,13.614035087719298,17.403508771929825,0.36303450424487893
só ruído (10%),2,10,train,rnn_dt1,0.0,0.1,0.0,0.18248980727518951,0.5912030237027001,0.8218267162135733,0.6545681127813693,0.728723173639714,0.3086090921403097,863,57,267,4.684210526315789,15.140350877192983,0.43562582755666324
só ruído (10%),2,11,train,static,0.0,0.1,0.0,0.20969094896124302,0.6371165183695984,0.875373742864909,0.6825985587113184,0.7670596641657735,0.43500738552437224,642,75,152,2.026666666666667,8.56,0.5108096651123357
só ruído (10%),2,11,train,const_vel,0.0,0.1,0.0,0.20969094896124302,0.6371165183695984,0.875373742864909,0.6825985587113184,0.7670596641657735,0.2046988577362409,483,75,463,6.173333333333333,6.44,0.4723399745654938
só ruído (10%),2,11,train,rnn_dt1,0.0,0.1,0.0,0.20969094896124302,0.6371165183695984,0.875373742864909,0.6825985587113184,0.7670596641657735,0.5289246058524016,261,75,131,1.7466666666666666,3.48,0.5529885544722339
só ruído (10%),2,09,val,static,0.0,0.1,0.0,0.18815338248028152,0.5623362993938021,0.9165952584975722,0.6026291079812206,0.7271697258101064,0.31665318386686697,353,26,61,2.3461538461538463,13.576923076923077,0.4644131455399061
só ruído (10%),2,09,val,const_vel,0.0,0.1,0.0,0.18815338248028152,0.5623362993938021,0.9165952584975722,0.6026291079812206,0.7271697258101064,0.15395894428152493,331,26,252,9.692307692307692,12.73076923076923,0.4015023474178404
só ruído (10%),2,09,val,rnn_dt1,0.0,0.1,0.0,0.18815338248028152,0.5623362993938021,0.9165952584975722,0.6026291079812206,0.7271697258101064,0.40651345420949303,229,26,57,2.1923076923076925,8.807692307692308,0.4910798122065728
só ruído (10%),2,13,val,static,0.0,0.1,0.0,0.13084156518363965,0.4344574674400626,0.765404986435861,0.5089331729943308,0.6113604705154,0.21687835167936778,883,110,445,4.045454545454546,8.027272727272727,0.2439443394605738
só ruído (10%),2,13,val,const_vel,0.0,0.1,0.0,0.13084156518363965,0.4344574674400626,0.765404986435861,0.5089331729943308,0.6113604705154,0.16776220115176546,640,110,598,5.4363636363636365,5.818181818181818,0.25158907404226083
só ruído (10%),2,13,val,rnn_dt1,0.0,0.1,0.0,0.13084156518363965,0.4344574674400626,0.765404986435861,0.5089331729943308,0.6113604705154,0.29614447152670065,521,110,287,2.609090909090909,4.736363636363636,0.2976292733207353
só falsos positivos (3/q),0,02,train,static,0.0,0.0,3.0,0.28228189733464426,0.4761725626405671,0.7726294031521833,0.48280501587643293,0.594263381028087,0.4408671852492077,231,62,129,2.0806451612903225,3.725806451612903,0.42096765513158607
só falsos positivos (3/q),0,02,train,const_vel,0.0,0.0,3.0,0.28228189733464426,0.4761725626405671,0.7726294031521833,0.48280501587643293,0.594263381028087,0.375123540393133,293,62,244,3.935483870967742,4.725806451612903,0.4081050535493246
só falsos positivos (3/q),0,02,train,rnn_dt1,0.0,0.0,3.0,0.28228189733464426,0.4761725626405671,0.7726294031521833,0.48280501587643293,0.594263381028087,0.4535093414123927,257,62,133,2.1451612903225805,4.145161290322581,0.4212905656315591
só falsos positivos (3/q),0,04,train,static,0.0,0.0,3.0,0.520042502489815,0.7599343382437542,0.9160644802668149,0.7623693672855731,0.8321799506512884,0.7038006766854369,234,83,122,1.4698795180722892,2.819277108433735,0.7477763525874215
só falsos positivos (3/q),0,04,train,const_vel,0.0,0.0,3.0,0.520042502489815,0.7599343382437542,0.9160644802668149,0.7623693672855731,0.8321799506512884,0.6398973362597297,248,83,202,2.433734939759036,2.9879518072289155,0.7427718316967008
só falsos positivos (3/q),0,04,train,rnn_dt1,0.0,0.0,3.0,0.520042502489815,0.7599343382437542,0.9160644802668149,0.7623693672855731,0.8321799506512884,0.7631094426245187,124,83,106,1.2771084337349397,1.4939759036144578,0.7504888870197868
só falsos positivos (3/q),0,05,train,static,0.0,0.0,3.0,0.4323746845118981,0.6381610870381854,0.6257626178591237,0.652450484314009,0.6388279425295491,0.485291700903862,180,133,145,1.0902255639097744,1.3533834586466165,0.432702038455978
só falsos positivos (3/q),0,05,train,const_vel,0.0,0.0,3.0,0.4323746845118981,0.6381610870381854,0.6257626178591237,0.652450484314009,0.6388279425295491,0.5458086217579888,124,133,224,1.6842105263157894,0.9323308270676691,0.5294202689027034
só falsos positivos (3/q),0,05,train,rnn_dt1,0.0,0.0,3.0,0.4323746845118981,0.6381610870381854,0.6257626178591237,0.652450484314009,0.6388279425295491,0.5406837606837607,121,133,176,1.3233082706766917,0.9097744360902256,0.4929882897209773
só falsos positivos (3/q),0,10,train,static,0.0,0.0,3.0,0.41935964892919275,0.7215775497361696,0.7750183808512376,0.738920476672638,0.7565390749601275,0.4399234296398522,465,57,195,3.4210526315789473,8.157894736842104,0.632837448399408
só falsos positivos (3/q),0,10,train,const_vel,0.0,0.0,3.0,0.41935964892919275,0.7215775497361696,0.7750183808512376,0.738920476672638,0.7565390749601275,0.49700277355283173,300,57,208,3.6491228070175437,5.2631578947368425,0.6459225796401589
só falsos positivos (3/q),0,10,train,rnn_dt1,0.0,0.0,3.0,0.41935964892919275,0.7215775497361696,0.7750183808512376,0.738920476672638,0.7565390749601275,0.5121516958960206,326,57,176,3.087719298245614,5.719298245614035,0.6482592102188645
só falsos positivos (3/q),0,11,train,static,0.0,0.0,3.0,0.5155841618651511,0.7327117860992134,0.7024785128922646,0.7449130987706656,0.7230737578438432,0.5997245673911742,106,75,123,1.64,1.4133333333333333,0.6577999152183128
só falsos positivos (3/q),0,11,train,const_vel,0.0,0.0,3.0,0.5155841618651511,0.7327117860992134,0.7024785128922646,0.7449130987706656,0.7230737578438432,0.5707483823708949,103,75,155,2.066666666666667,1.3733333333333333,0.6734845273420942
só falsos positivos (3/q),0,11,train,rnn_dt1,0.0,0.0,3.0,0.5155841618651511,0.7327117860992134,0.7024785128922646,0.7449130987706656,0.7230737578438432,0.5640901965513083,107,75,123,1.64,1.4266666666666667,0.6652183128444256
só falsos positivos (3/q),0,09,val,static,0.0,0.0,3.0,0.45665967432879323,0.6483551352704239,0.6837859110586383,0.6525821596244131,0.6678197367156722,0.5081800744668848,63,26,45,1.7307692307692308,2.423076923076923,0.5924882629107981
só falsos positivos (3/q),0,09,val,const_vel,0.0,0.0,3.0,0.45665967432879323,0.6483551352704239,0.6837859110586383,0.6525821596244131,0.6678197367156722,0.4887304507819687,54,26,64,2.4615384615384617,2.076923076923077,0.6071361502347418
só falsos positivos (3/q),0,09,val,rnn_dt1,0.0,0.0,3.0,0.45665967432879323,0.6483551352704239,0.6837859110586383,0.6525821596244131,0.6678197367156722,0.5774951742931759,43,26,41,1.5769230769230769,1.6538461538461537,0.6090140845070422
só falsos positivos (3/q),0,13,val,static,0.0,0.0,3.0,0.30849573141880066,0.5368049812081694,0.6774809160305344,0.5793678062188627,0.6245948698953607,0.44867585905012036,411,110,266,2.418181818181818,3.7363636363636363,0.4273320735268854
só falsos positivos (3/q),0,13,val,const_vel,0.0,0.0,3.0,0.30849573141880066,0.5368049812081694,0.6774809160305344,0.5793678062188627,0.6245948698953607,0.5215362916350222,169,110,213,1.9363636363636363,1.5363636363636364,0.47010822882666203
só falsos positivos (3/q),0,13,val,rnn_dt1,0.0,0.0,3.0,0.30849573141880066,0.5368049812081694,0.6774809160305344,0.5793678062188627,0.6245948698953607,0.5364403114186851,187,110,190,1.7272727272727273,1.7,0.47216973028689224
só falsos positivos (3/q),1,02,train,static,0.0,0.0,3.0,0.28222487873024604,0.4760613817145645,0.7711267605633803,0.4832355632097304,0.5941439205955336,0.42749630909942027,233,62,132,2.129032258064516,3.7580645161290325,0.4211291103815725
só falsos positivos (3/q),1,02,train,const_vel,0.0,0.0,3.0,0.28222487873024604,0.4760613817145645,0.7711267605633803,0.4832355632097304,0.5941439205955336,0.3814961206265554,298,62,246,3.967741935483871,4.806451612903226,0.4076745062160271
só falsos positivos (3/q),1,02,train,rnn_dt1,0.0,0.0,3.0,0.28222487873024604,0.4760613817145645,0.7711267605633803,0.4832355632097304,0.5941439205955336,0.45450286496810693,260,62,135,2.1774193548387095,4.193548387096774,0.4204294709649642
só falsos positivos (3/q),1,04,train,static,0.0,0.0,3.0,0.5199935465419114,0.7598427453485688,0.9163485603053821,0.7622011480959691,0.832196891429621,0.7167334250014946,249,83,116,1.3975903614457832,3.0,0.7476712155939189
só falsos positivos (3/q),1,04,train,const_vel,0.0,0.0,3.0,0.5199935465419114,0.7598427453485688,0.9163485603053821,0.7622011480959691,0.832196891429621,0.6316509139759152,248,83,203,2.4457831325301207,2.9879518072289155,0.7426666947031983
só falsos positivos (3/q),1,04,train,rnn_dt1,0.0,0.0,3.0,0.5199935465419114,0.7598427453485688,0.9163485603053821,0.7622011480959691,0.832196891429621,0.7613571155317521,130,83,101,1.216867469879518,1.5662650602409638,0.7504468322223857
só falsos positivos (3/q),1,05,train,static,0.0,0.0,3.0,0.43227842666716193,0.6380839545773984,0.6231864032057483,0.6520167702761313,0.6372756817860675,0.5103071446311781,177,133,139,1.0451127819548873,1.330827067669173,0.44455688882463495
só falsos positivos (3/q),1,05,train,const_vel,0.0,0.0,3.0,0.43227842666716193,0.6380839545773984,0.6231864032057483,0.6520167702761313,0.6372756817860675,0.5661751643275893,119,133,216,1.6240601503759398,0.8947368421052632,0.5386728350440942
só falsos positivos (3/q),1,05,train,rnn_dt1,0.0,0.0,3.0,0.43227842666716193,0.6380839545773984,0.6231864032057483,0.6520167702761313,0.6372756817860675,0.5521482873494491,135,133,168,1.263157894736842,1.0150375939849625,0.500361428364898
só falsos positivos (3/q),1,10,train,static,0.0,0.0,3.0,0.4193651091931273,0.7216967758612539,0.7803273295501275,0.7389983643585949,0.7591007280582447,0.44068551079456936,462,57,196,3.43859649122807,8.105263157894736,0.6321364592257964
só falsos positivos (3/q),1,10,train,const_vel,0.0,0.0,3.0,0.4193651091931273,0.7216967758612539,0.7803273295501275,0.7389983643585949,0.7591007280582447,0.4970917225950783,298,57,209,3.6666666666666665,5.228070175438597,0.6451437027805904
só falsos positivos (3/q),1,10,train,rnn_dt1,0.0,0.0,3.0,0.4193651091931273,0.7216967758612539,0.7803273295501275,0.7389983643585949,0.7591007280582447,0.5224351847734247,327,57,174,3.0526315789473686,5.7368421052631575,0.6467014564997273
só falsos positivos (3/q),1,11,train,static,0.0,0.0,3.0,0.5156368033173937,0.7326914324992689,0.7041123370110332,0.7439593047901654,0.7234875811604659,0.6430721078608402,91,75,116,1.5466666666666666,1.2133333333333334,0.6664900381517592
só falsos positivos (3/q),1,11,train,const_vel,0.0,0.0,3.0,0.5156368033173937,0.7326914324992689,0.7041123370110332,0.7439593047901654,0.7234875811604659,0.5952351863164325,103,75,149,1.9866666666666666,1.3733333333333333,0.6732725731242052
só falsos positivos (3/q),1,11,train,rnn_dt1,0.0,0.0,3.0,0.5156368033173937,0.7326914324992689,0.7041123370110332,0.7439593047901654,0.7234875811604659,0.6348668280871671,105,75,118,1.5733333333333333,1.4,0.6703052140737601
só falsos positivos (3/q),1,09,val,static,0.0,0.0,3.0,0.4558818478236863,0.6480670938365075,0.6804467084639498,0.6522065727699531,0.6660274235305398,0.5118805159538357,55,26,40,1.5384615384615385,2.1153846153846154,0.6009389671361502
só falsos positivos (3/q),1,09,val,const_vel,0.0,0.0,3.0,0.4558818478236863,0.6480670938365075,0.6804467084639498,0.6522065727699531,0.6660274235305398,0.51932811780948,54,26,63,2.423076923076923,2.076923076923077,0.6067605633802817
só falsos positivos (3/q),1,09,val,rnn_dt1,0.0,0.0,3.0,0.4558818478236863,0.6480670938365075,0.6804467084639498,0.6522065727699531,0.6660274235305398,0.6090516261087104,45,26,42,1.6153846153846154,1.7307692307692308,0.6073239436619718
só falsos positivos (3/q),1,13,val,static,0.0,0.0,3.0,0.30864311765623004,0.5371012614121944,0.6806943182964982,0.5793678062188627,0.6259570321562805,0.44693899901434675,411,110,267,2.4272727272727272,3.7363636363636363,0.4280192406802955
só falsos positivos (3/q),1,13,val,const_vel,0.0,0.0,3.0,0.30864311765623004,0.5371012614121944,0.6806943182964982,0.5793678062188627,0.6259570321562805,0.5213193012910925,167,110,213,1.9363636363636363,1.518181818181818,0.4704518124033671
só falsos positivos (3/q),1,13,val,rnn_dt1,0.0,0.0,3.0,0.30864311765623004,0.5371012614121944,0.6806943182964982,0.5793678062188627,0.6259570321562805,0.5363110366084465,187,110,190,1.7272727272727273,1.7,0.47208383439271606
só falsos positivos (3/q),2,02,train,static,0.0,0.0,3.0,0.28222820463679915,0.47606281164660313,0.7745554980148455,0.48296647112641944,0.5949547518811946,0.43635447049079973,233,62,127,2.0483870967741935,3.7580645161290325,0.42199020504816753
só falsos positivos (3/q),2,02,train,const_vel,0.0,0.0,3.0,0.28222820463679915,0.47606281164660313,0.7745554980148455,0.48296647112641944,0.5949547518811946,0.37290865824638475,299,62,247,3.9838709677419355,4.82258064516129,0.40788977988267583
só falsos positivos (3/q),2,02,train,rnn_dt1,0.0,0.0,3.0,0.28222820463679915,0.47606281164660313,0.7745554980148455,0.48296647112641944,0.5949547518811946,0.4593922353195631,252,62,128,2.064516129032258,4.064516129032258,0.42150583929820784
só falsos positivos (3/q),2,04,train,static,0.0,0.0,3.0,0.5200449634549731,0.7599277423649895,0.9169217536492196,0.7621380658998675,0.8323955630066832,0.7061440221940545,216,83,119,1.4337349397590362,2.602409638554217,0.7483020375549341
só falsos positivos (3/q),2,04,train,const_vel,0.0,0.0,3.0,0.5200449634549731,0.7599277423649895,0.9169217536492196,0.7621380658998675,0.8323955630066832,0.6378629946382948,241,83,199,2.397590361445783,2.9036144578313254,0.7427508042980002
só falsos positivos (3/q),2,04,train,rnn_dt1,0.0,0.0,3.0,0.5200449634549731,0.7599277423649895,0.9169217536492196,0.7621380658998675,0.8323955630066832,0.7628395179801071,125,83,103,1.2409638554216869,1.5060240963855422,0.7507622432028933
só falsos positivos (3/q),2,05,train,static,0.0,0.0,3.0,0.4326543181930342,0.6385928225164583,0.6251561849229488,0.6510047708544167,0.6378186968838526,0.5095320623916811,171,133,142,1.0676691729323309,1.2857142857142858,0.44050889113777647
só falsos positivos (3/q),2,05,train,const_vel,0.0,0.0,3.0,0.4326543181930342,0.6385928225164583,0.6251561849229488,0.6510047708544167,0.6378186968838526,0.5575307331741399,120,133,219,1.6466165413533835,0.9022556390977443,0.5308659823622959
só falsos positivos (3/q),2,05,train,rnn_dt1,0.0,0.0,3.0,0.4326543181930342,0.6385928225164583,0.6251561849229488,0.6510047708544167,0.6378186968838526,0.5811820652173914,130,133,174,1.3082706766917294,0.9774436090225563,0.48908486338007806
só falsos positivos (3/q),2,10,train,static,0.0,0.0,3.0,0.41974459579544227,0.7223735546934961,0.7793114781036891,0.7387647013007244,0.7584966013594563,0.45234809703983975,457,57,194,3.4035087719298245,8.017543859649123,0.6329932237713218
só falsos positivos (3/q),2,10,train,const_vel,0.0,0.0,3.0,0.41974459579544227,0.7223735546934961,0.7793114781036891,0.7387647013007244,0.7584966013594563,0.4876040454667502,302,57,210,3.6842105263157894,5.298245614035087,0.6452994781525041
só falsos positivos (3/q),2,10,train,rnn_dt1,0.0,0.0,3.0,0.41974459579544227,0.7223735546934961,0.7793114781036891,0.7387647013007244,0.7584966013594563,0.5058954393770857,325,57,174,3.0526315789473686,5.701754385964913,0.6474803333592959
só falsos positivos (3/q),2,11,train,static,0.0,0.0,3.0,0.5155856105276514,0.7326818086824562,0.702632369132219,0.7439593047901654,0.7227055129459002,0.6159206969059777,101,75,123,1.64,1.3466666666666667,0.6619330224671471
só falsos positivos (3/q),2,11,train,const_vel,0.0,0.0,3.0,0.5155856105276514,0.7326818086824562,0.702632369132219,0.7439593047901654,0.7227055129459002,0.5858129162338852,107,75,158,2.1066666666666665,1.4266666666666667,0.6714709622721492
só falsos positivos (3/q),2,11,train,rnn_dt1,0.0,0.0,3.0,0.5155856105276514,0.7326818086824562,0.702632369132219,0.7439593047901654,0.7227055129459002,0.6322541603630862,111,75,120,1.6,1.48,0.6708350996184824
só falsos positivos (3/q),2,09,val,static,0.0,0.0,3.0,0.45602914556195034,0.6484493511498021,0.6928756735182598,0.652018779342723,0.6718266253869969,0.5129076086956522,57,26,41,1.5769230769230769,2.1923076923076925,0.5990610328638497
só falsos positivos (3/q),2,09,val,const_vel,0.0,0.0,3.0,0.45602914556195034,0.6484493511498021,0.6928756735182598,0.652018779342723,0.6718266253869969,0.5377977217811529,54,26,65,2.5,2.076923076923077,0.6065727699530516
só falsos positivos (3/q),2,09,val,rnn_dt1,0.0,0.0,3.0,0.45602914556195034,0.6484493511498021,0.6928756735182598,0.652018779342723,0.6718266253869969,0.5522964984083675,46,26,41,1.5769230769230769,1.7692307692307692,0.6060093896713614
só falsos positivos (3/q),2,13,val,static,0.0,0.0,3.0,0.30818929060869765,0.5359981713641138,0.6751401120896717,0.579453702113039,0.6236479615420172,0.4457587207710421,403,110,266,2.418181818181818,3.6636363636363636,0.42844872015117674
só falsos positivos (3/q),2,13,val,const_vel,0.0,0.0,3.0,0.30818929060869765,0.5359981713641138,0.6751401120896717,0.579453702113039,0.6236479615420172,0.5218382073680212,169,110,212,1.9272727272727272,1.5363636363636364,0.47070950008589585
só falsos positivos (3/q),2,13,val,rnn_dt1,0.0,0.0,3.0,0.30818929060869765,0.5359981713641138,0.6751401120896717,0.579453702113039,0.6236479615420172,0.5358939680822289,187,110,191,1.7363636363636363,1.7,0.471740250816011
