variant,method,k,subset,n_fases,IDF1,ids_pred/gt,IDsw/id,fragmentations,MOTA,IDF1_std,ids_pred/gt_std,IDsw/id_std,fragmentations_std,MOTA_std,IDF1_rel
casada,const_vel,1,camera_movel,1,0.5605478077182703,2.1665299612668036,2.2228628389154705,253.25,0.5884555665893729,,,,,,1.0
casada,const_vel,1,camera_parada,1,0.5291693219295198,2.7525386907431213,3.1150557565248587,441.3333333333333,0.5887017976892345,,,,,,1.0
casada,const_vel,1,todos,1,0.5470998852373772,2.417676559613797,2.6052312321766364,333.85714285714283,0.5885610942035993,,,,,,1.0
casada,const_vel,1,val,1,0.5342127038642885,2.0405594405594405,1.7104895104895106,182.5,0.5416807769828039,,,,,,1.0
casada,const_vel,2,camera_movel,2,0.5525718905651646,1.835121365056477,1.7451103864892619,143.5,0.5416177184717913,0.0012497753412852046,0.028952122641372608,0.06832932366308243,4.596194077712559,0.001503311752915953,0.9857712097999778
casada,const_vel,2,camera_parada,2,0.545672999660088,1.9858803088874826,2.005527514440147,241.83333333333334,0.5760597930408935,0.007095358366111275,0.040724245406618016,0.006262052988737722,7.7781745930520225,0.0029378382747354426,1.031187895908989
casada,const_vel,2,todos,2,0.5496152230344175,1.8997323409840507,1.856717727039641,185.64285714285714,0.5563786075728352,0.0023267105333132365,0.03399731811219212,0.03636159081230242,0.7071067811865476,0.0004000382589347629,1.0045975842161783
casada,const_vel,2,val,2,0.5366623866338716,1.5833916083916086,1.2083916083916084,93.0,0.5018872488835939,0.013576949323279939,0.12683418837367097,0.07664444131742318,5.656854249492381,0.0006105519831337598,1.0045855943744186
casada,const_vel,5,camera_movel,5,0.42852045946668954,1.4575628603794029,1.5788955908378717,85.1,0.37766550616501765,0.008614416556854713,0.037444726204665685,0.04259440115351262,1.799305421544657,0.0020628031185889475,0.7644672828371183
casada,const_vel,5,camera_parada,5,0.5650898339220496,1.4194973494765606,1.1352509874924066,118.13333333333333,0.5450882891397331,0.008612862855338937,0.0488710047936435,0.050791679091451325,2.076321533652993,0.0032723342990772174,1.0678809418912498
casada,const_vel,5,todos,5,0.4870501913761296,1.4412490699924705,1.3887621894041011,99.25714285714285,0.44941812743989573,0.005989871758972568,0.038147755680129306,0.0417354921942756,1.3069672013123075,0.0021663582553806135,0.8902399808854043
casada,const_vel,5,val,5,0.45509644042355113,1.062398900793396,0.7376581980710422,41.7,0.3791738356912811,0.0037654177067296918,0.04347830606521465,0.052188360063979464,1.4404860290887938,0.004776281496342305,0.8519011942837733
casada,rnn_dt1,1,camera_movel,1,0.5819180765595872,1.8416928685349738,2.3871804511278194,266.25,0.5919262706547174,,,,,,1.0
casada,rnn_dt1,1,camera_parada,1,0.6118694837478766,1.5586415139466052,2.4640148684066294,508.6666666666667,0.5974031906762325,,,,,,1.0
casada,rnn_dt1,1,todos,1,0.594754393925997,1.7203851451399588,2.420109487104452,370.14285714285717,0.5942735220925096,,,,,,1.0
casada,rnn_dt1,1,val,1,0.575878835900598,1.5367132867132869,1.7346153846153847,194.5,0.5460139143283224,,,,,,1.0
casada,rnn_dt1,2,camera_movel,2,0.5494751235092359,1.7219502835544653,2.073924088708696,151.125,0.5376019634940274,0.012933225204857832,0.04421464899453388,0.12081241585324544,3.3587572106361008,0.003848066477657483,0.9442482466910801
casada,rnn_dt1,2,camera_parada,2,0.6153402535607184,1.3731545604548827,1.4405510759022127,263.33333333333337,0.5888174087335717,0.00746654253970799,0.027022936528501143,0.2532909126521191,6.59966329107441,0.0024985714481475037,1.0056724022116323
casada,rnn_dt1,2,todos,2,0.5777030363884426,1.5724664022260726,1.8024785117916315,199.21428571428572,0.5595514400252607,0.004190467600043914,0.03684677222337677,0.03951758207762492,0.909137290096984,0.0011280787951696316,0.971330421915847
casada,rnn_dt1,2,val,2,0.5549804476303146,1.2587412587412588,1.168006993006993,103.25,0.5028283629949551,0.01038190579926221,0.09147884931434341,0.05365110892219587,2.4748737341529163,0.0031656543761542882,0.963710442253706
casada,rnn_dt1,5,camera_movel,5,0.3978574920161128,1.437500084572538,1.9470058606980623,94.65,0.3673997687577088,0.006664848673694403,0.04030615232728808,0.05051083405705257,3.1849254308382156,0.003514890438650019,0.683700177125144
casada,rnn_dt1,5,camera_parada,5,0.5939139231956139,1.2498907936445804,1.0387262088300195,119.2,0.5525156597193389,0.003490042299901016,0.05118146082667008,0.025037270112773517,3.701351104664347,0.0019919372482259884,0.9706545905145002
casada,rnn_dt1,5,todos,5,0.4818816768073275,1.357096102746271,1.5577431527546153,105.17142857142858,0.4467351505984075,0.0034527385361979614,0.03212506178767074,0.028525213747000636,1.810964338890937,0.0025729241457473724,0.8102196162459729
casada,rnn_dt1,5,val,5,0.44033091320667905,1.0083210486421497,0.9966523147257093,51.0,0.36776927003927257,0.013894771223029167,0.02772411603740791,0.0385781727414984,1.8027756377319943,0.005831007118364017,0.7646242330091191
casada,rnn_dtk,1,camera_movel,1,0.5819180765595872,1.8416928685349738,2.3871804511278194,266.25,0.5919262706547174,,,,,,1.0
casada,rnn_dtk,1,camera_parada,1,0.6118694837478766,1.5586415139466052,2.4640148684066294,508.6666666666667,0.5974031906762325,,,,,,1.0
casada,rnn_dtk,1,todos,1,0.594754393925997,1.7203851451399588,2.420109487104452,370.14285714285717,0.5942735220925096,,,,,,1.0
casada,rnn_dtk,1,val,1,0.575878835900598,1.5367132867132869,1.7346153846153847,194.5,0.5460139143283224,,,,,,1.0
casada,rnn_dtk,2,camera_movel,2,0.5518537647821753,1.730613223594478,2.107594152723028,152.125,0.537469739233549,0.007977191690568226,0.028644007466382234,0.029267603580968388,0.5303300858899106,0.0015412396852144206,0.9483358345642776
casada,rnn_dtk,2,camera_parada,2,0.6081299613451638,1.3919785631992578,1.475302184470734,265.0,0.5880279419281138,0.009425258649571952,0.010702018273709127,0.15539693374435423,6.128258770283385,0.0028461279974088477,0.9938883658982187
casada,rnn_dtk,2,todos,2,0.5759721347377418,1.585484083425098,1.8366118806149019,200.5,0.5591375403883625,0.0005189986876511126,0.020954583526664964,0.083323030793848,2.9294423792014284,0.00033906075019557967,0.9684201421963899
casada,rnn_dtk,2,val,2,0.5477300536028997,1.317132867132867,1.3197552447552447,103.0,0.499522139855647,0.0003838245568944013,0.053898349055477995,0.07441928011788469,2.8284271247461903,0.00294158592055373,0.951120304232613
casada,rnn_dtk,5,camera_movel,5,0.39229675208926756,1.434503015525108,2.0101967853885396,95.25,0.3590623006801515,0.007528430822110726,0.055433701224821684,0.08179882812295093,3.921096785339532,0.003931029599545567,0.6741442960641509
casada,rnn_dtk,5,camera_parada,5,0.5574030616879477,1.407098752159127,1.3505514738544662,120.0,0.5381126333740807,0.006331963262771686,0.03989759143012108,0.13265547787258256,2.2973414586817036,0.0027362966902895326,0.9109835945301498
casada,rnn_dtk,5,todos,5,0.46305659906013047,1.422758331225402,1.7274916518739367,105.85714285714286,0.43579815754897827,0.006513975655615206,0.03955490257625647,0.07851774852437848,2.41804441140154,0.002324097867338672,0.7785677647599637
casada,rnn_dtk,5,val,5,0.38770929700526946,1.1390678010402782,1.398106969483116,51.3,0.3388025729617608,0.012294240338967128,0.04611430843008952,0.13709723034214155,3.8177218337642143,0.0038355722227602237,0.6732480390583266
casada,static,1,camera_movel,1,0.5317949432472354,2.0940020505809978,3.5523855092276144,298.0,0.5768588274589682,,,,,,1.0
casada,static,1,camera_parada,1,0.5569889345719486,1.607541829850419,3.0731063210659015,518.6666666666666,0.5959962206062407,,,,,,1.0
casada,static,1,todos,1,0.5425923681006839,1.8855190988393216,3.346980142872595,392.57142857142856,0.5850605673792277,,,,,,1.0
casada,static,1,val,1,0.4881984106210012,1.8968531468531469,2.9506993006993008,230.0,0.5233163396573681,,,,,,1.0
casada,static,2,camera_movel,2,0.48395701999623253,1.964842543001339,3.145482428830482,178.625,0.5089771627308028,0.000581164336720338,0.03288830448498797,0.04595634058905487,2.6516504294495533,0.002560656228031451,0.9100444187022616
casada,static,2,camera_parada,2,0.5535978613891377,1.5933713404317529,2.046139050038738,262.1666666666667,0.5803198847836706,0.009357746512467485,0.054160768728936645,0.03347966721500659,3.5355339059327378,0.0009597440450400922,0.9939117763884896
casada,static,2,todos,2,0.5138030948789062,1.805640599042945,2.6743352664911635,214.42857142857142,0.5395526150391748,0.004342556697754925,0.004418441178122758,0.04060919485732001,0.0,0.0018745510067495355,0.9469412492428653
casada,static,2,val,2,0.44047279713735554,1.723951048951049,2.669055944055944,130.75,0.45651832203301834,0.007652463314446877,0.051178707589376135,0.028927095593995665,6.7175144212722016,0.004540529881244476,0.9022413583384317
casada,static,5,camera_movel,5,0.38389943296720047,1.3871780053829068,2.0437287389583885,95.85,0.3592790328355246,0.0064534444923388876,0.02401882002536191,0.036767644103719924,2.4147981282086506,0.0024618992603565775,0.7218937258467363
casada,static,5,camera_parada,5,0.529290197962575,1.4224404317850623,1.5985248365166482,120.13333333333333,0.5329800149600996,0.006664562838131356,0.04187221069887835,0.040463553383779674,2.9870089089626473,0.001643416890389384,0.9502705800957063
casada,static,5,todos,5,0.446209760822361,1.4022904738409734,1.8529270664833568,106.25714285714287,0.43372231088891394,0.005780117896988828,0.022741582248782248,0.030430462788969822,1.5629642167551854,0.001988087907823653,0.8223664523411837
casada,static,5,val,5,0.34169450837035087,1.1472277111267937,1.7125332957901764,57.3,0.32218418820488925,0.013112338712804341,0.04178490839117037,0.060832553265708134,4.698403984333403,0.002589852468040252,0.6999090962539318
fixa,const_vel,1,camera_movel,1,0.5605478077182703,2.1665299612668036,2.2228628389154705,253.25,0.5884555665893729,,,,,,1.0
fixa,const_vel,1,camera_parada,1,0.5291693219295198,2.7525386907431213,3.1150557565248587,441.3333333333333,0.5887017976892345,,,,,,1.0
fixa,const_vel,1,todos,1,0.5470998852373772,2.417676559613797,2.6052312321766364,333.85714285714283,0.5885610942035993,,,,,,1.0
fixa,const_vel,1,val,1,0.5342127038642885,2.0405594405594405,1.7104895104895106,182.5,0.5416807769828039,,,,,,1.0
fixa,const_vel,2,camera_movel,2,0.5528513661003858,1.8213226637577757,1.7524546929278364,143.875,0.5418286980323319,0.0051605519989186815,0.04580813699125706,0.08139417621196042,5.126524163602469,0.0023229259959781133,0.9862697855349517
fixa,const_vel,2,camera_parada,2,0.543522688980179,1.9487380484633579,2.0198979878803605,242.83333333333331,0.576427795001923,0.009344579377727473,0.0261220445811031,0.040254451097312405,8.249579113843058,0.0034174779412102377,1.0271243370615708
fixa,const_vel,2,todos,2,0.5488533616202971,1.875929257203025,1.8670732479074896,186.28571428571428,0.556656882447871,0.0010559328767868127,0.03737124024404794,0.02925905022227207,0.6060915267313394,0.00013724711995986917,1.0032050388425124
fixa,const_vel,2,val,2,0.535766145611108,1.5737762237762238,1.218006993006993,92.75,0.5019379627270402,0.012528754202625579,0.11323598104316025,0.06304623398691246,5.303300858899107,0.00027300216094450506,1.0029079086580728
fixa,const_vel,5,camera_movel,5,0.4184689794466709,1.412614748155899,1.6712441001911187,87.6,0.37914028328447713,0.008853270818422567,0.029682368132815086,0.048584633484782744,2.6786190471957734,0.00207902462256289,0.7465357524990842
fixa,const_vel,5,camera_parada,5,0.565459056095067,1.3569602409896067,1.179721154479203,121.0,0.5459827452924856,0.009796106432860864,0.04014571278139107,0.05410664006412181,3.3333333333333326,0.0023021592932849265,1.0685786810792872
fixa,const_vel,5,todos,5,0.4814647265816978,1.3887628165132024,1.4605914091717263,101.91428571428571,0.4506441955736237,0.005914385685274531,0.03258149018523766,0.04132077270889026,1.9964253769460814,0.0018328143742370067,0.880030757770674
fixa,const_vel,5,val,5,0.4562170701953413,1.045162433556929,0.794075036414486,44.2,0.3793122334333573,0.003175694746515545,0.031555209913138406,0.05964955970590021,2.1095023109728994,0.0037440973569381163,0.8539989163403324
fixa,rnn_dt1,1,camera_movel,1,0.5819180765595872,1.8416928685349738,2.3871804511278194,266.25,0.5919262706547174,,,,,,1.0
fixa,rnn_dt1,1,camera_parada,1,0.6118694837478766,1.5586415139466052,2.4640148684066294,508.6666666666667,0.5974031906762325,,,,,,1.0
fixa,rnn_dt1,1,todos,1,0.594754393925997,1.7203851451399588,2.420109487104452,370.14285714285717,0.5942735220925096,,,,,,1.0
fixa,rnn_dt1,1,val,1,0.575878835900598,1.5367132867132869,1.7346153846153847,194.5,0.5460139143283224,,,,,,1.0
fixa,rnn_dt1,2,camera_movel,2,0.5447260220656993,1.65430294681286,2.2237140914240774,153.875,0.5378999932463411,0.014240404965206652,0.03235650179791952,0.17642987537355265,6.187184335382291,0.0040729165069242936,0.9360871298005133
fixa,rnn_dt1,2,camera_parada,2,0.6232236332732168,1.2627293038917666,1.5122462766066156,269.33333333333337,0.58956408651566,0.001723032288552153,0.029420995519067482,0.32503394390954216,6.59966329107441,0.0031683021331658607,1.018556489295385
fixa,rnn_dt1,2,todos,2,0.5783678554403497,1.4864856712752488,1.918799313645165,203.35714285714286,0.5600417475046207,0.0073989318564529685,0.031098427678411728,0.038483190033487706,0.7071067811865476,0.0009695370897427764,0.9724482262712191
fixa,rnn_dt1,2,val,2,0.5524441243282516,1.2236013986013985,1.2089160839160837,103.75,0.5030320402613528,0.014695504895593741,0.09469297104700976,0.04079462199153168,5.303300858899107,0.0029230357791576963,0.9593061767312605
fixa,rnn_dt1,5,camera_movel,5,0.3839870654327662,1.2410168975781222,2.3542404534012378,99.75,0.37179464446240634,0.00760405900763054,0.027816175252207063,0.0841657114546538,5.181095444015675,0.0021771532366983756,0.6598644738843178
fixa,rnn_dt1,5,camera_parada,5,0.5934733187951069,1.0538558362803383,1.2670200497632482,131.4,0.5532367499490096,0.00820547826325996,0.04546647459821003,0.1824180836137605,5.319774431308155,0.005800346425203403,0.9699344951147295
fixa,rnn_dt1,5,todos,5,0.4737668883023408,1.160805014164786,1.888288851842099,113.31428571428572,0.4495555468138078,0.0020056901713172183,0.011536061565198166,0.084195586602235,2.241537373303952,0.0027087219806609477,0.7965756842500767
fixa,rnn_dt1,5,val,5,0.43567247797464204,0.9389366376063624,1.3383944122476232,62.5,0.36340066650305186,0.014892837127204614,0.036130452951165126,0.1657968596181149,4.808846015417837,0.00598691363085258,0.7565349702308615
fixa,rnn_dtk,1,camera_movel,1,0.5819180765595872,1.8416928685349738,2.3871804511278194,266.25,0.5919262706547174,,,,,,1.0
fixa,rnn_dtk,1,camera_parada,1,0.6118694837478766,1.5586415139466052,2.4640148684066294,508.6666666666667,0.5974031906762325,,,,,,1.0
fixa,rnn_dtk,1,todos,1,0.594754393925997,1.7203851451399588,2.420109487104452,370.14285714285717,0.5942735220925096,,,,,,1.0
fixa,rnn_dtk,1,val,1,0.575878835900598,1.5367132867132869,1.7346153846153847,194.5,0.5460139143283224,,,,,,1.0
fixa,rnn_dtk,2,camera_movel,2,0.5452905505430972,1.68257675243526,2.200225731670397,154.5,0.5368074469118759,0.009643841323022246,0.023317886530773872,0.03725907747516312,0.0,0.00315115995205074,0.9370572465577302
fixa,rnn_dtk,2,camera_parada,2,0.6099108158489427,1.3059672343746858,1.7034100147065954,274.0,0.5876121882072316,0.008233684689443506,0.04679508428853032,0.2126163518603917,5.185449728701375,0.0029873879149849617,0.9967988795797814
fixa,rnn_dtk,2,todos,2,0.5729849499598881,1.5211726732664423,1.9873047101144816,205.71428571428572,0.5585809074670285,0.001982044460536902,0.03337954271266932,0.06983039224007462,2.2223355980148507,0.0005203537233210977,0.9633975903525354
fixa,rnn_dtk,2,val,2,0.5406337354712561,1.3097902097902097,1.5304195804195806,105.25,0.49709176390258564,0.0014452321553991526,0.10433533624500815,0.03461361865948151,2.4748737341529163,0.004639407905747671,0.9387977153662486
fixa,rnn_dtk,5,camera_movel,5,0.3714205619296662,1.2314650627128825,2.4756197534612685,103.9,0.3631385789311726,0.008473413928050478,0.03113499977458134,0.08011449119181788,3.793909593018792,0.002813465331054573,0.6382695037170469
fixa,rnn_dtk,5,camera_parada,5,0.5533193656484333,1.1856560402809861,1.5127077828487523,131.6,0.5428286415570996,0.004936896753095174,0.04489199821941463,0.11609268189223967,0.7958224257542258,0.0029657487988824925,0.9043094652460734
fixa,rnn_dtk,5,todos,5,0.44937719209485216,1.211832624527784,2.062943194627333,115.77142857142857,0.44014860577085557,0.006804320481451567,0.023276770610330223,0.07825645993379933,2.076594543467551,0.0014848984696203221,0.7555676707632132
fixa,rnn_dtk,5,val,5,0.37513753469933486,1.0360603922071812,1.7745064144146714,63.8,0.33750350270297946,0.01028501129392917,0.044875589144695284,0.08619029530233815,4.764451699828638,0.004079147327877141,0.6514174706779589
fixa,static,1,camera_movel,1,0.5317949432472354,2.0940020505809978,3.5523855092276144,298.0,0.5768588274589682,,,,,,1.0
fixa,static,1,camera_parada,1,0.5569889345719486,1.607541829850419,3.0731063210659015,518.6666666666666,0.5959962206062407,,,,,,1.0
fixa,static,1,todos,1,0.5425923681006839,1.8855190988393216,3.346980142872595,392.57142857142856,0.5850605673792277,,,,,,1.0
fixa,static,1,val,1,0.4881984106210012,1.8968531468531469,2.9506993006993008,230.0,0.5233163396573681,,,,,,1.0
fixa,static,2,camera_movel,2,0.47273749225756645,1.7953920253622848,3.5166172709170187,183.25,0.508090933582327,0.00020933981970680578,0.012521992938761916,0.09631870500728248,0.7071067811865476,0.002244695787066116,0.8889469489328846
fixa,static,2,camera_parada,2,0.5569652543165708,1.4409144336947404,2.4557230478037817,280.33333333333337,0.5810019093209857,0.022638368191931567,0.0694717516387465,0.10095603216872254,3.77123616632826,5.67126356564802e-05,0.9999574852319176
fixa,static,2,todos,2,0.5088351045685683,1.643473057504766,3.0619483181542027,224.85714285714283,0.5393384946131807,0.009582535042423937,0.022618183308741647,0.011772389074709552,2.020305089104414,0.0012583778916135915,0.9377852223571055
fixa,static,2,val,2,0.4358765223527099,1.6395104895104895,2.906118881118881,136.75,0.455495245927216,0.023338855494335977,0.03906394105855784,0.04821182598999199,5.303300858899107,0.005357871944391877,0.8928265903165549
fixa,static,5,camera_movel,5,0.3479770533874261,1.1468340274369058,2.72851198930236,105.9,0.36206561018433725,0.010252668870290254,0.01386846833203228,0.07189440123705773,3.5907868218539525,0.00284771602751129,0.6543444194159045
fixa,static,5,camera_parada,5,0.5083576429835877,1.1198830502723485,2.1467645948746794,138.4,0.5341825241289122,0.007032698949805746,0.03780300146273954,0.08896945763711113,3.1745515868824263,0.0018589524251367393,0.9126889448428008
fixa,static,5,todos,5,0.416711591785781,1.1352836086520957,2.4791916774047826,119.82857142857142,0.4358300018748694,0.006598731816170191,0.02194950597027531,0.07827381277839097,2.207131299091324,0.0020061973048608904,0.7680012036373789
fixa,static,5,val,5,0.3141504603906626,0.9761674139655792,2.5352657841648667,76.6,0.31652836670125545,0.005029001645648219,0.04250867961270392,0.05016405871415376,3.1898275815473154,0.0025980018093011465,0.6434893140906685
