family,k,subset,n_seeds,IDF1,IDF1_std,IDsw_id,ids_ratio
multidt_dtk,1,todos,3,0.588657913168113,0.0067988133939400255,2.32888938277125,1.776051932434494
multidt_dtk,1,val,3,0.5722607966265019,0.01313540527060189,1.6128205128205126,1.5442890442890445
multidt_dtk,2,todos,3,0.5834956798371461,0.005795098463895599,1.8042094947390928,1.4832389378878998
multidt_dtk,2,val,3,0.5706857346450632,0.011606021205104832,1.167948717948718,1.2422494172494172
multidt_dtk,5,todos,3,0.5002455198332874,0.004601287751377949,1.6193220665895371,1.1555470553186251
multidt_dtk,5,val,3,0.4352751562424852,0.005619122396674831,1.2165057736464464,0.9396215388417223
stride1_dt1,1,todos,3,0.5969202296432553,0.004162016277014224,2.3322684595426106,1.709515469820196
stride1_dt1,1,val,3,0.5794689067563573,0.003453977107207384,1.6438228438228437,1.5170163170163171
stride1_dt1,2,todos,3,0.5740449098955266,0.005388008296479224,1.9911987309098393,1.4927061843659544
stride1_dt1,2,val,3,0.5597114534107784,0.008538036803451348,1.3067016317016316,1.2755827505827504
stride1_dt1,5,todos,3,0.4733465681809454,0.000649578380249385,1.8901277782675596,1.1507038386906503
stride1_dt1,5,val,3,0.4372287745045164,0.00816576576034727,1.3427339853486642,0.9276450381649158
