family,seed,k,phase,video,split,n_frames,fps_eff,max_age,IDF1,ID_switches,fragmentations,n_gt_ids,n_pred_ids,MOTA,ids_pred/gt,IDsw/id
stride1_dt1,42,1,0,02,train,600,30.0,30,0.4538827944572748,253,657,62,131,0.4219363866315053,2.1129032258064515,4.080645161290323
stride1_dt1,42,1,0,04,train,1050,30.0,30,0.7664821037777592,128,749,83,101,0.7509304623924974,1.216867469879518,1.5421686746987953
stride1_dt1,42,1,0,05,train,837,14.0,30,0.6290207290922087,107,207,133,146,0.563539106549082,1.0977443609022557,0.8045112781954887
stride1_dt1,42,1,0,10,train,654,30.0,30,0.5124209776511441,324,401,57,173,0.6488823117065192,3.0350877192982457,5.684210526315789
stride1_dt1,42,1,0,11,train,900,30.0,30,0.6497164807023962,102,188,75,113,0.6825985587113184,1.5066666666666666,1.36
stride1_dt1,42,1,0,09,val,525,30.0,30,0.615243553008596,46,120,26,35,0.6193427230046948,1.3461538461538465,1.7692307692307692
stride1_dt1,42,1,0,13,val,750,25.0,30,0.5365141187925998,187,269,110,190,0.4726851056519499,1.7272727272727273,1.7
stride1_dt1,42,2,0,02,train,300,15.0,30,0.472978878368536,129,329,59,93,0.4131768758746905,1.576271186440678,2.1864406779661016
stride1_dt1,42,2,0,04,train,525,15.0,30,0.7864128871416243,74,396,83,93,0.7476022211004543,1.120481927710843,0.891566265060241
stride1_dt1,42,2,0,05,train,419,7.0,30,0.5868484067047338,102,112,133,109,0.5053360253821748,0.8195488721804511,0.7669172932330827
stride1_dt1,42,2,0,10,train,327,15.0,30,0.5004097241190931,330,260,57,170,0.5956054230949042,2.982456140350877,5.789473684210527
stride1_dt1,42,2,0,11,train,450,15.0,30,0.5811965811965812,91,115,73,108,0.6518424396442186,1.4794520547945205,1.2465753424657535
stride1_dt1,42,2,0,09,val,263,15.0,30,0.6139342377558059,20,69,26,30,0.6146341463414634,1.1538461538461535,0.7692307692307693
stride1_dt1,42,2,0,13,val,375,12.5,30,0.4701714285714286,175,146,110,157,0.3872961373390557,1.4272727272727272,1.5909090909090908
stride1_dt1,42,2,1,02,train,300,15.0,30,0.4673319251220045,159,322,62,97,0.4141196728368489,1.564516129032258,2.564516129032258
stride1_dt1,42,2,1,04,train,525,15.0,30,0.7878555510292109,106,428,83,90,0.7455959638427581,1.0843373493975903,1.2771084337349397
stride1_dt1,42,2,1,05,train,418,7.0,30,0.608679661640309,105,117,132,111,0.5168115942028986,0.8409090909090909,0.7954545454545454
stride1_dt1,42,2,1,10,train,327,15.0,30,0.440929041697147,311,245,57,173,0.5862659607598879,3.0350877192982457,5.456140350877193
stride1_dt1,42,2,1,11,train,450,15.0,30,0.6547308218326495,79,108,75,106,0.6521001272804412,1.413333333333333,1.0533333333333332
stride1_dt1,42,2,1,09,val,262,15.0,30,0.6108283202221194,36,72,26,28,0.6022556390977444,1.0769230769230769,1.3846153846153846
stride1_dt1,42,2,1,13,val,375,12.5,30,0.5148425107636528,120,128,110,136,0.407942238267148,1.2363636363636363,1.0909090909090908
stride1_dt1,42,5,0,02,train,120,6.0,30,0.4576709796672828,86,165,59,70,0.388545307878462,1.1864406779661016,1.4576271186440677
stride1_dt1,42,5,0,04,train,210,6.0,30,0.7459655485040798,61,165,83,87,0.7292236482221754,1.0481927710843373,0.7349397590361446
stride1_dt1,42,5,0,05,train,168,2.8,30,0.4497560975609756,94,49,129,46,0.3955169920462762,0.3565891472868217,0.7286821705426356
stride1_dt1,42,5,0,10,train,131,6.0,30,0.2869198312236287,385,223,57,140,0.3574484636328277,2.456140350877193,6.754385964912281
stride1_dt1,42,5,0,11,train,180,6.0,30,0.5388429752066116,81,72,72,92,0.5371549893842887,1.2777777777777777,1.125
stride1_dt1,42,5,0,09,val,105,6.0,30,0.5428571428571428,48,48,26,28,0.527306967984934,1.0769230769230769,1.8461538461538465
stride1_dt1,42,5,0,13,val,150,5.0,30,0.2940215615811826,135,91,110,85,0.1862955032119914,0.7727272727272727,1.2272727272727273
stride1_dt1,42,5,1,02,train,120,6.0,30,0.4544618215271389,92,159,59,65,0.3906838987614431,1.1016949152542372,1.5593220338983051
stride1_dt1,42,5,1,04,train,210,6.0,30,0.757135099257829,50,178,83,80,0.7350652082456879,0.963855421686747,0.6024096385542169
stride1_dt1,42,5,1,05,train,168,2.8,30,0.4416094210009813,83,48,129,51,0.3905797101449275,0.3953488372093023,0.6434108527131783
stride1_dt1,42,5,1,10,train,131,6.0,30,0.2643478260869565,367,189,57,148,0.3819173811379579,2.5964912280701755,6.43859649122807
stride1_dt1,42,5,1,11,train,180,6.0,30,0.4939483153418384,112,74,73,87,0.5299417064122947,1.1917808219178083,1.5342465753424657
stride1_dt1,42,5,1,09,val,105,6.0,30,0.5985832349468713,30,44,26,24,0.5520149953139644,0.9230769230769232,1.1538461538461535
stride1_dt1,42,5,1,13,val,150,5.0,30,0.2871287128712871,120,82,110,93,0.1777301927194861,0.8454545454545455,1.0909090909090908
stride1_dt1,42,5,2,02,train,120,6.0,30,0.464489946504335,94,169,59,67,0.389771197846568,1.1355932203389831,1.5932203389830508
stride1_dt1,42,5,2,04,train,210,6.0,30,0.7439083232810615,61,198,83,81,0.7338590956887487,0.9759036144578314,0.7349397590361446
stride1_dt1,42,5,2,05,train,167,2.8,30,0.3950738916256157,90,48,130,44,0.3853940708604483,0.3384615384615385,0.6923076923076923
stride1_dt1,42,5,2,10,train,131,6.0,30,0.2698650674662669,359,185,57,142,0.371350720124562,2.491228070175439,6.298245614035087
stride1_dt1,42,5,2,11,train,180,6.0,30,0.5429417571569596,87,77,73,88,0.5322751322751322,1.2054794520547945,1.1917808219178083
stride1_dt1,42,5,2,09,val,105,6.0,30,0.5724423418095801,41,48,26,30,0.536150234741784,1.1538461538461535,1.5769230769230769
stride1_dt1,42,5,2,13,val,150,5.0,30,0.3406199021207178,123,72,109,86,0.2084228620541469,0.7889908256880734,1.128440366972477
stride1_dt1,42,5,3,02,train,120,6.0,30,0.4697416974169742,74,167,59,61,0.395048439181916,1.0338983050847457,1.2542372881355932
stride1_dt1,42,5,3,04,train,210,6.0,30,0.7577894292774061,60,175,83,85,0.7346724156062677,1.0240963855421688,0.7228915662650602
stride1_dt1,42,5,3,05,train,167,2.8,30,0.4181286549707602,87,51,131,49,0.396103896103896,0.3740458015267175,0.6641221374045801
stride1_dt1,42,5,3,10,train,131,6.0,30,0.2635,342,192,57,143,0.3745624270711785,2.508771929824561,6.0
stride1_dt1,42,5,3,11,train,180,6.0,30,0.5512018439249259,91,69,73,94,0.5373213340391741,1.2876712328767124,1.2465753424657535
stride1_dt1,42,5,3,09,val,105,6.0,30,0.568545994065282,32,49,26,26,0.5464788732394366,1.0,1.2307692307692308
stride1_dt1,42,5,3,13,val,150,5.0,30,0.3014876033057851,133,78,108,96,0.1813873330461007,0.8888888888888888,1.2314814814814814
stride1_dt1,42,5,4,02,train,120,6.0,30,0.4663693794128576,85,157,61,63,0.3900995426419155,1.0327868852459017,1.3934426229508197
stride1_dt1,42,5,4,04,train,210,6.0,30,0.7765130984643179,95,196,83,86,0.7280554388912222,1.036144578313253,1.144578313253012
stride1_dt1,42,5,4,05,train,167,2.8,30,0.4150390625,96,53,129,45,0.3935018050541516,0.3488372093023256,0.7441860465116279
stride1_dt1,42,5,4,10,train,130,6.0,30,0.2650662665666417,350,205,57,150,0.3641686182669789,2.631578947368421,6.140350877192983
stride1_dt1,42,5,4,11,train,180,6.0,30,0.5348299768900627,98,77,75,93,0.5381760339342524,1.24,1.3066666666666666
stride1_dt1,42,5,4,09,val,105,6.0,30,0.5256257449344458,52,53,26,29,0.5215759849906192,1.1153846153846154,2.0
stride1_dt1,42,5,4,13,val,150,5.0,30,0.3254125412541254,97,60,108,89,0.1966437177280551,0.8240740740740741,0.8981481481481481
multidt_dtk,42,1,0,02,train,600,30.0,30,0.4582159624413146,234,655,62,140,0.4225283892147893,2.2580645161290325,3.774193548387097
multidt_dtk,42,1,0,04,train,1050,30.0,30,0.7593613586079053,151,747,83,107,0.7503627226275837,1.289156626506024,1.819277108433735
multidt_dtk,42,1,0,05,train,837,14.0,30,0.6481613709389503,112,200,133,144,0.5625271071273674,1.0827067669172932,0.8421052631578947
multidt_dtk,42,1,0,10,train,654,30.0,30,0.5018930114471516,329,407,57,178,0.6471687826154685,3.12280701754386,5.771929824561403
multidt_dtk,42,1,0,11,train,900,30.0,30,0.6304997864160615,90,185,75,122,0.6832344213649852,1.6266666666666667,1.2
multidt_dtk,42,1,0,09,val,525,30.0,30,0.6345823306978343,36,124,26,36,0.6215962441314554,1.3846153846153846,1.3846153846153846
multidt_dtk,42,1,0,13,val,750,25.0,30,0.5321934855535115,194,264,110,197,0.4705377082975434,1.790909090909091,1.7636363636363637
multidt_dtk,42,2,0,02,train,300,15.0,30,0.4637702288963405,127,338,59,96,0.4153299601679405,1.6271186440677967,2.152542372881356
multidt_dtk,42,2,0,04,train,525,15.0,30,0.7721072943883789,71,394,83,93,0.7476863536934208,1.120481927710843,0.8554216867469879
multidt_dtk,42,2,0,05,train,419,7.0,30,0.5995961079493299,81,111,133,105,0.5165849437554082,0.7894736842105263,0.6090225563909775
multidt_dtk,42,2,0,10,train,327,15.0,30,0.4786682434276357,306,248,57,167,0.5999688327879071,2.929824561403509,5.368421052631579
multidt_dtk,42,2,0,11,train,450,15.0,30,0.5907517309594461,88,117,73,104,0.6556543837357052,1.4246575342465753,1.2054794520547945
multidt_dtk,42,2,0,09,val,263,15.0,30,0.5849965588437716,21,73,26,26,0.6165103189493433,1.0,0.8076923076923077
multidt_dtk,42,2,0,13,val,375,12.5,30,0.5045351473922902,151,139,110,147,0.4013733905579399,1.3363636363636364,1.3727272727272728
multidt_dtk,42,2,1,02,train,300,15.0,30,0.4581632653061224,141,325,62,103,0.4157339647008179,1.6612903225806452,2.274193548387097
multidt_dtk,42,2,1,04,train,525,15.0,30,0.7786299793873735,85,427,83,92,0.745932310279588,1.108433734939759,1.0240963855421688
multidt_dtk,42,2,1,05,train,418,7.0,30,0.6161745827984596,84,126,132,110,0.5266666666666666,0.8333333333333334,0.6363636363636364
multidt_dtk,42,2,1,10,train,327,15.0,30,0.4737609329446064,277,243,57,159,0.5952974151354717,2.789473684210526,4.859649122807017
multidt_dtk,42,2,1,11,train,450,15.0,30,0.6072713736195557,77,100,75,104,0.6559185405176071,1.3866666666666667,1.0266666666666666
multidt_dtk,42,2,1,09,val,262,15.0,30,0.6106870229007634,33,75,26,30,0.6030075187969925,1.1538461538461535,1.2692307692307692
multidt_dtk,42,2,1,13,val,375,12.5,30,0.5361711762708027,118,129,110,150,0.4112085267319925,1.3636363636363635,1.0727272727272728
multidt_dtk,42,5,0,02,train,120,6.0,30,0.4687615526802218,82,163,59,71,0.3890830868513041,1.2033898305084745,1.3898305084745763
multidt_dtk,42,5,0,04,train,210,6.0,30,0.7452260091854,71,180,83,89,0.7286976646328635,1.072289156626506,0.8554216867469879
multidt_dtk,42,5,0,05,train,168,2.8,30,0.4958024691358024,57,48,129,55,0.4041937816341286,0.4263565891472868,0.4418604651162791
multidt_dtk,42,5,0,10,train,131,6.0,30,0.3300970873786408,331,213,57,146,0.3753403345001944,2.56140350877193,5.807017543859649
multidt_dtk,42,5,0,11,train,180,6.0,30,0.6203734032099574,61,56,72,84,0.5615711252653928,1.1666666666666667,0.8472222222222222
multidt_dtk,42,5,0,09,val,105,6.0,30,0.5317507418397626,39,43,26,28,0.5404896421845574,1.0769230769230769,1.5
multidt_dtk,42,5,0,13,val,150,5.0,30,0.3091441588024731,128,85,110,89,0.1961456102783726,0.8090909090909091,1.1636363636363636
multidt_dtk,42,5,1,02,train,120,6.0,30,0.4572799409485145,82,158,59,67,0.3976844372644049,1.1355932203389831,1.3898305084745763
multidt_dtk,42,5,1,04,train,210,6.0,30,0.7610769045031993,55,182,83,86,0.7338031131678586,1.036144578313253,0.6626506024096386
multidt_dtk,42,5,1,05,train,168,2.8,30,0.471632955106068,57,50,129,50,0.4014492753623189,0.3875968992248062,0.4418604651162791
multidt_dtk,42,5,1,10,train,131,6.0,30,0.3240694789081886,338,194,57,141,0.3998441153546376,2.473684210526316,5.9298245614035086
multidt_dtk,42,5,1,11,train,180,6.0,30,0.5984972231296962,68,65,73,87,0.557498675145734,1.1917808219178083,0.9315068493150684
multidt_dtk,42,5,1,09,val,105,6.0,30,0.5592417061611374,36,47,26,27,0.5370196813495782,1.0384615384615383,1.3846153846153846
multidt_dtk,42,5,1,13,val,150,5.0,30,0.2707164080554639,130,86,110,99,0.1773019271948608,0.9,1.181818181818182
multidt_dtk,42,5,2,02,train,120,6.0,30,0.4863064396743153,80,164,59,69,0.3970390309555854,1.1694915254237288,1.3559322033898304
multidt_dtk,42,5,2,04,train,210,6.0,30,0.7649897454457715,55,191,83,81,0.734279705573081,0.9759036144578314,0.6626506024096386
multidt_dtk,42,5,2,05,train,167,2.8,30,0.3896103896103896,63,44,130,51,0.386117136659436,0.3923076923076923,0.4846153846153846
multidt_dtk,42,5,2,10,train,131,6.0,30,0.3711237906226742,302,190,57,130,0.4141689373297003,2.280701754385965,5.298245614035087
multidt_dtk,42,5,2,11,train,180,6.0,30,0.5856534556174254,54,65,73,88,0.5560846560846561,1.2054794520547945,0.7397260273972602
multidt_dtk,42,5,2,09,val,105,6.0,30,0.567551622418879,26,39,26,27,0.5577464788732394,1.0384615384615383,1.0
multidt_dtk,42,5,2,13,val,150,5.0,30,0.3373890167707991,104,62,109,88,0.2079931241942415,0.8073394495412844,0.9541284403669724
multidt_dtk,42,5,3,02,train,120,6.0,30,0.4866369710467706,71,155,59,70,0.3893972012917115,1.1864406779661016,1.2033898305084745
multidt_dtk,42,5,3,04,train,210,6.0,30,0.7562093079334459,78,182,83,85,0.7322536544326428,1.0240963855421688,0.9397590361445785
multidt_dtk,42,5,3,05,train,167,2.8,30,0.4457652303120357,60,47,131,54,0.3917748917748918,0.4122137404580153,0.4580152671755725
multidt_dtk,42,5,3,10,train,131,6.0,30,0.3481942714819427,292,184,57,136,0.4037339556592765,2.3859649122807016,5.12280701754386
multidt_dtk,42,5,3,11,train,180,6.0,30,0.6002612671456564,71,58,73,86,0.560084700899947,1.178082191780822,0.9726027397260274
multidt_dtk,42,5,3,09,val,105,6.0,30,0.5566765578635015,45,49,26,28,0.5342723004694836,1.0769230769230769,1.7307692307692308
multidt_dtk,42,5,3,13,val,150,5.0,30,0.2968435191403626,97,64,108,91,0.1835415769065058,0.8425925925925926,0.8981481481481481
multidt_dtk,42,5,4,02,train,120,6.0,30,0.4730983302411873,71,179,61,64,0.3987086359967716,1.0491803278688523,1.1639344262295082
multidt_dtk,42,5,4,04,train,210,6.0,30,0.7584337349397591,72,186,83,89,0.7297354052918942,1.072289156626506,0.8674698795180723
multidt_dtk,42,5,4,05,train,167,2.8,30,0.4781969622733954,66,50,129,52,0.4129963898916967,0.4031007751937984,0.5116279069767442
multidt_dtk,42,5,4,10,train,130,6.0,30,0.3142928411075081,327,197,57,143,0.3793911007025761,2.508771929824561,5.7368421052631575
multidt_dtk,42,5,4,11,train,180,6.0,30,0.5920104780615586,79,71,75,87,0.5572640509013786,1.16,1.0533333333333332
multidt_dtk,42,5,4,09,val,105,6.0,30,0.5734513274336284,43,50,26,28,0.5459662288930582,1.0769230769230769,1.6538461538461535
multidt_dtk,42,5,4,13,val,150,5.0,30,0.3129117259552042,93,51,108,87,0.1966437177280551,0.8055555555555556,0.8611111111111112
stride1_dt1,123,1,0,02,train,600,30.0,30,0.466967672024562,207,637,62,139,0.4231742102147354,2.2419354838709675,3.338709677419355
stride1_dt1,123,1,0,04,train,1050,30.0,30,0.7769168221169943,123,772,83,99,0.7511827911769036,1.1927710843373494,1.4819277108433735
stride1_dt1,123,1,0,05,train,837,14.0,30,0.6333303515520172,118,210,133,148,0.5603585369379789,1.112781954887218,0.8872180451127819
stride1_dt1,123,1,0,10,train,654,30.0,30,0.5156124899919936,324,406,57,172,0.6487265363346055,3.017543859649123,5.684210526315789
stride1_dt1,123,1,0,11,train,900,30.0,30,0.6536656712779573,105,188,75,112,0.6824925816023739,1.4933333333333334,1.4
stride1_dt1,123,1,0,09,val,525,30.0,30,0.6308555720994159,37,121,26,34,0.6221596244131455,1.3076923076923077,1.4230769230769231
stride1_dt1,123,1,0,13,val,750,25.0,30,0.5346812996702168,183,259,110,180,0.4738017522762412,1.6363636363636365,1.6636363636363636
stride1_dt1,123,2,0,02,train,300,15.0,30,0.4566975016388666,133,334,59,97,0.412853913230703,1.6440677966101696,2.254237288135593
stride1_dt1,123,2,0,04,train,525,15.0,30,0.7560402684563758,96,402,83,94,0.7468450277637557,1.1325301204819278,1.1566265060240963
stride1_dt1,123,2,0,05,train,419,7.0,30,0.5865880619012528,77,102,133,107,0.5116815690798961,0.8045112781954887,0.5789473684210527
stride1_dt1,123,2,0,10,train,327,15.0,30,0.4638949671772429,326,247,57,170,0.5948262427925822,2.982456140350877,5.719298245614035
stride1_dt1,123,2,0,11,train,450,15.0,30,0.6315267270246806,83,113,73,109,0.6522659889877171,1.4931506849315068,1.1369863013698631
stride1_dt1,123,2,0,09,val,263,15.0,30,0.6537842190016103,21,71,26,32,0.6142589118198875,1.2307692307692308,0.8076923076923077
stride1_dt1,123,2,0,13,val,375,12.5,30,0.4801464698478087,186,141,110,172,0.3818025751072961,1.5636363636363635,1.690909090909091
stride1_dt1,123,2,1,02,train,300,15.0,30,0.4568683118584843,152,330,62,99,0.4159492036160137,1.596774193548387,2.4516129032258065
stride1_dt1,123,2,1,04,train,525,15.0,30,0.7779508687837028,95,433,83,92,0.7461425268026067,1.108433734939759,1.144578313253012
stride1_dt1,123,2,1,05,train,418,7.0,30,0.5825991189427313,103,117,132,102,0.5197101449275363,0.7727272727272727,0.7803030303030303
stride1_dt1,123,2,1,10,train,327,15.0,30,0.4352898286547575,335,257,57,166,0.5856431018374338,2.912280701754386,5.87719298245614
stride1_dt1,123,2,1,11,train,450,15.0,30,0.6367022597467097,92,108,75,105,0.6508273228680526,1.4,1.2266666666666666
stride1_dt1,123,2,1,09,val,262,15.0,30,0.619301087711178,42,72,26,30,0.5981203007518797,1.1538461538461535,1.6153846153846154
stride1_dt1,123,2,1,13,val,375,12.5,30,0.5232268298209835,113,126,110,141,0.4088017878631597,1.2818181818181815,1.0272727272727271
stride1_dt1,123,5,0,02,train,120,6.0,30,0.467085798816568,86,152,59,67,0.3847808550685668,1.1355932203389831,1.4576271186440677
stride1_dt1,123,5,0,04,train,210,6.0,30,0.7573284980356603,63,173,83,89,0.7292236482221754,1.072289156626506,0.7590361445783133
stride1_dt1,123,5,0,05,train,168,2.8,30,0.4154071184787908,83,52,129,46,0.4041937816341286,0.3565891472868217,0.6434108527131783
stride1_dt1,123,5,0,10,train,131,6.0,30,0.2593516209476309,378,217,57,147,0.3597821859198755,2.5789473684210527,6.631578947368421
stride1_dt1,123,5,0,11,train,180,6.0,30,0.5143611753053813,88,74,72,91,0.5345010615711252,1.2638888888888888,1.2222222222222223
stride1_dt1,123,5,0,09,val,105,6.0,30,0.5741512805241215,31,48,26,26,0.544256120527307,1.0,1.1923076923076923
stride1_dt1,123,5,0,13,val,150,5.0,30,0.2889108259295821,127,76,110,88,0.1854389721627408,0.8,1.1545454545454543
stride1_dt1,123,5,1,02,train,120,6.0,30,0.4307067724672448,82,153,59,65,0.3933764135702746,1.1016949152542372,1.3898305084745763
stride1_dt1,123,5,1,04,train,210,6.0,30,0.7525947381124789,51,181,83,82,0.7350652082456879,0.9879518072289156,0.6144578313253012
stride1_dt1,123,5,1,05,train,168,2.8,30,0.4058679706601467,90,51,129,48,0.3891304347826086,0.3720930232558139,0.6976744186046512
stride1_dt1,123,5,1,10,train,131,6.0,30,0.2777777777777778,376,192,57,139,0.3858144972720186,2.43859649122807,6.596491228070176
stride1_dt1,123,5,1,11,train,180,6.0,30,0.487708947885939,107,74,73,90,0.5294117647058824,1.2328767123287672,1.4657534246575343
stride1_dt1,123,5,1,09,val,105,6.0,30,0.619917501473188,31,46,26,27,0.5520149953139644,1.0384615384615383,1.1923076923076923
stride1_dt1,123,5,1,13,val,150,5.0,30,0.2889108259295821,132,83,110,95,0.1773019271948608,0.8636363636363636,1.2
stride1_dt1,123,5,2,02,train,120,6.0,30,0.4678966789667896,92,161,59,62,0.3932705248990579,1.0508474576271187,1.5593220338983051
stride1_dt1,123,5,2,04,train,210,6.0,30,0.7394166314390965,66,193,83,87,0.7311251314405889,1.0481927710843373,0.7951807228915663
stride1_dt1,123,5,2,05,train,167,2.8,30,0.4025527736867943,87,40,130,41,0.3940708604483007,0.3153846153846154,0.6692307692307692
stride1_dt1,123,5,2,10,train,131,6.0,30,0.2917495029821073,341,189,57,134,0.3845854418061503,2.3508771929824563,5.982456140350878
stride1_dt1,123,5,2,11,train,180,6.0,30,0.5193696651346028,98,76,73,87,0.5280423280423281,1.1917808219178083,1.3424657534246576
stride1_dt1,123,5,2,09,val,105,6.0,30,0.5845609899823218,38,43,26,27,0.5464788732394366,1.0384615384615383,1.4615384615384617
stride1_dt1,123,5,2,13,val,150,5.0,30,0.3190304618408123,143,79,109,88,0.1895143962183068,0.8073394495412844,1.311926605504587
stride1_dt1,123,5,3,02,train,120,6.0,30,0.4660516605166052,74,162,59,62,0.3939720129171151,1.0508474576271187,1.2542372881355932
stride1_dt1,123,5,3,04,train,210,6.0,30,0.7642197961276314,58,175,83,88,0.7332001261962351,1.0602409638554218,0.6987951807228916
stride1_dt1,123,5,3,05,train,167,2.8,30,0.391072295002426,90,48,131,49,0.3888888888888888,0.3740458015267175,0.6870229007633588
stride1_dt1,123,5,3,10,train,131,6.0,30,0.2832875343492381,333,188,57,141,0.3761182419292104,2.473684210526316,5.842105263157895
stride1_dt1,123,5,3,11,train,180,6.0,30,0.5378812725483765,104,72,73,94,0.5357331921651667,1.2876712328767124,1.4246575342465753
stride1_dt1,123,5,3,09,val,105,6.0,30,0.6079243051448847,33,48,26,27,0.5511737089201878,1.0384615384615383,1.2692307692307692
stride1_dt1,123,5,3,13,val,150,5.0,30,0.3033521407235313,121,76,108,95,0.1831107281344248,0.8796296296296297,1.1203703703703705
stride1_dt1,123,5,4,02,train,120,6.0,30,0.4655810510732791,90,167,61,65,0.3914447134786117,1.0655737704918034,1.475409836065574
stride1_dt1,123,5,4,04,train,210,6.0,30,0.7513253012048193,77,191,83,89,0.7294204115917682,1.072289156626506,0.927710843373494
stride1_dt1,123,5,4,05,train,167,2.8,30,0.4165450121654501,91,55,129,46,0.4007220216606498,0.3565891472868217,0.7054263565891473
stride1_dt1,123,5,4,10,train,130,6.0,30,0.2789656887120835,351,208,57,141,0.3735362997658079,2.473684210526316,6.157894736842105
stride1_dt1,123,5,4,11,train,180,6.0,30,0.5362318840579711,103,80,75,91,0.5381760339342524,1.2133333333333334,1.3733333333333333
stride1_dt1,123,5,4,09,val,105,6.0,30,0.5556216537775134,46,49,26,26,0.5300187617260788,1.0,1.7692307692307692
stride1_dt1,123,5,4,13,val,150,5.0,30,0.3182269268938141,100,67,108,85,0.1923407917383821,0.7870370370370371,0.925925925925926
multidt_dtk,123,1,0,02,train,600,30.0,30,0.4637964067527022,200,638,62,141,0.4241967601313169,2.274193548387097,3.225806451612903
multidt_dtk,123,1,0,04,train,1050,30.0,30,0.7465428967893201,140,727,83,106,0.7501103938431777,1.2771084337349397,1.686746987951807
multidt_dtk,123,1,0,05,train,837,14.0,30,0.6350338922582947,103,210,133,141,0.5664305334682667,1.0601503759398496,0.7744360902255639
multidt_dtk,123,1,0,10,train,654,30.0,30,0.4947645145479659,346,396,57,183,0.645377365838461,3.210526315789474,6.0701754385964914
multidt_dtk,123,1,0,11,train,900,30.0,30,0.614615103086495,90,187,75,118,0.6831284442560407,1.5733333333333333,1.2
multidt_dtk,123,1,0,09,val,525,30.0,30,0.5823596792668958,32,124,26,33,0.6240375586854461,1.2692307692307692,1.2307692307692308
multidt_dtk,123,1,0,13,val,750,25.0,30,0.5331821372644311,217,263,110,189,0.4688197904140182,1.7181818181818185,1.9727272727272729
multidt_dtk,123,2,0,02,train,300,15.0,30,0.4626188734455011,136,317,59,103,0.4113467542254279,1.7457627118644068,2.305084745762712
multidt_dtk,123,2,0,04,train,525,15.0,30,0.7825315788212172,74,396,83,92,0.7478125525828706,1.108433734939759,0.891566265060241
multidt_dtk,123,2,0,05,train,419,7.0,30,0.5973166697298291,75,107,133,106,0.5160080761465244,0.7969924812030075,0.5639097744360902
multidt_dtk,123,2,0,10,train,327,15.0,30,0.4678874009292156,303,242,57,171,0.599501324606514,3.0,5.315789473684211
multidt_dtk,123,2,0,11,train,450,15.0,30,0.6493249101944754,90,113,73,110,0.6524777636594663,1.5068493150684932,1.2328767123287672
multidt_dtk,123,2,0,09,val,263,15.0,30,0.6609974718455528,26,71,26,30,0.6123827392120076,1.1538461538461535,1.0
multidt_dtk,123,2,0,13,val,375,12.5,30,0.4985257427988206,157,143,110,151,0.4013733905579399,1.3727272727272728,1.4272727272727272
multidt_dtk,123,2,1,02,train,300,15.0,30,0.4693030369237492,153,327,62,110,0.4111063280241067,1.7741935483870968,2.467741935483871
multidt_dtk,123,2,1,04,train,525,15.0,30,0.7686887328332095,82,425,83,91,0.7462686567164178,1.0963855421686748,0.9879518072289156
multidt_dtk,123,2,1,05,train,418,7.0,30,0.5983125458547323,98,118,132,112,0.5217391304347826,0.8484848484848485,0.7424242424242424
multidt_dtk,123,2,1,10,train,327,15.0,30,0.4381541822153454,316,268,57,162,0.5909374026782934,2.8421052631578947,5.543859649122807
multidt_dtk,123,2,1,11,train,450,15.0,30,0.6543240556660039,81,95,75,104,0.6523122613491728,1.3866666666666667,1.08
multidt_dtk,123,2,1,09,val,262,15.0,30,0.6182322998611753,35,76,26,31,0.6026315789473684,1.1923076923076923,1.3461538461538465
multidt_dtk,123,2,1,13,val,375,12.5,30,0.5514822357999547,109,130,110,135,0.4149905449544439,1.2272727272727273,0.990909090909091
multidt_dtk,123,5,0,02,train,120,6.0,30,0.4544444444444444,84,160,59,77,0.3869319709599355,1.305084745762712,1.423728813559322
multidt_dtk,123,5,0,04,train,210,6.0,30,0.7604084838963079,76,178,83,87,0.7282768777614139,1.0481927710843373,0.9156626506024096
multidt_dtk,123,5,0,05,train,168,2.8,30,0.48,59,53,129,57,0.4013015184381778,0.4418604651162791,0.4573643410852713
multidt_dtk,123,5,0,10,train,131,6.0,30,0.3349851337958374,309,200,57,141,0.3943990665110851,2.473684210526316,5.421052631578948
multidt_dtk,123,5,0,11,train,180,6.0,30,0.5925441465009811,68,57,72,85,0.5583864118895966,1.1805555555555556,0.9444444444444444
multidt_dtk,123,5,0,09,val,105,6.0,30,0.562760261748959,40,46,26,29,0.5357815442561205,1.1153846153846154,1.5384615384615383
multidt_dtk,123,5,0,13,val,150,5.0,30,0.328562134027326,113,72,110,86,0.2038543897216274,0.7818181818181819,1.0272727272727271
multidt_dtk,123,5,1,02,train,120,6.0,30,0.4586410635155096,93,158,59,73,0.3906838987614431,1.2372881355932204,1.576271186440678
multidt_dtk,123,5,1,04,train,210,6.0,30,0.7606228874939642,52,179,83,83,0.7336979385780396,1.0,0.6265060240963856
multidt_dtk,123,5,1,05,train,168,2.8,30,0.4629080118694362,70,53,129,56,0.3884057971014493,0.4341085271317829,0.5426356589147286
multidt_dtk,123,5,1,10,train,131,6.0,30,0.351691775747098,298,175,57,138,0.4166017147310989,2.421052631578948,5.228070175438597
multidt_dtk,123,5,1,11,train,180,6.0,30,0.638671875,75,64,73,84,0.557498675145734,1.1506849315068493,1.0273972602739727
multidt_dtk,123,5,1,09,val,105,6.0,30,0.6101895734597157,28,43,26,26,0.5463917525773196,1.0,1.0769230769230769
multidt_dtk,123,5,1,13,val,150,5.0,30,0.2592592592592592,119,75,110,95,0.1730192719486081,0.8636363636363636,1.0818181818181818
multidt_dtk,123,5,2,02,train,120,6.0,30,0.4941525895674772,75,157,59,74,0.3943472409152085,1.2542372881355932,1.271186440677966
multidt_dtk,123,5,2,04,train,210,6.0,30,0.7546645733953263,53,191,83,87,0.7327024185068349,1.0481927710843373,0.6385542168674698
multidt_dtk,123,5,2,05,train,167,2.8,30,0.4701754385964912,63,49,130,55,0.3825018076644975,0.4230769230769231,0.4846153846153846
multidt_dtk,123,5,2,10,train,131,6.0,30,0.3272636567722624,303,184,57,135,0.4059945504087193,2.3684210526315788,5.315789473684211
multidt_dtk,123,5,2,11,train,180,6.0,30,0.6051080550098232,64,60,73,85,0.5523809523809524,1.1643835616438356,0.8767123287671232
multidt_dtk,123,5,2,09,val,105,6.0,30,0.5736250739207569,36,48,26,30,0.5427230046948357,1.1538461538461535,1.3846153846153846
multidt_dtk,123,5,2,13,val,150,5.0,30,0.349691257718557,98,63,109,86,0.2217447357112161,0.7889908256880734,0.8990825688073395
multidt_dtk,123,5,3,02,train,120,6.0,30,0.4826175869120654,78,157,59,70,0.3883207750269106,1.1864406779661016,1.3220338983050848
multidt_dtk,123,5,3,04,train,210,6.0,30,0.7735905939101598,58,176,83,85,0.7336207803133874,1.0240963855421688,0.6987951807228916
multidt_dtk,123,5,3,05,train,167,2.8,30,0.4587884806355511,68,45,131,53,0.3823953823953824,0.4045801526717557,0.5190839694656488
multidt_dtk,123,5,3,10,train,131,6.0,30,0.3492537313432836,289,173,57,132,0.4060676779463243,2.3157894736842106,5.0701754385964914
multidt_dtk,123,5,3,11,train,180,6.0,30,0.57421875,73,61,73,78,0.5632609846479619,1.0684931506849316,1.0
multidt_dtk,123,5,3,09,val,105,6.0,30,0.5820983995257855,37,46,26,28,0.5436619718309859,1.0769230769230769,1.4230769230769231
multidt_dtk,123,5,3,13,val,150,5.0,30,0.3106212424849699,89,55,108,89,0.1930202498922878,0.8240740740740741,0.8240740740740741
multidt_dtk,123,5,4,02,train,120,6.0,30,0.4832838038632986,60,152,61,64,0.4005918751681463,1.0491803278688523,0.9836065573770492
multidt_dtk,123,5,4,04,train,210,6.0,30,0.7707129094412332,72,193,83,83,0.7307853842923142,1.0,0.8674698795180723
multidt_dtk,123,5,4,05,train,167,2.8,30,0.5012456402590931,52,47,129,62,0.4057761732851985,0.4806201550387597,0.4031007751937984
multidt_dtk,123,5,4,10,train,130,6.0,30,0.3442949676133532,299,194,57,148,0.3907103825136612,2.5964912280701755,5.245614035087719
multidt_dtk,123,5,4,11,train,180,6.0,30,0.5909980430528375,92,66,75,84,0.5556733828207847,1.12,1.2266666666666666
multidt_dtk,123,5,4,09,val,105,6.0,30,0.5589622641509434,44,45,26,27,0.5459662288930582,1.0384615384615383,1.6923076923076923
multidt_dtk,123,5,4,13,val,150,5.0,30,0.281634008635005,101,54,108,88,0.185025817555938,0.8148148148148148,0.9351851851851852
stride1_dt1,456,1,0,02,train,600,30.0,30,0.4583634002020493,218,648,62,126,0.4242505785479791,2.032258064516129,3.5161290322580645
stride1_dt1,456,1,0,04,train,1050,30.0,30,0.7848370702541106,118,751,83,99,0.7512669007717055,1.1927710843373494,1.4216867469879515
stride1_dt1,456,1,0,05,train,837,14.0,30,0.6106788301583043,135,209,133,148,0.5581899667485904,1.112781954887218,1.0150375939849623
stride1_dt1,456,1,0,10,train,654,30.0,30,0.5041156840934371,321,395,57,166,0.6488823117065192,2.912280701754386,5.631578947368421
stride1_dt1,456,1,0,11,train,900,30.0,30,0.642500304618009,95,196,75,114,0.6828105129292072,1.52,1.2666666666666666
stride1_dt1,456,1,0,09,val,525,30.0,30,0.6297569922054104,38,119,26,36,0.6206572769953052,1.3846153846153846,1.4615384615384617
stride1_dt1,456,1,0,13,val,750,25.0,30,0.5297619047619048,203,280,110,187,0.4706236041917196,1.7,1.8454545454545448
stride1_dt1,456,2,0,02,train,300,15.0,30,0.4577716242804051,142,336,59,98,0.4127462590160404,1.6610169491525424,2.406779661016949
stride1_dt1,456,2,0,04,train,525,15.0,30,0.7800493732473696,74,412,83,92,0.7478125525828706,1.108433734939759,0.891566265060241
stride1_dt1,456,2,0,05,train,419,7.0,30,0.5683201180158584,95,108,133,109,0.5050475915777329,0.8195488721804511,0.7142857142857143
stride1_dt1,456,2,0,10,train,327,15.0,30,0.4460614880844096,357,254,57,163,0.5918653576437587,2.8596491228070176,6.2631578947368425
stride1_dt1,456,2,0,11,train,450,15.0,30,0.5821154322516721,89,117,73,106,0.6533248623464634,1.452054794520548,1.2191780821917808
stride1_dt1,456,2,0,09,val,263,15.0,30,0.6448791714614499,32,67,26,32,0.6086303939962476,1.2307692307692308,1.2307692307692308
stride1_dt1,456,2,0,13,val,375,12.5,30,0.4705210237659963,204,146,110,171,0.3792274678111588,1.5545454545454545,1.8545454545454545
stride1_dt1,456,2,1,02,train,300,15.0,30,0.4514489069649212,155,353,62,93,0.4167025398191993,1.5,2.5
stride1_dt1,456,2,1,04,train,525,15.0,30,0.7837922028131216,87,426,83,91,0.7467311330670591,1.0963855421686748,1.0481927710843373
stride1_dt1,456,2,1,05,train,418,7.0,30,0.6071821179919384,104,124,132,108,0.5211594202898551,0.8181818181818182,0.7878787878787878
stride1_dt1,456,2,1,10,train,327,15.0,30,0.43607785799141,378,263,57,165,0.577234506384304,2.894736842105264,6.631578947368421
stride1_dt1,456,2,1,11,train,450,15.0,30,0.6089982600049714,85,109,75,106,0.6506151887993212,1.413333333333333,1.1333333333333333
stride1_dt1,456,2,1,09,val,262,15.0,30,0.5895418787598334,39,73,26,29,0.600375939849624,1.1153846153846154,1.5
stride1_dt1,456,2,1,13,val,375,12.5,30,0.5253602632474753,123,131,110,141,0.4045040398831012,1.2818181818181815,1.1181818181818182
stride1_dt1,456,5,0,02,train,120,6.0,30,0.4700665188470067,94,166,59,69,0.3869319709599355,1.1694915254237288,1.5932203389830508
stride1_dt1,456,5,0,04,train,210,6.0,30,0.7657929701654789,73,170,83,83,0.7293288449400379,1.0,0.8795180722891566
stride1_dt1,456,5,0,05,train,168,2.8,30,0.4224390243902439,89,53,129,43,0.4005784526391901,0.3333333333333333,0.689922480620155
stride1_dt1,456,5,0,10,train,131,6.0,30,0.2807539682539682,368,197,57,131,0.3706728899260988,2.298245614035088,6.456140350877193
stride1_dt1,456,5,0,11,train,180,6.0,30,0.523841059602649,91,71,72,95,0.5281316348195328,1.3194444444444444,1.2638888888888888
stride1_dt1,456,5,0,09,val,105,6.0,30,0.5253126861226921,46,48,26,29,0.5301318267419962,1.1153846153846154,1.7692307692307692
stride1_dt1,456,5,0,13,val,150,5.0,30,0.2857142857142857,161,97,110,91,0.182441113490364,0.8272727272727273,1.4636363636363636
stride1_dt1,456,5,1,02,train,120,6.0,30,0.4505797901711761,91,161,59,67,0.3914916532040926,1.1355932203389831,1.5423728813559323
stride1_dt1,456,5,1,04,train,210,6.0,30,0.767189384800965,50,179,83,78,0.7358014303744216,0.9397590361445785,0.6024096385542169
stride1_dt1,456,5,1,05,train,168,2.8,30,0.4461839530332681,85,51,129,49,0.3920289855072464,0.3798449612403101,0.6589147286821705
stride1_dt1,456,5,1,10,train,131,6.0,30,0.266304347826087,387,186,57,142,0.3799688230709275,2.491228070175439,6.789473684210527
stride1_dt1,456,5,1,11,train,180,6.0,30,0.4980340760157274,112,70,73,90,0.525172231054584,1.2328767123287672,1.5342465753424657
stride1_dt1,456,5,1,09,val,105,6.0,30,0.6163818503241013,44,43,26,24,0.5398313027179007,0.9230769230769232,1.6923076923076923
stride1_dt1,456,5,1,13,val,150,5.0,30,0.2883475971033574,121,89,110,92,0.1773019271948608,0.8363636363636363,1.1
stride1_dt1,456,5,2,02,train,120,6.0,30,0.4650990557304203,87,155,59,69,0.390578734858681,1.1694915254237288,1.4745762711864407
stride1_dt1,456,5,2,04,train,210,6.0,30,0.7554911899589669,52,193,83,82,0.7339642481598317,0.9879518072289156,0.6265060240963856
stride1_dt1,456,5,2,05,train,167,2.8,30,0.4299251870324189,68,38,130,47,0.3875632682574114,0.3615384615384615,0.5230769230769231
stride1_dt1,456,5,2,10,train,131,6.0,30,0.2561674557687515,350,185,57,142,0.3768003114052161,2.491228070175439,6.140350877192983
stride1_dt1,456,5,2,11,train,180,6.0,30,0.5349983568846532,81,77,73,88,0.5365079365079365,1.2054794520547945,1.1095890410958904
stride1_dt1,456,5,2,09,val,105,6.0,30,0.5641931684334511,32,48,26,27,0.5511737089201878,1.0384615384615383,1.2307692307692308
stride1_dt1,456,5,2,13,val,150,5.0,30,0.3189627228525121,144,82,109,86,0.1993983669961323,0.7889908256880734,1.3211009174311927
stride1_dt1,456,5,3,02,train,120,6.0,30,0.4568265682656826,82,163,59,64,0.3896663078579118,1.0847457627118644,1.3898305084745763
stride1_dt1,456,5,3,04,train,210,6.0,30,0.7676743345778634,47,185,83,80,0.7369860132506048,0.963855421686747,0.5662650602409639
stride1_dt1,456,5,3,05,train,167,2.8,30,0.4401168451801363,86,47,131,47,0.3982683982683982,0.3587786259541984,0.6564885496183206
stride1_dt1,456,5,3,10,train,131,6.0,30,0.2720953326713008,382,191,57,135,0.366783352781019,2.3684210526315788,6.701754385964913
stride1_dt1,456,5,3,11,train,180,6.0,30,0.5410214168039539,92,70,73,93,0.5346744309158284,1.273972602739726,1.2602739726027397
stride1_dt1,456,5,3,09,val,105,6.0,30,0.5400593471810089,38,51,26,24,0.5408450704225352,0.9230769230769232,1.4615384615384617
stride1_dt1,456,5,3,13,val,150,5.0,30,0.3044776119402985,135,82,108,92,0.1822490305902628,0.8518518518518519,1.25
stride1_dt1,456,5,4,02,train,120,6.0,30,0.4718518518518518,75,165,61,62,0.3970944309927361,1.0163934426229508,1.2295081967213115
stride1_dt1,456,5,4,04,train,210,6.0,30,0.7844412331406551,54,184,83,84,0.7326753464930702,1.0120481927710845,0.6506024096385542
stride1_dt1,456,5,4,05,train,167,2.8,30,0.4064171122994652,91,56,129,42,0.4007220216606498,0.3255813953488372,0.7054263565891473
stride1_dt1,456,5,4,10,train,130,6.0,30,0.2595267745952677,381,200,57,153,0.355191256830601,2.6842105263157894,6.684210526315789
stride1_dt1,456,5,4,11,train,180,6.0,30,0.5462351387054161,103,77,75,92,0.5349946977730646,1.2266666666666666,1.3733333333333333
stride1_dt1,456,5,4,09,val,105,6.0,30,0.5348421679571174,54,44,26,28,0.5187617260787992,1.0769230769230769,2.076923076923077
stride1_dt1,456,5,4,13,val,150,5.0,30,0.3212401055408971,101,66,108,87,0.1914802065404475,0.8055555555555556,0.9351851851851852
multidt_dtk,456,1,0,02,train,600,30.0,30,0.454614412136536,229,657,62,135,0.4233894838813842,2.177419354838709,3.693548387096774
multidt_dtk,456,1,0,04,train,1050,30.0,30,0.7474711241839443,111,759,83,101,0.7513930651639086,1.216867469879518,1.3373493975903614
multidt_dtk,456,1,0,05,train,837,14.0,30,0.6459394264272313,99,205,133,144,0.5657076767384704,1.0827067669172932,0.7443609022556391
multidt_dtk,456,1,0,10,train,654,30.0,30,0.4973488392817359,338,404,57,182,0.6475582210452527,3.192982456140351,5.9298245614035086
multidt_dtk,456,1,0,11,train,900,30.0,30,0.6299932914557541,87,190,75,119,0.6846121237812632,1.586666666666667,1.16
multidt_dtk,456,1,0,09,val,525,30.0,30,0.5970901592393172,38,129,26,36,0.6219718309859155,1.3846153846153846,1.4615384615384617
multidt_dtk,456,1,0,13,val,750,25.0,30,0.5541569877370213,205,271,110,189,0.4708812918742484,1.7181818181818185,1.8636363636363635
multidt_dtk,456,2,0,02,train,300,15.0,30,0.4801167457132433,126,335,59,96,0.4151146517386156,1.6271186440677967,2.135593220338983
multidt_dtk,456,2,0,04,train,525,15.0,30,0.7543859649122807,85,402,83,94,0.747391889618038,1.1325301204819278,1.0240963855421688
multidt_dtk,456,2,0,05,train,419,7.0,30,0.6120721383879278,75,102,133,107,0.5157196423420825,0.8045112781954887,0.5639097744360902
multidt_dtk,456,2,0,10,train,327,15.0,30,0.4815050440788875,288,243,57,155,0.6055789309646252,2.719298245614035,5.052631578947368
multidt_dtk,456,2,0,11,train,450,15.0,30,0.6397423191278494,92,112,73,109,0.6526895383312156,1.4931506849315068,1.2602739726027397
multidt_dtk,456,2,0,09,val,263,15.0,30,0.6235618959963185,26,75,26,32,0.6120075046904315,1.2307692307692308,1.0
multidt_dtk,456,2,0,13,val,375,12.5,30,0.498752551599002,159,145,110,152,0.4020600858369099,1.3818181818181818,1.4454545454545455
multidt_dtk,456,2,1,02,train,300,15.0,30,0.4602400873044743,144,344,62,102,0.4157339647008179,1.6451612903225807,2.3225806451612905
multidt_dtk,456,2,1,04,train,525,15.0,30,0.7821419156941216,114,425,83,91,0.7455118772335505,1.0963855421686748,1.3734939759036144
multidt_dtk,456,2,1,05,train,418,7.0,30,0.6094923950888766,82,114,132,106,0.5278260869565217,0.803030303030303,0.6212121212121212
multidt_dtk,456,2,1,10,train,327,15.0,30,0.4572992700729927,294,251,57,161,0.592338835253815,2.824561403508772,5.157894736842105
multidt_dtk,456,2,1,11,train,450,15.0,30,0.6542381307481978,83,101,75,110,0.6518879932117099,1.4666666666666666,1.106666666666667
multidt_dtk,456,2,1,09,val,262,15.0,30,0.6220162224797219,31,72,26,32,0.6030075187969925,1.2307692307692308,1.1923076923076923
multidt_dtk,456,2,1,13,val,375,12.5,30,0.5382704899525852,120,127,110,139,0.4120680763280041,1.2636363636363637,1.0909090909090908
multidt_dtk,456,5,0,02,train,120,6.0,30,0.4644707623982235,74,156,59,73,0.3912342027426727,1.2372881355932204,1.2542372881355932
multidt_dtk,456,5,0,04,train,210,6.0,30,0.7702621089503563,59,185,83,83,0.7312223858615612,1.0,0.7108433734939759
multidt_dtk,456,5,0,05,train,168,2.8,30,0.4505386875612145,74,55,129,51,0.4027476500361533,0.3953488372093023,0.5736434108527132
multidt_dtk,456,5,0,10,train,131,6.0,30,0.3448619059467529,296,196,57,149,0.3951769739401011,2.6140350877192984,5.192982456140351
multidt_dtk,456,5,0,11,train,180,6.0,30,0.573018991486575,76,59,72,87,0.5520169851380042,1.2083333333333333,1.0555555555555556
multidt_dtk,456,5,0,09,val,105,6.0,30,0.5494375370041444,35,42,26,26,0.5461393596986817,1.0,1.3461538461538465
multidt_dtk,456,5,0,13,val,150,5.0,30,0.3115610711952972,116,70,110,86,0.1999999999999999,0.7818181818181819,1.0545454545454545
multidt_dtk,456,5,1,02,train,120,6.0,30,0.4381233838197266,92,158,59,72,0.3893376413570274,1.2203389830508475,1.5593220338983051
multidt_dtk,456,5,1,04,train,210,6.0,30,0.7660755217758475,49,193,83,81,0.7356962557846025,0.9759036144578314,0.5903614457831325
multidt_dtk,456,5,1,05,train,168,2.8,30,0.4681908548707753,65,49,129,51,0.3876811594202898,0.3953488372093023,0.5038759689922481
multidt_dtk,456,5,1,10,train,131,6.0,30,0.3411238189955246,315,191,57,143,0.4041309431021044,2.508771929824561,5.526315789473684
multidt_dtk,456,5,1,11,train,180,6.0,30,0.596078431372549,80,64,73,89,0.5506094329623741,1.2191780821917808,1.095890410958904
multidt_dtk,456,5,1,09,val,105,6.0,30,0.5879574970484062,38,46,26,28,0.5407685098406748,1.0769230769230769,1.4615384615384617
multidt_dtk,456,5,1,13,val,150,5.0,30,0.2681564245810056,140,82,110,102,0.1781584582441113,0.9272727272727272,1.2727272727272727
multidt_dtk,456,5,2,02,train,120,6.0,30,0.5062916358253146,75,164,59,71,0.3989232839838492,1.2033898305084745,1.271186440677966
multidt_dtk,456,5,2,04,train,210,6.0,30,0.7504676845090821,48,190,83,82,0.734279705573081,0.9879518072289156,0.5783132530120482
multidt_dtk,456,5,2,05,train,167,2.8,30,0.4354758345789736,75,51,130,52,0.3853940708604483,0.4,0.5769230769230769
multidt_dtk,456,5,2,10,train,131,6.0,30,0.3636813458683819,291,172,57,129,0.421175554690541,2.263157894736842,5.105263157894737
multidt_dtk,456,5,2,11,train,180,6.0,30,0.6047120418848168,59,61,73,86,0.555026455026455,1.178082191780822,0.8082191780821918
multidt_dtk,456,5,2,09,val,105,6.0,30,0.5648854961832062,32,43,26,25,0.5577464788732394,0.9615384615384616,1.2307692307692308
multidt_dtk,456,5,2,13,val,150,5.0,30,0.3463651050080775,112,72,109,90,0.2208852599914053,0.8256880733944955,1.0275229357798166
multidt_dtk,456,5,3,02,train,120,6.0,30,0.4662462908011869,85,158,59,66,0.3867061356297093,1.11864406779661,1.4406779661016949
multidt_dtk,456,5,3,04,train,210,6.0,30,0.7528164347249834,66,195,83,84,0.7346724156062677,1.0120481927710845,0.7951807228915663
multidt_dtk,456,5,3,05,train,167,2.8,30,0.4492825333993073,69,50,131,52,0.3852813852813853,0.3969465648854962,0.5267175572519084
multidt_dtk,456,5,3,10,train,131,6.0,30,0.3193612774451098,290,174,57,134,0.3978996499416569,2.3508771929824563,5.087719298245614
multidt_dtk,456,5,3,11,train,180,6.0,30,0.5776762402088773,69,59,73,82,0.5622022233986237,1.1232876712328768,0.9452054794520548
multidt_dtk,456,5,3,09,val,105,6.0,30,0.5427553444180523,32,50,26,26,0.5455399061032864,1.0,1.2307692307692308
multidt_dtk,456,5,3,13,val,150,5.0,30,0.3016611295681063,113,72,108,91,0.1904351572598017,0.8425925925925926,1.0462962962962965
multidt_dtk,456,5,4,02,train,120,6.0,30,0.4963747908533185,76,164,61,68,0.392789884315308,1.1147540983606556,1.2459016393442623
multidt_dtk,456,5,4,04,train,210,6.0,30,0.764681081732217,85,191,83,86,0.7288954220915582,1.036144578313253,1.0240963855421688
multidt_dtk,456,5,4,05,train,167,2.8,30,0.4352078239608802,59,53,129,46,0.4166064981949459,0.3565891472868217,0.4573643410852713
multidt_dtk,456,5,4,10,train,130,6.0,30,0.3378042722305017,304,193,57,139,0.4012490241998439,2.43859649122807,5.333333333333333
multidt_dtk,456,5,4,11,train,180,6.0,30,0.5958142576847613,69,62,75,85,0.5646871686108166,1.1333333333333333,0.92
multidt_dtk,456,5,4,09,val,105,6.0,30,0.5643153526970954,41,48,26,26,0.5403377110694184,1.0,1.5769230769230769
multidt_dtk,456,5,4,13,val,150,5.0,30,0.2880794701986754,112,65,108,91,0.1867469879518072,0.8425925925925926,1.037037037037037
