stride,n,slope,corr,mean_abs_true,mean_abs_pred,wrong_sign,family,seed
1,1500,0.8092052486040373,0.9399265897248112,0.12672988260815002,0.11352299071564752,0.06784968684759916,stride1_dt1,42
2,1500,0.7163045752827497,0.9573694035232547,0.24103334307080593,0.1921789518147552,0.04862236628849271,stride1_dt1,42
5,1500,0.4669772904652711,0.9068476162363901,0.5670982019732607,0.33652648036751215,0.04821037253469686,stride1_dt1,42
1,1500,0.8116091468821562,0.9371591721644918,0.12672988260815002,0.11255541512941943,0.06784968684759916,multidt_dtk,42
2,1500,0.7699588721901375,0.9696456245881897,0.24103334307080593,0.19574106197530447,0.04700162074554295,multidt_dtk,42
5,1500,0.6241835025194401,0.9593946300509204,0.5670982019732607,0.39276954958177795,0.04747991234477721,multidt_dtk,42
1,1500,0.7888180969146972,0.9400726525041481,0.12672988260815002,0.10973554818390613,0.0720250521920668,stride1_dt1,123
2,1500,0.7152025408175204,0.959661023584809,0.24103334307080593,0.18977812517423687,0.05186385737439222,stride1_dt1,123
5,1500,0.4790916153785007,0.909932724984384,0.5670982019732607,0.34123091340781486,0.04821037253469686,stride1_dt1,123
1,1500,0.8058042315036856,0.9327941524808062,0.12672988260815002,0.11182760773634184,0.08455114822546973,multidt_dtk,123
2,1500,0.7831708914698887,0.9700097734665958,0.24103334307080593,0.19500797465822212,0.05672609400324149,multidt_dtk,123
5,1500,0.6368151346315903,0.9620196979324718,0.5670982019732607,0.3972165339154049,0.03871439006574142,multidt_dtk,123
1,1500,0.8123099101952453,0.9407344331740116,0.12672988260815002,0.11391942777732296,0.06367432150313153,stride1_dt1,456
2,1500,0.7010524687222358,0.9497462189589567,0.24103334307080593,0.1909851618995872,0.04781199351701783,stride1_dt1,456
5,1500,0.43946000494905385,0.8916356443094582,0.5670982019732607,0.32673292034597556,0.04747991234477721,stride1_dt1,456
1,1500,0.823466510234218,0.9369234240917816,0.12672988260815002,0.11336313107958768,0.06784968684759916,multidt_dtk,456
2,1500,0.7884997205621619,0.9686445511280837,0.24103334307080593,0.19772531073351457,0.05672609400324149,multidt_dtk,456
5,1500,0.6315966612282831,0.9618218354801598,0.5670982019732607,0.3951782731879639,0.045288531775018265,multidt_dtk,456
