method,sequence,split,peds_per_frame,iou_threshold,max_age,IDF1,ID_switches,fragmentations,n_gt_ids,n_pred_ids,count_error,ids_pred/gt,IDsw/id,MOTA
static,MOT17-02,train,30.968333333333334,0.2,30,0.43874398218006755,218,695,62,110,48,1.7741935483870968,3.5161290322580645,0.4237123943813573
static,MOT17-04,train,45.29238095238095,0.2,30,0.7136981059881385,257,768,83,106,23,1.2771084337349397,3.0963855421686746,0.7484071745484366
static,MOT17-05,train,8.264038231780168,0.2,30,0.5897913892587661,148,219,133,121,-12,0.9097744360902256,1.112781954887218,0.5644065346248374
static,MOT17-10,train,19.631498470948014,0.2,30,0.4633399866932801,456,441,57,168,111,2.9473684210526314,8.0,0.6372770464989486
static,MOT17-11,train,10.484444444444444,0.2,30,0.6227952803795159,100,200,75,110,35,1.4666666666666666,1.3333333333333333,0.685459940652819
static,MOT17-09,val,10.142857142857142,0.2,30,0.5361107931784366,56,128,26,34,8,1.3076923076923077,2.1538461538461537,0.6193427230046948
static,MOT17-13,val,15.522666666666666,0.2,30,0.45102406693105884,405,330,110,256,146,2.327272727272727,3.6818181818181817,0.43463322453186737
const_vel,MOT17-02,train,30.968333333333334,0.1,30,0.38095929177853566,287,607,62,192,130,3.096774193548387,4.629032258064516,0.4134330767988805
const_vel,MOT17-04,train,45.29238095238095,0.1,30,0.6694777192141831,222,675,83,151,68,1.819277108433735,2.674698795180723,0.7464095716718885
const_vel,MOT17-05,train,8.264038231780168,0.1,30,0.6276747503566333,104,210,133,143,10,1.0751879699248121,0.7819548872180451,0.5639728205869596
const_vel,MOT17-10,train,19.631498470948014,0.1,30,0.5164444444444445,293,402,57,175,118,3.0701754385964914,5.140350877192983,0.6526988083184049
const_vel,MOT17-11,train,10.484444444444444,0.1,30,0.6301536960234203,103,185,75,126,51,1.68,1.3733333333333333,0.68026706231454
const_vel,MOT17-09,val,10.142857142857142,0.1,30,0.5659075224292616,48,114,26,50,24,1.9230769230769231,1.8461538461538463,0.6146478873239436
const_vel,MOT17-13,val,15.522666666666666,0.1,30,0.5211946050096339,176,266,110,170,60,1.5454545454545454,1.6,0.47569146194811884
rnn,MOT17-02,train,30.968333333333334,0.2,30,0.4490869142383748,220,658,62,121,59,1.9516129032258065,3.5483870967741935,0.4229051181314246
rnn,MOT17-04,train,45.29238095238095,0.2,30,0.7544358888516907,129,759,83,97,14,1.1686746987951808,1.5542168674698795,0.7513510103665075
rnn,MOT17-05,train,8.264038231780168,0.2,30,0.6282871357498223,105,212,133,125,-8,0.9398496240601504,0.7894736842105263,0.5693219603874512
rnn,MOT17-10,train,19.631498470948014,0.2,30,0.5288222774033345,323,415,57,155,98,2.719298245614035,5.666666666666667,0.651608380715009
rnn,MOT17-11,train,10.484444444444444,0.2,30,0.6556319600803262,90,193,75,109,34,1.4533333333333334,1.2,0.6845061466723188
rnn,MOT17-09,val,10.142857142857142,0.2,30,0.5603112840466926,44,122,26,31,5,1.1923076923076923,1.6923076923076923,0.6217840375586854
rnn,MOT17-13,val,15.522666666666666,0.2,30,0.5218138835160112,193,273,110,178,68,1.6181818181818182,1.7545454545454546,0.47491839890053256
