method,gap,n,kept,switched,lost,mean_visibility
const_vel,1-5,1905,0.6545931758530183,0.2656167979002625,0.07979002624671916,0.504595616776028
const_vel,6-15,354,0.2711864406779661,0.5536723163841808,0.1751412429378531,0.35350806853327205
const_vel,16-30,156,0.08333333333333333,0.75,0.16666666666666666,0.23014543875318394
const_vel,31+,222,0.02252252252252252,0.7072072072072072,0.2702702702702703,0.21415086641254763
rnn,1-5,2152,0.7825278810408922,0.14684014869888476,0.07063197026022305,0.492763226570632
rnn,6-15,380,0.5,0.33421052631578946,0.16578947368421051,0.31332180246209235
rnn,16-30,156,0.3782051282051282,0.46794871794871795,0.15384615384615385,0.20094875115596475
rnn,31+,201,0.05472636815920398,0.6517412935323383,0.2935323383084577,0.21027736645146758
static,1-5,2293,0.7126035761011775,0.21979938944614041,0.06759703445268207,0.5017747524320395
static,6-15,386,0.45595854922279794,0.3911917098445596,0.15284974093264247,0.326401670817755
static,16-30,165,0.2727272727272727,0.5515151515151515,0.17575757575757575,0.20139982329238587
static,31+,205,0.05853658536585366,0.6585365853658537,0.28292682926829266,0.2169387648320199
