video,gt_id,start,length
02,3,229,14
02,3,258,19
02,3,283,135
02,3,435,103
02,3,567,9
02,8,37,7
02,9,186,35
02,9,244,89
02,9,351,117
02,9,508,93
02,10,197,28
02,10,250,210
02,10,514,70
02,10,588,13
02,14,210,25
02,14,253,54
02,15,173,40
02,15,219,191
02,15,443,11
02,15,470,24
02,15,495,102
02,16,426,1
02,16,485,3
02,17,198,32
02,17,234,224
02,17,495,97
02,17,594,7
02,18,159,277
02,18,442,9
02,18,486,95
02,18,588,8
02,19,439,5
02,21,1,7
02,22,1,29
02,23,1,81
02,23,107,45
02,23,166,69
02,23,441,8
02,26,17,84
02,26,338,19
02,26,375,31
02,26,417,13
02,26,458,14
02,26,480,9
02,27,31,46
02,27,116,13
02,27,355,20
02,27,387,58
02,27,456,145
02,28,161,14
02,28,340,261
02,29,256,7
02,29,340,32
02,29,384,32
02,29,417,25
02,29,457,14
02,29,473,13
02,31,115,11
02,31,150,78
02,31,253,348
02,32,446,9
02,32,487,18
02,33,448,10
02,33,465,6
02,33,552,2
02,33,562,19
02,34,451,8
02,35,454,8
02,36,1,19
02,36,62,120
02,36,341,101
02,37,58,74
02,37,209,8
02,37,232,3
02,37,247,32
02,37,286,11
02,38,284,6
02,38,331,49
02,38,438,20
02,38,467,12
02,38,492,13
02,39,29,24
02,39,108,23
02,39,179,6
02,39,229,33
02,39,268,2
02,39,298,10
02,40,11,123
02,40,137,82
02,40,273,9
02,40,309,65
02,40,378,107
02,41,208,35
02,41,246,9
02,41,273,12
02,41,315,1
02,41,319,132
02,41,470,10
02,41,493,20
02,41,527,5
02,41,570,11
02,42,209,42
02,42,253,12
02,42,281,6
02,42,292,38
02,42,373,30
02,42,441,25
02,42,478,14
02,42,499,71
02,43,122,129
02,43,378,24
02,43,406,72
02,43,539,13
02,44,231,12
02,44,294,9
02,44,339,14
02,44,397,73
02,44,484,33
02,48,357,24
02,48,383,3
02,48,399,69
02,49,390,37
02,49,436,36
02,54,211,23
02,54,301,34
02,54,356,21
02,54,388,37
02,54,432,15
02,54,456,13
02,54,471,9
02,54,578,2
02,55,580,5
02,56,350,163
02,56,533,1
02,57,41,178
02,57,367,28
02,57,404,41
02,57,449,21
02,57,503,5
02,58,140,63
02,58,361,31
02,58,402,41
02,59,51,75
02,59,147,29
02,59,283,91
02,60,199,73
02,60,374,24
02,60,405,140
02,60,583,18
02,61,51,166
02,61,272,232
02,61,526,57
02,62,111,3
02,62,157,100
02,62,358,32
02,62,400,15
02,64,490,7
02,64,499,1
02,64,503,1
02,67,146,330
02,67,489,6
02,68,128,23
02,68,152,32
02,69,126,62
02,70,1,119
02,70,134,73
02,71,91,1
02,71,113,38
02,72,1,27
02,72,47,106
02,73,112,121
02,76,311,155
02,77,471,12
02,78,491,25
02,79,530,16
02,79,555,27
02,80,591,4
02,81,600,1
02,82,600,1
04,2,612,69
04,62,448,17
04,63,673,16
04,65,15,2
04,65,629,22
04,66,398,24
04,66,456,20
04,66,661,1
04,67,450,70
04,68,918,1
04,68,920,25
04,68,969,16
04,69,48,5
04,69,225,10
04,69,411,20
04,70,60,4
04,70,65,2
04,70,685,6
04,71,39,11
04,72,60,1
04,72,62,1
04,72,72,9
04,73,59,13
04,74,233,12
04,74,505,29
04,76,504,5
04,77,20,25
04,80,847,44
04,82,3,93
04,82,628,6
04,83,650,1
04,84,277,24
04,85,294,17
04,89,19,4
04,89,25,2
04,89,227,24
04,91,464,98
04,91,611,35
04,91,661,1
04,91,747,30
04,91,859,36
04,91,915,1
04,91,917,10
04,91,933,50
04,93,391,47
04,93,461,1
04,93,518,51
04,93,578,33
04,94,1,314
04,94,446,49
04,94,821,1
04,94,831,2
04,94,835,1
04,94,852,79
04,94,937,12
04,95,1,532
04,95,605,118
04,95,737,2
04,95,815,36
04,95,898,7
04,96,10,115
04,96,152,122
04,96,305,74
04,96,417,9
04,96,452,407
04,96,875,176
04,97,1,222
04,97,743,24
04,97,985,66
04,98,94,50
04,99,704,55
04,99,775,15
04,104,860,2
04,104,891,37
04,104,930,1
04,104,958,2
04,104,962,17
04,104,986,25
04,104,1042,1
04,106,1043,8
04,107,680,3
04,107,735,30
04,108,700,78
04,108,810,22
04,109,1007,8
04,110,1021,9
04,111,326,27
04,112,770,6
04,113,847,32
04,114,900,15
04,114,994,23
04,115,760,8
04,117,741,21
04,118,81,9
04,119,419,20
04,119,665,54
04,120,448,4
04,120,607,74
04,120,700,1
04,121,247,2
04,121,553,4
04,122,360,8
04,122,370,8
04,123,407,3
04,124,270,31
04,125,267,15
04,126,803,18
04,126,822,37
04,127,831,11
04,128,850,11
04,128,864,18
04,129,983,8
04,130,1020,31
04,131,520,116
04,131,652,25
04,131,983,7
04,132,500,80
04,133,500,28
04,134,524,8
04,134,539,332
04,134,907,20
04,135,258,27
04,135,304,8
04,135,439,6
04,135,459,19
04,135,479,49
04,138,635,4
04,139,111,20
04,140,271,230
04,141,631,2
04,141,882,96
04,141,1013,38
05,1,303,3
05,2,1,72
05,2,88,3
05,2,263,3
05,2,267,1
05,2,272,7
05,2,286,5
05,2,293,1
05,2,295,14
05,2,316,5
05,2,324,13
05,3,19,22
05,4,18,14
05,4,39,6
05,5,4,28
05,5,33,1
05,5,39,2
05,6,25,15
05,6,48,8
05,8,66,94
05,8,171,7
05,9,80,13
05,9,102,2
05,9,113,10
05,9,130,31
05,10,95,2
05,11,93,48
05,12,129,29
05,12,171,7
05,13,185,1
05,13,196,1
05,14,1,1
05,14,17,14
05,14,41,120
05,14,171,7
05,14,212,1
05,15,225,13
05,15,242,12
05,16,241,8
05,17,234,7
05,20,242,1
05,20,257,8
05,21,242,1
05,22,252,6
05,23,269,5
05,24,250,1
05,25,253,31
05,26,257,26
05,27,253,3
05,27,259,2
05,28,269,2
05,28,278,5
05,28,292,10
05,28,306,11
05,29,270,6
05,29,279,3
05,29,294,8
05,30,277,1
05,30,283,2
05,30,309,1
05,31,293,1
05,31,297,12
05,31,317,1
05,31,320,13
05,33,297,1
05,33,323,1
05,35,305,18
05,36,301,1
05,38,304,1
05,38,306,3
05,38,312,2
05,38,330,4
05,38,439,6
05,38,469,4
05,39,313,6
05,40,338,1
05,41,324,16
05,41,345,1
05,42,332,3
05,42,440,5
05,43,325,8
05,44,355,7
05,44,366,1
05,46,353,5
05,47,333,1
05,47,351,20
05,48,376,1
05,48,438,6
05,48,456,2
05,48,459,10
05,49,397,2
05,49,433,4
05,49,438,6
05,49,445,1
05,50,378,2
05,52,515,12
05,52,554,30
05,53,441,4
05,53,521,12
05,53,564,3
05,53,574,5
05,53,587,12
05,54,415,25
05,54,482,12
05,54,509,40
05,54,561,6
05,54,570,10
05,54,599,14
05,55,538,5
05,55,544,9
05,57,525,2
05,58,531,2
05,59,537,4
05,60,553,10
05,61,553,28
05,62,555,1
05,63,585,8
05,65,625,10
05,66,617,3
05,66,710,4
05,66,731,6
05,67,605,6
05,67,679,1
05,68,625,12
05,69,632,13
05,70,657,4
05,71,657,9
05,71,781,39
05,72,661,8
05,73,677,3
05,74,681,8
05,75,685,6
05,75,695,4
05,76,689,1
05,77,685,1
05,77,698,8
05,78,693,1
05,78,703,2
05,80,697,2
05,81,701,4
05,82,701,10
05,83,757,5
05,83,767,13
05,84,747,1
05,84,752,9
05,84,762,14
05,84,779,7
05,85,723,1
05,85,746,7
05,86,733,2
05,87,733,9
05,87,773,3
05,89,752,1
05,89,758,6
05,89,776,1
05,89,785,1
05,90,757,4
05,91,765,1
05,93,773,3
05,94,773,21
05,94,796,4
05,94,803,5
05,94,813,1
05,94,821,1
05,95,777,5
05,96,768,15
05,98,754,8
05,98,771,4
05,98,782,15
05,98,833,3
05,99,807,4
05,100,793,1
05,102,805,4
05,103,813,12
05,104,813,3
05,106,829,9
05,107,80,13
05,107,102,2
05,107,113,10
05,107,131,13
05,107,151,10
05,107,172,10
05,107,195,2
05,107,198,7
05,108,269,8
05,109,617,28
05,109,646,33
05,109,680,1
05,110,806,13
05,110,829,9
05,117,6,2
05,117,15,15
05,117,39,11
05,117,51,21
05,117,74,11
05,123,303,2
05,124,432,1
05,125,249,29
05,125,283,1
05,126,242,1
05,127,370,2
05,128,435,6
05,128,499,17
05,129,595,17
05,131,711,14
05,131,726,2
05,136,720,2
05,139,86,36
05,140,145,10
05,140,170,7
05,141,760,17
05,144,373,1
05,147,245,1
05,148,308,1
05,150,5,1
05,152,324,2
05,154,710,5
10,2,15,8
10,2,418,3
10,2,426,18
10,4,291,1
10,6,10,26
10,8,49,5
10,9,98,1
10,11,93,23
10,12,29,35
10,12,384,8
10,13,137,4
10,13,142,6
10,13,154,21
10,13,179,8
10,13,191,1
10,13,203,8
10,13,212,7
10,14,501,18
10,14,520,11
10,14,532,2
10,15,35,23
10,18,89,58
10,18,168,3
10,18,173,1
10,18,211,3
10,18,241,3
10,18,271,1
10,18,301,3
10,23,12,12
10,23,25,44
10,23,88,22
10,23,247,21
10,23,295,15
10,23,350,30
10,23,586,5
10,23,592,9
10,24,99,17
10,24,235,15
10,24,261,5
10,25,186,84
10,25,272,12
10,25,285,4
10,25,306,2
10,25,314,27
10,25,345,5
10,25,354,1
10,25,358,2
10,25,378,3
10,25,383,1
10,25,385,38
10,25,438,2
10,25,459,4
10,25,478,4
10,26,11,2
10,26,21,4
10,26,35,9
10,26,57,38
10,26,145,6
10,26,152,30
10,27,61,4
10,28,63,4
10,30,117,5
10,30,343,2
10,31,189,40
10,31,241,49
10,31,352,12
10,31,373,52
10,32,181,29
10,32,231,34
10,32,315,2
10,32,342,10
10,32,375,40
10,33,386,4
10,33,393,3
10,34,109,48
10,34,194,14
10,34,210,80
10,34,365,19
10,34,441,69
10,34,577,2
10,38,58,2
10,40,67,4
10,41,71,21
10,41,123,29
10,41,156,6
10,42,68,5
10,43,201,10
10,44,127,7
10,44,272,6
10,44,341,1
10,45,119,1
10,45,122,1
10,45,334,17
10,45,364,8
10,46,488,72
10,47,501,24
10,47,531,36
10,48,493,29
10,48,526,17
10,49,634,7
10,50,447,8
10,50,480,1
10,54,124,40
10,54,166,13
10,54,183,3
10,54,208,2
10,54,267,5
10,54,278,9
10,54,296,6
10,54,310,26
10,56,203,2
10,56,302,16
10,56,330,25
10,56,476,11
10,57,210,9
10,57,310,17
10,57,344,19
10,57,446,13
10,59,235,23
10,59,263,11
10,59,327,16
10,59,351,23
10,59,407,10
10,59,427,2
10,59,440,15
10,67,609,2
10,67,612,1
10,68,579,1
10,70,260,1
10,71,143,3
10,71,161,5
10,71,172,66
10,71,244,1
10,71,252,1
10,71,321,18
10,71,348,20
10,71,370,2
10,71,374,23
10,71,417,15
10,73,544,7
11,1,710,18
11,1,747,12
11,5,253,3
11,6,92,18
11,6,111,35
11,6,154,7
11,7,249,9
11,7,427,1
11,10,369,6
11,10,415,3
11,10,434,22
11,10,569,3
11,12,378,30
11,12,551,2
11,14,322,12
11,19,30,9
11,19,56,2
11,20,192,10
11,20,210,5
11,25,1,5
11,25,10,54
11,25,194,52
11,25,262,3
11,25,266,11
11,25,691,28
11,25,739,14
11,26,91,8
11,26,102,1
11,27,250,1
11,28,27,8
11,29,61,1
11,29,141,3
11,30,1,11
11,30,15,10
11,30,32,22
11,30,56,13
11,30,73,3
11,30,97,2
11,30,114,1
11,30,125,4
11,30,130,4
11,30,135,3
11,30,147,4
11,31,459,72
11,31,537,10
11,32,248,1
11,32,336,87
11,32,468,69
11,33,627,10
11,33,721,14
11,33,759,15
11,34,678,14
11,34,714,20
11,34,735,75
11,34,850,2
11,35,732,7
11,35,746,22
11,35,793,5
11,35,872,3
11,36,773,11
11,37,831,9
11,38,746,2
11,39,427,8
11,39,558,11
11,39,688,35
11,40,428,6
11,40,483,7
11,41,487,16
11,41,518,29
11,41,595,12
11,42,490,35
11,42,539,39
11,42,581,24
11,42,711,3
11,43,710,3
11,43,724,15
11,43,746,9
11,45,340,4
11,45,447,2
11,46,428,63
11,46,497,9
11,47,591,1
11,47,624,8
11,48,639,56
11,49,794,78
11,50,864,6
11,51,784,8
11,51,793,19
11,55,172,20
11,55,196,7
11,55,219,4
11,57,300,16
11,57,324,12
11,58,301,13
11,58,318,18
11,60,615,53
11,61,609,20
11,62,831,9
11,67,837,3
11,68,837,1
11,69,861,4
11,70,851,19
11,71,868,2
11,71,872,4
11,72,884,3
11,76,109,19
11,77,123,3
11,77,130,31
11,79,17,7
11,88,90,3
11,88,99,1
11,89,192,9
11,91,900,1
09,1,30,25
09,1,164,25
09,1,194,14
09,1,211,45
09,1,257,234
09,2,222,98
09,3,381,4
09,3,482,12
09,4,455,6
09,4,518,8
09,6,411,8
09,7,151,22
09,7,180,11
09,7,197,12
09,7,212,1
09,7,220,4
09,7,225,114
09,8,173,26
09,8,367,16
09,9,510,8
09,10,144,5
09,10,154,1
09,10,176,12
09,10,191,13
09,10,275,11
09,10,311,67
09,10,420,9
09,11,186,15
09,11,204,11
09,11,256,35
09,11,337,28
09,11,373,5
09,11,455,18
09,11,518,8
09,12,209,9
09,12,444,15
09,13,213,13
09,13,368,2
09,13,449,12
09,13,508,2
09,14,492,4
09,15,447,5
09,15,498,6
09,16,9,3
09,16,13,1
09,16,15,60
09,17,451,38
09,17,494,32
09,18,145,30
09,18,176,8
09,21,106,66
09,22,102,64
09,23,118,33
09,23,249,12
09,23,262,29
09,29,189,6
09,29,203,7
09,29,294,54
09,29,433,12
09,43,41,4
09,43,49,1
13,4,72,3
13,4,92,14
13,4,165,2
13,7,271,4
13,15,40,3
13,18,149,5
13,27,621,4
13,31,31,2
13,32,36,4
13,32,53,10
13,32,64,2
13,32,67,6
13,32,76,1
13,32,152,18
13,33,256,10
13,34,50,9
13,34,128,15
13,34,155,40
13,34,196,1
13,34,208,61
13,35,144,25
13,35,172,12
13,36,55,5
13,36,61,3
13,36,65,26
13,36,92,3
13,36,96,2
13,36,99,2
13,36,103,3
13,37,188,1
13,37,194,9
13,38,15,14
13,38,31,3
13,38,48,2
13,38,55,2
13,38,60,1
13,38,62,3
13,38,66,1
13,38,75,1
13,38,78,21
13,38,100,3
13,38,116,1
13,38,134,3
13,39,339,9
13,39,349,3
13,39,353,1
13,39,355,1
13,39,377,3
13,39,387,3
13,39,391,1
13,40,126,3
13,40,150,1
13,45,233,1
13,45,259,2
13,45,262,4
13,47,168,4
13,47,205,22
13,47,228,8
13,47,239,50
13,47,293,68
13,47,363,1
13,48,291,3
13,49,182,1
13,50,230,2
13,51,224,8
13,52,228,1
13,52,275,1
13,52,286,1
13,52,290,2
13,52,294,5
13,53,669,1
13,60,73,6
13,60,83,1
13,60,85,1
13,60,100,3
13,60,117,2
13,60,129,4
13,61,71,29
13,65,328,5
13,65,446,1
13,66,327,11
13,67,59,3
13,68,330,1
13,68,332,1
13,68,377,4
13,68,392,9
13,68,403,7
13,68,415,4
13,68,426,1
13,68,428,3
13,70,374,1
13,72,106,12
13,72,119,1
13,73,92,9
13,128,453,1
13,133,179,31
13,133,212,1
13,133,268,11
13,133,440,3
13,134,284,5
13,135,296,3
13,138,188,3
13,138,192,16
13,138,258,1
13,139,280,2
13,139,283,6
13,139,291,16
13,139,413,17
13,139,437,2
13,141,271,1
13,142,313,6
13,142,341,1
13,142,391,1
13,142,410,6
13,142,419,9
13,142,448,1
13,142,464,3
13,144,458,20
13,145,112,13
13,146,195,8
13,146,204,1
13,146,208,1
13,146,210,1
13,146,212,9
13,146,271,1
13,147,313,7
13,147,328,3
13,147,332,1
13,148,257,1
13,149,710,2
13,150,148,11
13,151,296,1
13,152,117,3
13,152,121,11
13,152,162,10
13,153,307,3
13,153,319,1
13,153,334,3
13,155,304,22
13,156,74,1
13,156,95,1
13,156,108,1
13,156,147,4
13,157,284,3
13,157,295,1
13,157,297,23
13,157,330,7
13,157,338,1
13,157,343,15
13,157,360,19
13,157,385,3
13,157,402,2
13,157,409,15
13,157,426,5
13,158,199,1
13,159,207,6
13,159,216,2
13,159,219,13
13,160,300,6
13,160,328,10
13,160,340,3
13,160,344,7
13,160,353,20
13,160,381,5
13,160,393,8
13,161,358,26
13,161,385,19
13,161,417,12
13,163,403,3
13,163,407,9
13,164,453,8
13,164,462,2
13,164,467,1
13,165,452,1
13,166,31,3
13,167,97,1
13,167,118,11
13,169,323,14
13,170,270,1
