gt_id,video,start,length,outcome,pred_before,pred_after,mean_visibility,camera,speed_boxwidths_per_frame,gate_iou_at_end,gate_iou_min_in_gap,frames_until_gate_iou_below_0.3,track_alive_at_end,swap_partner
1,09,30,26,kept,1,1.0,0.037377269230769235,parada,0.02303579188433679,0.7024654198339791,0.7059103266274972,,True,
1,09,163,25,kept,1,1.0,0.026245168800000003,parada,0.005517745401213914,0.5999450048863757,0.5745995457598569,,True,
1,09,194,15,kept,1,1.0,0.017564053333333333,parada,0.046517189906590206,0.6624055560575979,0.6766981381725597,,True,
1,09,211,36,switched,1,19.0,0.014249377777777779,parada,0.05092509384333354,,0.5045767863785141,,False,
1,09,251,1,kept,19,19.0,0.12403,parada,0.04938003156027417,0.8186037830724759,0.8305749611313012,,True,
1,09,258,101,switched,19,17.0,0.003049345544554456,parada,0.04929220205968732,,0.0,24.0,False,12.0
1,09,362,4,kept,17,17.0,0.0,parada,0.047872340425531915,0.47615456808812584,0.5178155994677273,,True,
1,09,367,8,kept,17,17.0,0.0,parada,0.04587657964958622,0.33092031741770445,0.3567408932982839,,True,
1,09,376,60,switched,17,29.0,0.0,parada,0.03704331387032372,,0.0,9.0,False,
1,09,438,53,lost,29,,0.011231219433962264,parada,0.026463577140215105,,0.0,2.0,False,
19,09,196,5,lost,3,,0.380134,parada,0.06332798145630657,,0.3597662090969521,,True,
20,09,217,4,lost,7,,0.2972325,parada,0.08142415937173177,,0.23993615641457236,3.0,True,
21,09,17,1,kept,4,4.0,1.0,parada,0.059185606060606064,0.9454572625227625,0.9272453344148197,,True,
21,09,24,1,kept,4,4.0,1.0,parada,0.02403846153846154,0.8243608053305702,0.8615823162114106,,True,
21,09,33,1,kept,4,4.0,0.43396,parada,0.02403846153846154,0.8837660660866468,0.8881224307268869,,True,
21,09,54,1,kept,4,4.0,0.53846,parada,0.0,0.8432443199089825,0.8487982124802226,,True,
21,09,58,1,kept,4,4.0,0.54902,parada,0.0,0.8653048565266851,0.8650108782477347,,True,
21,09,60,1,kept,4,4.0,0.54902,parada,0.003493610578984919,0.9002495289160923,0.8965625592971092,,True,
21,09,62,1,kept,4,4.0,0.54902,parada,0.003521448113478822,0.9059105685396984,0.9091982771625904,,True,
21,09,70,1,kept,4,4.0,0.52941,parada,0.0,0.8814469570572309,0.8905557904302648,,True,
21,09,85,3,kept,4,4.0,0.4902,parada,0.003593022262126766,0.8901982990518198,0.9018293022301418,,True,
21,09,90,1,kept,4,4.0,0.46154,parada,0.00248015873015873,0.9423803474494782,0.9506181229818615,,True,
21,09,105,70,switched,4,12.0,0.02860547142857143,parada,0.0022893772893772895,,0.6933394544854669,,False,
21,09,195,6,kept,12,12.0,1.0,parada,0.043298192771084335,0.8249713434098392,0.8149116721688976,,True,
21,09,204,1,kept,12,12.0,1.0,parada,0.0430795824596607,0.821343229458831,0.8579178308517083,,True,
21,09,206,1,kept,12,12.0,1.0,parada,0.041337428956539156,0.8426045719929627,0.8647948780828978,,True,
21,09,208,4,kept,12,12.0,1.0,parada,0.04320133375978741,0.8998769995379642,0.9101209463553906,,True,
21,09,213,1,kept,12,12.0,1.0,parada,0.0383962312770541,0.9017809562299156,0.938695131727546,,True,
21,09,217,1,kept,12,12.0,1.0,parada,0.0405291401743422,0.8750540679472343,0.8927424575386632,,True,
21,09,220,1,kept,12,12.0,1.0,parada,0.04735966935908641,0.8780639429282048,0.9067688230770904,,True,
21,09,223,1,kept,12,12.0,1.0,parada,0.05455189145686098,0.935679634970291,0.9335329139420531,,True,
21,09,226,1,kept,12,12.0,1.0,parada,0.05355093932003784,0.9300417093375237,0.9465883067129399,,True,
21,09,229,1,kept,12,12.0,1.0,parada,0.052428614244468194,0.9004327083550623,0.9233748759621948,,True,
21,09,231,1,kept,12,12.0,1.0,parada,0.05006281941819854,0.8423543773794273,0.8508695313925844,,True,
21,09,244,1,kept,12,12.0,1.0,parada,0.0675,0.8909280934658108,0.8845235021581941,,True,
21,09,324,2,kept,12,12.0,1.0,parada,0.015611116870695997,0.8579130589528972,0.8791805759001369,,True,
21,09,347,1,kept,12,12.0,1.0,parada,0.00527744624628804,0.921649093246743,0.9225063410315014,,True,
21,09,349,3,kept,12,12.0,1.0,parada,0.004575054485197308,0.9000819971259689,0.8954146181766535,,True,
21,09,367,3,kept,12,12.0,1.0,parada,0.07143349494226184,0.7874940284359899,0.8331754853729675,,True,
21,09,371,4,kept,12,12.0,1.0,parada,0.07757092198581561,0.6876726799113819,0.7270766852891825,,True,
21,09,380,3,lost,12,,0.6191266666666667,parada,0.04897388059701492,,0.8125944311710096,,True,
22,09,100,71,switched,2,11.0,0.04769402816901408,parada,0.0,,0.5405221537716121,,False,
22,09,240,2,kept,11,11.0,0.389985,parada,0.01842918703731381,0.6692994072520861,0.7610752668696389,,True,
22,09,294,1,kept,11,11.0,0.9016,parada,0.020686249152289005,0.8374127210296495,0.8479530398777279,,True,
22,09,300,1,kept,11,11.0,0.87417,parada,0.010399334442595673,0.9066723375978925,0.9154785529483873,,True,
22,09,303,1,kept,11,11.0,0.9062,parada,0.0028375071476185697,0.8699544707978797,0.9120498910025496,,True,
22,09,388,5,lost,11,,0.344538,parada,0.048740326569183645,,0.6347798595882738,,True,
23,09,116,15,kept,5,5.0,0.07823359999999999,parada,0.04128016499098009,0.5663935329671719,0.5852008139783733,,True,
23,09,133,20,kept,5,5.0,0.03529365,parada,0.04702380560359113,0.5143462903125349,0.5281185553356053,,True,
23,09,154,1,kept,5,5.0,0.44966,parada,0.03671448087431694,0.6561676181909124,0.6669208556837734,,True,
23,09,236,1,kept,5,5.0,0.51269,parada,0.028142589118198877,0.8739603367029647,0.8770629205618412,,True,
23,09,240,1,kept,5,5.0,0.40025,parada,0.02732889733840304,0.8219280441820718,0.8252580314409155,,True,
23,09,242,2,kept,5,5.0,0.33996000000000004,parada,0.027511626274429584,0.8666923340878552,0.871120615387397,,True,
23,09,245,1,kept,5,5.0,0.29383,parada,0.029069767441860465,0.9154178814022107,0.9227960265671288,,True,
23,09,247,44,lost,5,,0.1422345909090909,parada,0.028076171875,,0.37801153515722274,,True,
16,09,26,55,lost,6,,0.045715490909090904,parada,0.0215028474621291,,0.27962283131088667,29.0,False,
43,09,60,1,lost,8,,0.76596,parada,0.03011945012796053,,0.6361133836924817,,True,
7,09,151,23,kept,8,8.0,0.03423182608695652,parada,0.01604748755632673,0.356455653400916,0.3784759185574111,,True,
7,09,181,10,kept,8,8.0,0.013971,parada,0.04755280961090964,0.7434673028617999,0.7425853741116476,,True,
7,09,196,1,kept,8,8.0,0.28767,parada,0.07080183910492233,0.9516985740851505,0.9523075210865638,,True,
7,09,198,143,switched,8,22.0,0.038052353146853145,parada,0.0682707536233772,,0.36690729940251254,,False,
7,09,389,1,kept,22,22.0,0.37838,parada,0.032763390697808877,0.875631952422226,0.8905318162417923,,True,
7,09,393,1,kept,22,22.0,0.37333,parada,0.0615702062066938,0.7821940828285465,0.8255623340693986,,True,
7,09,396,3,lost,22,,0.2762966666666667,parada,0.04223096168038013,,0.781874366411314,,True,
8,09,171,12,kept,9,9.0,0.05507364166666667,parada,0.05354568911637427,0.5795420257900569,0.6093038509060309,,True,
8,09,186,14,kept,9,9.0,0.06330457142857142,parada,0.084555846956212,0.6639884187588833,0.5393074089157279,,True,
8,09,299,1,kept,9,9.0,0.52202,parada,0.05000302249626465,0.8361218629559857,0.9030229578156233,,True,
8,09,304,6,kept,9,9.0,0.36467833333333327,parada,0.028551833716200573,0.7429841657752987,0.7355163518959298,,True,
8,09,362,1,kept,9,9.0,0.54321,parada,0.05183876487558977,0.8708738268431502,0.9340444225240778,,True,
8,09,365,18,lost,9,,0.05010944444444444,parada,0.060714005565194754,,0.3015430961563288,,True,
10,09,167,1,kept,10,10.0,0.40127,parada,0.10160360865464903,0.9057643947315386,0.8535584519114787,,True,
10,09,175,12,kept,10,10.0,0.03947666666666667,parada,0.07190987739905233,0.5622660872062222,0.5569150245164094,,True,
10,09,189,15,kept,10,10.0,0.06155286666666667,parada,0.0684163168014634,0.6483577466439361,0.4802107359463781,,True,
10,09,254,1,kept,10,10.0,0.32231,parada,0.05308364060827672,0.9562023383060299,0.8934988922142333,,True,
10,09,273,8,kept,10,10.0,0.1271175,parada,0.0523289327675521,0.7220184317040379,0.7526442906128127,,True,
10,09,282,1,kept,10,10.0,0.0,parada,0.05658713750631132,0.7931222220139864,0.7938888932739137,,True,
10,09,284,1,kept,10,10.0,0.081395,parada,0.0458276076219587,0.8000854033392049,0.7928553898059519,,True,
10,09,286,1,kept,10,10.0,0.20455,parada,0.03107234080032902,0.6879751686656995,0.720679927396403,,True,
10,09,294,2,kept,10,10.0,0.260645,parada,0.05823342195301392,0.8275399215611512,0.8487873087836875,,True,
10,09,298,1,kept,10,10.0,0.27451,parada,0.05264802374669093,0.7571764021187312,0.796194323075591,,True,
10,09,304,1,kept,10,10.0,0.32941,parada,0.03684488138217112,0.7315986023924843,0.768725719344711,,True,
10,09,306,1,kept,10,10.0,0.36905,parada,0.038947899725902346,0.7410745419595945,0.7614944310688724,,True,
10,09,311,1,kept,10,10.0,0.14717,parada,0.04463894918227467,0.8744029969748496,0.9069666802957128,,True,
10,09,313,67,switched,10,24.0,0.02253351194029851,parada,0.04675810473815461,,0.5731447400358389,,False,
10,09,414,1,kept,24,24.0,0.27869,parada,0.033398374045586245,0.8612188327983406,0.8835625666438367,,True,
10,09,417,5,kept,24,24.0,0.214598,parada,0.033398374045586245,0.7548893092260843,0.6875525786972194,,True,
10,09,423,6,lost,24,,0.029658,parada,0.03501107394310527,,0.7374602840694553,,True,
18,09,238,1,kept,14,14.0,1.0,parada,0.054156908665105384,0.8702282882200804,0.8770168794176187,,True,
18,09,241,1,kept,14,14.0,1.0,parada,0.06982797761316462,0.8832506866252496,0.8970834660392136,,True,
18,09,244,1,kept,14,14.0,1.0,parada,0.06978258072184769,0.8574522745379963,0.9181326280675128,,True,
18,09,246,1,kept,14,14.0,1.0,parada,0.06106381260930234,0.8001685308157416,0.8496166128950402,,True,
18,09,295,1,kept,14,14.0,0.65,parada,0.023948708115714194,0.5586317320528892,0.8314676362362381,,True,
18,09,311,27,lost,14,,0.481202962962963,parada,0.014119544352766524,,0.3431639292212242,,True,
29,09,189,8,switched,13,15.0,0.15741525,parada,0.07328237449241787,0.0,0.0,1.0,True,
29,09,203,7,kept,15,15.0,0.0,parada,0.050091496585558476,0.6303356738417777,0.6635000839589046,,True,
29,09,287,7,switched,15,19.0,0.27676142857142855,parada,0.012809905456278034,0.7026664994369359,0.6639208396241506,,True,
29,09,295,110,switched,19,20.0,0.17483355454545454,parada,0.03437385523876366,,0.0,13.0,False,11.0
29,09,408,1,kept,20,20.0,0.38845,parada,0.03591741086438421,0.8106292440907881,0.8404214996363236,,True,
29,09,415,1,kept,20,20.0,0.47788,parada,0.040436171648281845,0.8945611501226589,0.8687745698538926,,True,
29,09,423,1,kept,20,20.0,0.44506,parada,0.02403846153846154,0.8057286786130932,0.8105485601950437,,True,
29,09,425,1,kept,20,20.0,0.43383,parada,0.0259070451350953,0.8406825565613731,0.8507933665636646,,True,
29,09,430,15,lost,20,,0.10989101333333332,parada,0.028399987214132772,,0.910858859755041,,True,
11,09,190,2,kept,13,13.0,0.054795,parada,0.05797475733515626,0.764311880929979,0.8170275180635106,,True,
11,09,193,8,switched,13,16.0,0.010956125,parada,0.06881689536090595,0.0031079178676441136,0.05072423875840137,3.0,True,
11,09,207,7,kept,16,16.0,0.0,parada,0.08372312807324554,0.4145014126346334,0.48166193629035314,,True,
11,09,246,1,kept,16,16.0,0.50829,parada,0.06354715422996991,0.8493649424263156,0.8934761002941677,,True,
11,09,248,2,kept,16,16.0,0.34435000000000004,parada,0.06844031577626457,0.8130242828109824,0.8757405520070634,,True,
11,09,252,35,switched,16,20.0,0.05930583428571429,parada,0.05257671562758132,,0.11077550986076434,21.0,False,
11,09,336,94,switched,20,18.0,0.2090061914893617,parada,0.037908242612752725,0.0,0.0,13.0,True,13.0
11,09,432,1,switched,18,28.0,0.37482,parada,0.03184825866394298,0.7663860542737325,0.7885833323222058,,True,
11,09,453,20,switched,28,33.0,0.053531276,parada,0.024822875926911778,0.09122767578855574,0.1377165711275963,17.0,True,
11,09,522,4,lost,33,,0.0,parada,0.015615759582135649,,0.4230561861219323,,True,
12,09,211,9,switched,3,17.0,0.13624841111111113,parada,0.10546773798294454,0.12840211409172173,0.20263287065097468,7.0,True,
12,09,294,1,kept,17,17.0,1.0,parada,0.05456238180967868,0.8949625623063261,0.9145584540455363,,True,
12,09,405,10,switched,20,26.0,1.0,parada,0.019655266105826907,0.4160314078037911,0.357060048748788,,True,
12,09,416,1,kept,26,26.0,1.0,parada,0.01976423537605237,0.901174691113483,0.8905193003461076,,True,
12,09,422,1,kept,26,26.0,1.0,parada,0.030950685378510718,0.7674975655385904,0.7837559529163834,,True,
12,09,447,23,lost,26,,0.17590478260869563,parada,0.10224874435178831,,0.0,3.0,True,
13,09,246,1,kept,18,18.0,0.4,parada,0.07970066533605807,0.8352272368560802,0.9360363689164011,,True,
13,09,249,1,kept,18,18.0,0.36508,parada,0.11697720889465539,0.753981339099228,0.7359279072897029,,True,
13,09,430,8,switched,18,29.0,0.9395074999999999,parada,0.04199092577238828,0.13719713365452876,0.17097216614131905,4.0,True,
13,09,441,2,switched,29,31.0,0.74893,parada,0.042484202863810355,0.17523398355473804,0.2162215779850158,1.0,True,
13,09,446,1,switched,31,29.0,0.80435,parada,0.047728100801363235,0.9265813811782573,0.8816241655243889,,True,11.0
13,09,448,14,switched,29,31.0,0.04204135714285714,parada,0.04443581818252434,0.0,0.0,2.0,True,
13,09,492,1,kept,31,31.0,0.51515,parada,0.021905922060492772,0.6910717203697313,0.8374873211059878,,True,
13,09,494,16,lost,31,,0.40301750000000003,parada,0.039112468191173026,,0.6397966885795481,,True,
2,09,468,4,lost,21,,0.3070525,parada,0.06528860081616208,,0.23069805384857164,3.0,True,
6,09,410,10,kept,23,23.0,0.1005906,parada,0.0839869282414284,0.6806389334012464,0.6905138912987929,,True,
3,09,480,18,switched,25,35.0,0.14486833333333332,parada,0.01841283572952206,0.0,0.0,3.0,True,
17,09,448,1,kept,27,27.0,0.46269,parada,0.06405279503105589,0.911277859274002,0.9128030283062646,,True,
17,09,450,1,kept,27,27.0,0.20896,parada,0.06521223677797143,0.9251359350644436,0.9243526371533857,,True,
17,09,452,74,lost,27,,0.036929067567567565,parada,0.06659782729087427,,0.5274234205175846,,False,
4,09,454,7,kept,30,30.0,0.10093685714285713,parada,0.04351726039209267,0.44910456335147936,0.4587313424423589,,True,
4,09,511,1,kept,30,30.0,0.46,parada,0.06184667421316204,0.8752519950959806,0.7945494164780885,,True,
4,09,516,10,lost,30,,0.08648597000000001,parada,0.002602158830444565,,0.6323284104846639,,True,
14,09,490,6,switched,26,23.0,0.16645566666666667,parada,0.06862177570320117,0.46613767263018346,0.5687784982357029,7.0,True,6.0
15,09,463,1,kept,28,28.0,0.48527,parada,0.12419156103685289,0.5416082685582962,0.7171993186574983,,True,
15,09,497,6,switched,34,28.0,0.11973833333333335,parada,0.0620136186770428,0.569477018554429,0.5311336745238734,,True,
9,09,508,13,kept,32,32.0,0.14924915384615384,parada,0.06630682277201232,0.8195584561898341,0.8078959599958793,,True,
2,13,143,3,lost,4,,0.4103833333333333,móvel,0.062119141021895495,,0.6763828725734232,,True,
4,13,167,2,switched,2,97.0,0.23461500000000002,móvel,0.07633635427388988,0.14224665930884972,0.2360390708077134,1.0,True,
4,13,242,2,lost,97,,0.472865,móvel,0.16391479528030914,,0.6354263054365983,,True,
5,13,44,2,lost,3,,0.461035,móvel,0.1478592236704479,,0.7238363217047414,,True,
6,13,34,3,lost,12,,0.40009333333333336,móvel,0.13003676783454038,,0.7305324133111545,,True,
7,13,89,1,kept,6,6.0,0.55446,móvel,0.027858821794713922,0.7865858432821268,0.770352305811401,,True,
7,13,115,1,kept,6,6.0,0.41976,móvel,0.08106317683016288,0.7818718315570957,0.7857215005741919,,True,
7,13,274,4,kept,6,6.0,0.29740500000000003,móvel,0.1278506512063045,0.5498731924341298,0.5523418445667196,,True,
10,13,13,1,kept,10,10.0,1.0,móvel,0.22566605288954114,0.6100097589041025,0.6500864717386567,,True,
10,13,15,1,kept,10,10.0,1.0,móvel,0.2484856257527739,0.6866410300319643,0.802112241397459,,True,
10,13,20,1,lost,10,,0.60606,móvel,0.20899015134449012,,0.7728086460270651,,True,
11,13,25,5,lost,16,,0.669948,móvel,0.21045387357250303,,0.4002472269651938,,True,
13,13,117,2,lost,5,,0.59127,móvel,0.17433491096076603,,0.8410722147949848,,True,
14,13,124,1,lost,1,,0.5082,móvel,0.1656190747725022,,0.7507841733689464,,True,
16,13,14,1,switched,18,21.0,0.47826,móvel,0.15786868169829324,0.32326345341950835,0.7668452299101405,2.0,True,36.0
17,13,155,1,lost,13,,0.67391,móvel,0.22816659179614485,,0.8613106844441192,,True,
35,13,5,3,kept,14,14.0,0.98718,móvel,0.12460933607640852,0.39694580401942603,0.25962139745572654,1.0,True,
35,13,11,1,switched,14,22.0,0.89655,móvel,0.06274360436842023,0.33183620676915976,0.31323978278001674,2.0,True,
35,13,20,3,kept,22,22.0,1.0,móvel,0.05815022871599898,0.5438042125718168,0.3904267237724096,,True,
35,13,32,1,switched,25,22.0,1.0,móvel,0.27608673744532675,0.485390318466527,0.6425227775200473,4.0,True,
35,13,34,1,kept,22,22.0,1.0,móvel,0.05199314567548144,0.6210107852000125,0.5092671998876149,,True,
35,13,37,1,switched,22,29.0,1.0,móvel,0.16775262703621371,0.3656298519715991,0.5432373630628592,2.0,True,
35,13,47,4,switched,29,31.0,1.0,móvel,0.09665964274648159,0.2323864452392849,0.26100264561802156,2.0,True,
35,13,67,2,switched,31,38.0,1.0,móvel,0.09194358460114267,0.42735295624820274,0.4143138829284431,3.0,True,
35,13,71,1,switched,38,39.0,0.97374,móvel,0.11641432866433302,0.14883507131675638,0.32498810030084196,1.0,True,
35,13,73,1,switched,39,42.0,0.97059,móvel,0.1581906630124364,0.12453279729129041,0.2883174034617184,0.0,True,
35,13,84,9,switched,45,60.0,0.8554955555555556,móvel,0.2991034411047884,0.0,0.0,1.0,True,
35,13,95,2,switched,60,65.0,0.89885,móvel,0.39528470752104744,0.19509860039259277,0.33292242032437414,2.0,True,
35,13,98,4,switched,65,66.0,0.8316525,móvel,0.3265329479084596,0.04973806617741555,0.1632900843506164,2.0,True,
35,13,103,4,switched,66,71.0,0.827315,móvel,0.3916547811505657,0.0,0.0,1.0,True,
35,13,122,1,kept,71,71.0,0.87616,móvel,0.3003246753246753,0.5608843592598862,0.7568285286181611,,True,
35,13,129,2,switched,71,76.0,1.0,móvel,0.36902649709140883,0.25943257440304646,0.3545446836347312,2.0,True,
35,13,132,3,switched,76,78.0,1.0,móvel,0.337271326552794,0.1787379851895761,0.3519987414250192,3.0,True,
35,13,140,1,switched,81,83.0,0.46154,móvel,0.4089549788198709,0.17791414256135363,0.4738931998828968,1.0,True,
35,13,143,1,switched,83,84.0,0.23077,móvel,0.41718717488543305,0.21621802653145641,0.40744758507699286,1.0,True,
35,13,145,12,switched,84,90.0,0.006944416666666667,móvel,0.41313559322033894,0.0,0.0,0.0,True,
35,13,158,2,switched,90,91.0,0.0,móvel,0.5078125,0.0,0.0,0.0,True,
35,13,162,3,switched,92,95.0,0.0,móvel,0.3717173518166509,0.0,0.0,0.0,True,
35,13,166,1,switched,95,96.0,0.0,móvel,0.3856824068123871,0.2549936509668211,0.6112075382987963,1.0,True,
35,13,172,1,switched,98,99.0,0.0,móvel,0.35919156030651855,0.1653396982813957,0.36485053393425476,1.0,True,
35,13,174,2,switched,99,101.0,0.0,móvel,0.35660922434632686,0.0,0.05460530728045014,0.0,True,
35,13,177,1,switched,101,102.0,0.0,móvel,0.3359274061791062,0.23924778876101394,0.7079061349975212,1.0,True,
35,13,179,1,switched,102,103.0,0.0,móvel,0.3359274061791062,0.20337409071067927,0.30531745189875537,1.0,True,
35,13,185,1,kept,103,103.0,1.0,móvel,0.31430044365118787,0.5088291083326663,0.5261379556871362,4.0,True,
35,13,192,1,switched,106,107.0,1.0,móvel,0.2806915816755923,0.21743108349405613,0.5065635933848752,1.0,True,
35,13,200,1,kept,107,107.0,1.0,móvel,0.23702437755546488,0.8002539417558664,0.7897186272859943,,True,
36,13,12,106,switched,21,74.0,0.33445677358490566,móvel,0.1536590742882148,0.0,0.0,5.0,True,
36,13,119,1,kept,74,74.0,0.56527,móvel,0.24393221045434849,0.7301946993692964,0.8209851718241836,,True,
36,13,136,5,kept,74,74.0,0.347198,móvel,0.20315084561991828,0.8499577147804304,0.7112994434342021,,True,
36,13,143,2,lost,74,,0.4375,móvel,0.1811636847438979,,0.3715206522693377,,True,
39,13,4,5,switched,7,20.0,0.900272,móvel,0.2034052986573942,0.02865460926967878,0.07812282741115012,1.0,True,
39,13,80,1,kept,20,20.0,1.0,móvel,0.11978529858225327,0.538706638847603,0.5801071752074698,,True,
39,13,268,1,switched,20,131.0,0.64,móvel,0.2387039947454546,0.5360852655936674,0.7252104959979045,,True,
39,13,345,1,kept,131,131.0,0.027273,móvel,0.1775516776024584,0.32850559214180924,0.9002365258486174,,True,
39,13,349,2,switched,131,147.0,0.1007455,móvel,0.2519040969622488,0.46866551311857657,0.41912473149860363,5.0,True,
39,13,355,2,switched,147,148.0,0.193565,móvel,0.20396092619917508,0.4554600905555063,0.49121972051196827,,True,
47,13,100,1,kept,17,17.0,0.6,móvel,0.21550446518630526,0.4961331328396539,0.8768669823363632,,True,
47,13,120,1,kept,17,17.0,0.82462,móvel,0.250346020926848,0.3659960960912983,0.5432757256694793,,True,
47,13,122,1,kept,17,17.0,0.73692,móvel,0.2372073207542098,0.43031403254900635,0.41621747451819063,,True,
47,13,125,1,kept,17,17.0,0.73231,móvel,0.25309715870620186,0.4538337037128059,0.5027550998450909,,True,
47,13,128,6,kept,17,17.0,0.613975,móvel,0.25309715870620186,0.5118816365146174,0.30669976678572275,,True,
47,13,135,2,kept,17,17.0,0.5532950000000001,móvel,0.250346020926848,0.5180476964810574,0.4656961116747956,,True,
47,13,143,206,kept,17,17.0,0.1645504563106796,móvel,0.2424308393972986,0.4344622601953743,0.13432299490008512,3.0,True,
47,13,353,13,kept,17,17.0,0.14025715384615384,móvel,0.14904619420012094,0.4141332192402226,0.39962453012721894,,True,
47,13,367,4,lost,17,,0.2606925,móvel,0.2302480026049614,,0.5996945537823292,,True,
49,13,22,5,kept,11,11.0,0.24344200000000002,móvel,0.02209708691207961,0.5049619639021529,0.6155101202710384,,True,
49,13,29,1,kept,11,11.0,0.30612,móvel,0.109375,0.6072887272374562,0.7897564486100607,,True,
49,13,86,1,kept,11,11.0,1.0,móvel,0.19008632907181938,0.5478509614661178,0.6289708685579488,,True,
49,13,89,1,kept,11,11.0,1.0,móvel,0.1940521837032503,0.587801590605951,0.6397691981496447,,True,
49,13,103,2,kept,11,11.0,1.0,móvel,0.2257798983523555,0.7284185852759435,0.8009538032128934,,True,
49,13,106,2,kept,11,11.0,1.0,móvel,0.23758222260935263,0.5672763191926254,0.662267878332767,,True,
49,13,109,4,kept,11,11.0,1.0,móvel,0.23758222260935263,0.4086601271805896,0.4959739720143758,,True,
49,13,115,2,kept,11,11.0,1.0,móvel,0.25031230493125983,0.864696864341561,0.8177659139300789,,True,
49,13,118,10,switched,11,17.0,1.0,móvel,0.2549174495550245,0.1826201772345119,0.2543074176278416,9.0,True,47.0
49,13,134,1,kept,17,17.0,1.0,móvel,0.23839502226905068,0.47370221794924927,0.5562850409135879,,True,
49,13,137,6,kept,17,17.0,1.0,móvel,0.23928275288383072,0.6995287826620195,0.4786835089632061,,True,
49,13,146,202,kept,17,17.0,0.995049504950495,móvel,0.24415536006630773,0.42588586791566474,0.011264093128849123,59.0,True,
49,13,349,4,kept,17,17.0,1.0,móvel,0.20069925023081148,0.32681078468090835,0.30095839496205434,,True,
49,13,354,2,kept,17,17.0,1.0,móvel,0.16839123090574096,0.3638403145846299,0.4558224015156387,,True,
49,13,357,6,kept,17,17.0,1.0,móvel,0.15992936000595498,0.24685343464994752,0.16636441901587282,3.0,True,
49,13,364,4,lost,17,,0.6581625,móvel,0.19124430232359146,,0.2820030501476562,3.0,True,
50,13,96,1,kept,9,9.0,0.79661,móvel,0.2944119545467452,0.3853986823570303,0.7012391961490791,,True,
50,13,104,1,kept,9,9.0,0.88095,móvel,0.23693346191275141,0.39461395544289624,0.822085782006668,,True,
50,13,117,2,kept,9,9.0,1.0,móvel,0.30519509223008423,0.41322441634644996,0.4261009902732219,5.0,True,
50,13,120,3,switched,9,75.0,1.0,móvel,0.3037735889635578,0.03910703599718422,0.1307729402766224,2.0,True,
50,13,174,1,switched,75,79.0,1.0,móvel,0.20937240877335186,0.424855381772007,0.5627817230172123,3.0,True,
50,13,176,1,kept,79,79.0,1.0,móvel,0.20937240877335186,0.7157549072102628,0.6619160785793283,,True,
50,13,213,4,switched,79,116.0,1.0,móvel,0.1659872740541545,0.24136373990152843,0.14893918962286293,3.0,True,
50,13,221,2,kept,79,79.0,1.0,móvel,0.11778096311813017,0.6715916296932025,0.7561609747216856,,True,
50,13,224,8,lost,79,,0.56027625,móvel,0.1066321105780991,,0.599528090484935,,True,
71,13,14,3,kept,23,23.0,0.4275533333333333,móvel,0.03452669830012439,0.3488365592891501,0.2595932846270197,2.0,True,
71,13,18,2,kept,23,23.0,0.43571499999999996,móvel,0.04611565964260092,0.3765709026465099,0.338961349096176,,True,
34,13,22,2,kept,24,24.0,0.52921,móvel,0.060344866372006145,0.7275341721785976,0.44866991177260374,5.0,True,
34,13,25,50,switched,24,44.0,0.5813031399999999,móvel,0.10563318650082067,,0.0,2.0,False,
34,13,86,1,switched,44,53.0,1.0,móvel,0.11964137644191536,0.2902882955722655,0.40149357697481136,1.0,True,
34,13,89,4,switched,53,59.0,1.0,móvel,0.15159151099271748,0.0,0.0021111260778930705,1.0,True,
34,13,148,1,switched,63,72.0,0.61905,móvel,0.1667708008015792,0.2597133160367896,0.40428550150080317,1.0,True,
34,13,150,2,switched,72,89.0,0.52381,móvel,0.20155644370746373,0.0,0.04185039064924399,0.0,True,
34,13,154,1,switched,73,30.0,0.2381,móvel,0.25,0.0,0.2807129731728434,0.0,True,
34,13,158,2,switched,89,77.0,0.13788,móvel,0.2518971175379224,0.44533250566703253,0.569519478408015,5.0,True,32.0
34,13,163,1,switched,93,77.0,0.045455,móvel,0.1905691737331205,0.6641748879665779,0.738354770678391,,True,32.0
34,13,167,4,kept,77,77.0,0.14665424999999999,móvel,0.19355188698342166,0.3996918673624462,0.33782215638929547,,True,
34,13,173,12,switched,93,77.0,0.021912558333333332,móvel,0.18261543954532042,0.0,0.0,1.0,True,
34,13,191,8,switched,77,108.0,0.17723250000000002,móvel,0.12067175712594846,0.15439983110137062,0.14131309360606745,2.0,True,
34,13,201,25,switched,108,104.0,0.29708088,móvel,0.12152543355977119,0.0,0.0,2.0,True,133.0
34,13,262,1,kept,104,104.0,0.0,móvel,0.14260551765248128,0.5549084473957773,0.6963975187270944,,True,
34,13,265,4,lost,129,,0.011104925,móvel,0.2055649009490522,,0.3283693052450322,,True,
38,13,106,1,kept,69,69.0,0.23117,móvel,0.1412536796231904,0.4430758716409446,0.5405998754343241,,True,
38,13,119,1,kept,69,69.0,0.2472,móvel,0.28435307971832885,0.7463899577077215,0.6999142337017878,,True,
38,13,134,4,lost,69,,0.11933674999999999,móvel,0.23779897946789436,,0.5272605868613477,,True,
32,13,82,1,kept,41,41.0,0.52,móvel,0.06544344879778421,0.6730663570112422,0.6795109693497183,,True,
32,13,95,3,kept,53,53.0,1.0,móvel,0.1264911064067352,0.38707495929732666,0.2612730272521804,1.0,True,
32,13,99,52,switched,53,73.0,0.8595496153846154,móvel,0.1888272803090249,0.0,0.0,4.0,True,
32,13,152,4,switched,73,77.0,0.17262,móvel,0.19236777907444763,0.0,0.0,0.0,True,
32,13,157,1,kept,77,77.0,0.11538,móvel,0.13323805482953627,0.7722262308587797,0.5118811918790774,4.0,True,
32,13,160,3,switched,77,93.0,0.09335500000000001,móvel,0.15033296378372907,0.07364709980077595,0.2013229892800483,1.0,True,
32,13,164,6,lost,93,,0.09799466666666666,móvel,0.20833333333333334,,0.16873723914548247,2.0,True,
33,13,30,18,switched,27,30.0,0.4677438888888889,móvel,0.14433049244666588,0.0,0.0,7.0,True,
33,13,53,31,switched,30,46.0,1.0,móvel,0.09579091959579629,0.0,0.0,2.0,True,
33,13,85,1,kept,46,46.0,0.97574,móvel,0.07427592239354491,0.495345864943024,0.5859906913740057,,True,
33,13,87,1,kept,46,46.0,0.95174,móvel,0.06911316315414351,0.6112111931872166,0.6167367579098539,,True,
33,13,93,9,kept,46,46.0,0.8366955555555555,móvel,0.09114968117625381,0.7380313136749966,0.3861937511023242,12.0,True,
33,13,103,2,switched,46,68.0,0.7723800000000001,móvel,0.09826470604247123,0.1791626960704855,0.3222926373500332,2.0,True,
33,13,116,1,kept,68,68.0,0.59809,móvel,0.1220732493311791,0.4716109585699396,0.7871305665053895,,True,
33,13,288,1,lost,68,,0.29897,móvel,0.2340671016403557,,0.5462293300669924,,True,
63,13,39,7,kept,26,26.0,0.32988142857142855,móvel,0.1240927822036452,0.6511106851101054,0.6801811963158902,,True,
19,13,141,2,lost,33,,0.54615,móvel,0.19384104276118913,,0.5878996865433236,,True,
67,13,106,1,switched,55,72.0,0.58442,móvel,0.1805317515977635,0.400452998899343,0.5501323443273692,2.0,True,
67,13,110,1,kept,72,72.0,0.37842,móvel,0.18279943492863113,0.6424533977373251,0.9055129040666893,,True,
62,13,62,1,kept,34,34.0,1.0,móvel,0.05555555555555556,0.5162621981582097,0.7125343594217541,,True,
62,13,64,2,switched,34,37.0,0.97826,móvel,0.03764616262105214,0.457364682870606,0.48012010808686306,4.0,True,
62,13,85,1,switched,37,51.0,0.82971,móvel,0.10227272727272728,0.5170882452731894,0.6382567641955484,3.0,True,
62,13,150,1,kept,51,51.0,0.94828,móvel,0.20645513996802034,0.38063921677448254,0.4963599504045457,,True,
62,13,200,1,lost,51,,0.49121,móvel,0.023888742607653633,,0.47540478110446976,,True,
64,13,82,1,switched,32,47.0,1.0,móvel,0.13962765957446807,0.6126615603961446,0.73972527465746,4.0,True,
64,13,93,1,kept,37,37.0,1.0,móvel,0.17896671722020321,0.45053025484061743,0.6029743841426388,,True,
64,13,109,1,kept,37,37.0,1.0,móvel,0.15322063340164077,0.4832246410195249,0.6204991852794031,,True,
37,13,83,1,switched,36,48.0,1.0,móvel,0.23392781412696997,0.5029599964209065,0.7557925653146091,4.0,True,
37,13,122,1,kept,48,48.0,1.0,móvel,0.3495548330589622,0.3650221632741731,0.47301466400857617,,True,
37,13,134,1,switched,9,79.0,1.0,móvel,0.3018149261667893,0.32556535015624793,0.4003294508202401,2.0,True,
37,13,159,1,kept,79,79.0,0.73684,móvel,0.37873257801642773,0.3744765689715617,0.5704050874124108,,True,
37,13,161,1,kept,79,79.0,0.65,móvel,0.3739697782732294,0.48167137169393337,0.35093889297032727,,True,
37,13,163,11,switched,79,75.0,0.5535881818181818,móvel,0.32644059175907514,0.5279763367933977,0.6249788412093659,13.0,True,50.0
37,13,175,40,switched,75,79.0,0.378293125,móvel,0.26422230853944156,0.0,0.0,7.0,True,
37,13,217,5,lost,79,,0.638094,móvel,0.2575262380602416,,0.0,2.0,True,
60,13,88,1,switched,44,53.0,0.29653,móvel,0.14812780796169184,0.35134098297577276,0.5369583111000992,2.0,True,34.0
60,13,91,3,switched,53,58.0,0.3395533333333333,móvel,0.1822071153721762,0.0,0.07195009993028924,1.0,True,
60,13,96,16,switched,58,43.0,0.31629062500000005,móvel,0.17461515223166887,0.0,0.0,3.0,True,
60,13,120,13,lost,63,,0.24661607692307688,móvel,0.21693147508469937,,0.0,4.0,True,
61,13,94,3,kept,58,58.0,0.066421,móvel,0.18294929630100265,0.273133260018872,0.36350081122440386,3.0,True,
61,13,101,8,lost,58,,0.3115375,móvel,0.20087698349985245,,0.06822594645351618,5.0,True,
156,13,98,15,switched,53,50.0,0.36866133333333323,móvel,0.16346945941296295,0.0,0.0,1.0,True,
156,13,114,1,kept,50,50.0,0.44992,móvel,0.18260590729224752,0.3265540620292289,0.5738229395905594,,True,
156,13,117,1,switched,59,50.0,0.58838,móvel,0.1768867924528302,0.3450388840738517,0.7632999486063053,2.0,True,
156,13,119,2,kept,50,50.0,0.669495,móvel,0.18995098039215688,0.5000364864827042,0.6011393452778159,,True,
156,13,122,1,kept,50,50.0,0.62177,móvel,0.19542097682035983,0.7125185954342474,0.6709801488243158,,True,
156,13,124,19,switched,50,53.0,0.7437747368421053,móvel,0.22418478260869568,0.0,0.0,4.0,True,34.0
156,13,145,6,lost,53,,0.16341883333333335,móvel,0.17511157157652374,,0.44538640221951115,,True,
73,13,90,3,switched,27,46.0,0.21014333333333335,móvel,0.12067175712594846,0.0,0.0,1.0,True,33.0
73,13,102,2,switched,46,68.0,0.34603,móvel,0.14101565008946554,0.08523954467552451,0.2731040420874415,1.0,True,
73,13,105,3,switched,68,73.0,0.5019866666666667,móvel,0.13917087814760373,0.12165851016385948,0.21789756177205874,2.0,True,
73,13,109,1,kept,73,73.0,0.69093,móvel,0.13680591529415917,0.3635553586400267,0.5688950288586464,,True,
73,13,117,1,kept,73,73.0,1.0,móvel,0.18323313064314883,0.3938942297528604,0.789562517193826,,True,
73,13,148,2,switched,55,87.0,1.0,móvel,0.1932653562692608,0.16827935502743696,0.23480303870809888,1.0,True,
73,13,151,2,kept,87,87.0,1.0,móvel,0.18181818181818182,0.3533316832211496,0.3011231519490176,,True,
73,13,231,2,kept,87,87.0,0.47222,móvel,0.04580828266078721,0.8359130830259724,0.7479683212901267,,True,
72,13,93,2,switched,27,63.0,0.6341049999999999,móvel,0.17248832142384105,0.033500292789868075,0.22500085768561043,1.0,True,
72,13,99,1,kept,63,63.0,0.27214,móvel,0.17845219281157496,0.8537406499345092,0.7520691441251081,4.0,True,
72,13,101,8,switched,63,73.0,0.26092,móvel,0.17858270071556692,0.0,0.0,2.0,True,
72,13,110,6,switched,73,68.0,0.16667,móvel,0.17299107142857145,0.488500046881508,0.373833796993369,8.0,True,33.0
72,13,118,1,kept,30,30.0,0.2317,móvel,0.17391304347826086,0.4301417852346117,0.7444492588819135,,True,
72,13,137,2,switched,30,82.0,0.867185,móvel,0.1905691737331205,0.10077125274813857,0.22804660344136446,1.0,True,
72,13,143,1,kept,82,82.0,0.51124,móvel,0.18956737677541904,0.34883245882400993,0.7531031403073337,4.0,True,
72,13,245,1,lost,85,,0.32722,móvel,0.07190265486725664,,0.7751073713546981,,True,
145,13,100,1,kept,62,62.0,0.6371,móvel,0.14727288622991552,0.6075194521798647,0.6316881437132372,,True,
145,13,102,3,kept,62,62.0,0.6264133333333334,móvel,0.15283231444852766,0.5399853254121461,0.47855356062582405,,True,
145,13,106,1,kept,62,62.0,0.66935,móvel,0.17099056603773585,0.6420660371980047,0.5576468241509196,,True,
145,13,108,1,kept,62,62.0,0.78446,móvel,0.19537784818137846,0.5620197890759795,0.596725563648483,,True,
145,13,115,19,kept,62,62.0,0.23444784210526315,móvel,0.19503843293228154,0.6927396345458858,0.5528423065328225,,True,
145,13,146,1,kept,62,62.0,1.0,móvel,0.19183168316831684,0.4464956661098194,0.7562680040121358,,True,
145,13,149,1,kept,62,62.0,1.0,móvel,0.2048122608701316,0.6572296465098124,0.6497495866360942,,True,
145,13,153,2,kept,62,62.0,1.0,móvel,0.16267123287671234,0.5208228358834814,0.5362179858353023,,True,
145,13,156,2,kept,62,62.0,1.0,móvel,0.17857142857142858,0.5001725887157792,0.5142592438047655,,True,
145,13,159,1,kept,62,62.0,1.0,móvel,0.1885506467940517,0.5691658330066894,0.6336162564529799,,True,
145,13,163,4,kept,62,62.0,0.8840725,móvel,0.1830207759356368,0.5752484221084507,0.48749198982001174,,True,
145,13,171,12,lost,62,,0.7076066666666666,móvel,0.19561068702290077,,0.06099292250903855,8.0,True,
167,13,107,1,kept,46,46.0,0.57633,móvel,0.1878425433664397,0.5953389364035805,0.7798251235344028,,True,
167,13,109,19,switched,46,73.0,0.25569484210526316,móvel,0.18429834443499746,0.0,0.0,4.0,True,73.0
167,13,129,1,switched,73,72.0,0.23692,móvel,0.14219523498614373,0.27671604575781916,0.3959933000718547,1.0,True,73.0
167,13,131,16,switched,72,82.0,0.61531,móvel,0.13700985872881152,0.0,0.0,1.0,True,
167,13,148,4,switched,82,55.0,0.90625,móvel,0.18857758620689655,0.01562411196192722,0.14719622746244576,2.0,True,73.0
167,13,153,3,lost,55,,1.0,móvel,0.21788990825688073,,0.0,1.0,True,
51,13,229,3,lost,48,,0.030158666666666667,móvel,0.1705947719969723,,0.2022954273988872,2.0,True,
40,13,134,11,switched,62,53.0,0.61384,móvel,0.250346020926848,0.24028229364668044,0.25880561286136583,1.0,True,34.0
40,13,152,1,switched,53,62.0,0.6,móvel,0.18186181824948397,0.4086092261261074,0.5355027370699988,2.0,True,145.0
40,13,155,1,kept,62,62.0,0.56,móvel,0.2033155388591723,0.4634767532171196,0.5499340645108649,,True,
40,13,158,1,kept,62,62.0,0.52174,móvel,0.21374197674938628,0.4196051948082377,0.5916687248877506,,True,
40,13,160,3,kept,62,62.0,0.42718000000000006,móvel,0.2213080644219309,0.5254004477621492,0.4552352307005214,,True,
150,13,203,2,kept,110,110.0,1.0,móvel,0.0866368588027663,0.7730738788849626,0.7562028437206916,,True,
150,13,209,1,kept,110,110.0,1.0,móvel,0.08471453590634045,0.488813076097865,0.5944582807220201,,True,
150,13,219,3,kept,110,110.0,1.0,móvel,0.04662875969649909,0.35790537024698577,0.4043299742169648,,True,
150,13,226,6,switched,110,119.0,1.0,móvel,0.022588778553416542,0.11987093026898821,0.1855831905318465,4.0,True,
150,13,233,1,kept,119,119.0,0.86188,móvel,0.009507091741070535,0.5574582526589006,0.5997247614674219,,True,
150,13,240,7,switched,119,123.0,0.68813,móvel,0.04842774107135345,0.08815125283272203,0.12047718494544887,3.0,True,
150,13,249,6,lost,124,,0.4625266666666667,móvel,0.09115362394679322,,0.02090639001243781,2.0,True,
18,13,300,3,kept,17,17.0,0.5773433333333333,móvel,0.06043426966215648,0.5303521746645571,0.5385127127770191,,True,
18,13,304,16,kept,17,17.0,0.6157675,móvel,0.03822198817224581,0.37723396301136936,0.36776756479576167,,True,
18,13,321,4,kept,17,17.0,0.6679900000000001,móvel,0.02027027027027027,0.5383048029303307,0.40886705434844123,,True,
18,13,326,9,kept,17,17.0,0.6911922222222223,móvel,0.04054054054054054,0.43140861752140786,0.2816739822697897,5.0,True,
18,13,336,4,switched,17,145.0,0.7745725,móvel,0.09725820879532238,0.26935177302103397,0.34507796410073166,4.0,True,
18,13,350,1,kept,145,145.0,0.87977,móvel,0.1445434311394915,0.7224794447477547,0.7053564473263624,,True,
18,13,352,2,kept,145,145.0,0.8936949999999999,móvel,0.13564280973762216,0.7619056431898996,0.7505104892558776,,True,
18,13,357,1,kept,145,145.0,0.96303,móvel,0.13034170166993705,0.8014941285283823,0.7951231987358677,,True,
158,13,172,1,kept,37,37.0,0.79211,móvel,0.07142857142857142,0.5444353351239255,0.6403878673794688,,True,
158,13,175,1,kept,37,37.0,0.89696,móvel,0.08765370723654779,0.7401383801903205,0.6972117348605221,,True,
158,13,177,3,kept,37,37.0,0.88761,móvel,0.05952380952380952,0.5989490005628044,0.7199926138899031,5.0,True,
158,13,182,19,lost,37,,0.40984105263157894,móvel,0.09811734082074268,,0.18366242381159623,0.0,True,
133,13,182,7,switched,77,104.0,0.02669928571428571,móvel,0.11538461538461539,0.7365656233257104,0.47260330596045325,,True,
133,13,190,1,kept,104,104.0,0.0044893,móvel,0.10963225241337865,0.49228010449562093,0.48799680402747947,,True,
133,13,199,1,kept,104,104.0,0.0,móvel,0.10227186127025242,0.6736254458266753,0.642059373543221,,True,
133,13,226,57,kept,104,104.0,0.45901675438596495,móvel,0.029267664784211406,0.3917994563177269,0.37839439407082603,,True,
133,13,298,15,kept,104,104.0,0.37529066666666666,móvel,0.10060347312589615,0.4596756063444788,0.47088972104920224,,True,
133,13,314,1,kept,104,104.0,0.26119,móvel,0.08847320057927403,0.7698917162929304,0.8805800079577826,,True,
133,13,316,2,kept,104,104.0,0.8607400000000001,móvel,0.08272022400558166,0.5651786440237601,0.612170248212225,,True,
133,13,319,2,kept,104,104.0,1.0,móvel,0.08498870254947138,0.6746491247548504,0.7100843798639493,,True,
133,13,322,5,kept,104,104.0,1.0,móvel,0.08860027411576221,0.6952023650608153,0.5941541191965515,,True,
133,13,330,1,kept,104,104.0,1.0,móvel,0.04927596075865299,0.7708778867886961,0.8051467808539722,,True,
133,13,332,111,lost,104,,0.8420604504504502,móvel,0.015585975679598907,,0.0,14.0,False,
138,13,203,45,switched,77,120.0,0.5663153555555556,móvel,0.05280073955254442,,0.10397249980211908,1.0,False,
138,13,249,2,switched,120,126.0,0.294385,móvel,0.07915585859046927,0.221712405504487,0.4341988731382597,2.0,True,
138,13,254,3,switched,126,129.0,0.24718666666666667,móvel,0.10642284882610757,0.040103050875268595,0.05105442405294021,1.0,True,
138,13,258,2,kept,129,129.0,0.28318,móvel,0.1049486528616817,0.5444359798727075,0.5126800532337417,,True,
138,13,263,3,lost,129,,0.25853333333333334,móvel,0.08890086206896552,,0.7322124417150742,,True,
146,13,214,4,switched,114,115.0,0.0390625,móvel,0.016842751738634233,0.4709323281945544,0.5280877645221543,5.0,True,
146,13,219,5,switched,115,117.0,0.315376,móvel,0.048554816849968936,0.1180894820333902,0.13545460606143425,2.0,True,
146,13,225,4,kept,117,117.0,0.78363,móvel,0.019144417615580393,0.6777423397200572,0.632267870048384,,True,
146,13,233,2,switched,117,120.0,0.88046,móvel,0.01799854547839072,0.3948257035160917,0.5155946169360401,3.0,True,
146,13,236,15,kept,120,120.0,0.4696006666666666,móvel,0.007241152776877558,0.44579110548697354,0.1309389372269916,9.0,True,
146,13,257,7,switched,126,130.0,0.38848714285714286,móvel,0.12194378569805456,0.12668939912495808,0.09283313247141357,3.0,True,
146,13,270,2,lost,130,,0.214425,móvel,0.16731260430946393,,0.687020575231703,,True,
168,13,210,1,kept,51,51.0,0.78814,móvel,0.0911035576860881,0.8440715970129703,0.8810085020587801,,True,
168,13,213,1,kept,51,51.0,0.79098,móvel,0.05542412514774766,0.9329990588448194,0.9078623787675746,,True,
168,13,216,35,switched,51,118.0,0.5338511428571429,móvel,0.022408182747922067,0.0,0.0,18.0,True,
168,13,252,55,lost,118,,0.697062909090909,móvel,0.15033296378372907,,0.0,6.0,False,
52,13,236,1,kept,48,48.0,0.6,móvel,0.06683100649112042,0.6066472148984806,0.5653749647740509,,True,
52,13,238,19,switched,48,128.0,0.5239031578947368,móvel,0.07478632478632478,0.2945068048621404,0.3409758644940654,19.0,True,
52,13,338,2,lost,128,,0.471155,móvel,0.10425369489134975,,0.541055784737128,,True,
45,13,242,1,kept,117,117.0,1.0,móvel,0.15255905511811024,0.504501824218397,0.5847620966636006,,True,
45,13,258,1,kept,117,117.0,0.56579,móvel,0.23216650879000839,0.5432785655485334,0.6914527310500691,,True,
45,13,261,2,kept,117,117.0,0.20986,móvel,0.286181460169283,0.45221406511786577,0.5357332937025799,,True,
163,13,266,188,lost,124,,0.5251098936170213,móvel,0.1471636096039892,,0.0,23.0,False,
170,13,315,39,lost,135,,0.3898715384615385,móvel,0.20339191864340245,,0.0,5.0,False,
169,13,292,3,kept,134,134.0,0.8843333333333333,móvel,0.17741513122972977,0.3425760912769781,0.49262857388581477,,True,
169,13,296,41,lost,134,,0.3198646341463415,móvel,0.1500578592114092,,0.30868829832717826,,False,
147,13,289,150,lost,130,,0.6908125533333332,móvel,0.04860751817256496,,0.0,3.0,False,
157,13,286,157,lost,130,,0.21839182165605092,móvel,0.26148818018424536,,0.0,3.0,False,
155,13,337,10,switched,143,146.0,0.301842,móvel,0.15055170648827138,0.008297736488999606,0.026940387600111537,5.0,True,
155,13,348,114,switched,146,165.0,0.7663885087719299,móvel,0.15146341307463337,,0.0,6.0,False,
155,13,463,10,lost,165,,0.7877569999999999,móvel,0.46477942862623667,,0.0,4.0,True,
48,13,303,1,kept,17,17.0,0.4375,móvel,0.05916855815080799,0.4096918646297059,0.5685477161254135,,True,
48,13,320,1,kept,17,17.0,0.6254,móvel,0.027083742147620975,0.7118146878242432,0.7530842370915488,,True,
48,13,324,2,kept,17,17.0,0.540185,móvel,0.03853154992884357,0.34501464829839296,0.41824344595170193,,True,
48,13,335,1,kept,17,17.0,0.5601,móvel,0.10846834138845722,0.35896058698596006,0.5851648581808908,,True,
48,13,348,6,kept,17,17.0,0.6960683333333333,móvel,0.2209869064883914,0.5828039915207015,0.4368354386289885,,True,
48,13,356,3,kept,17,17.0,0.5959633333333333,móvel,0.20608288649599157,0.48927246787681805,0.4830480875173897,,True,
48,13,362,2,kept,17,17.0,0.65029,móvel,0.20120263813973152,0.5300947606474695,0.5521070255952932,,True,
48,13,365,6,lost,17,,0.700285,móvel,0.243425667018336,,0.4907836403043392,,True,
143,13,313,40,lost,137,,0.8461234999999998,móvel,0.20944511116542028,,0.12415717078874294,16.0,False,
151,13,449,2,kept,163,163.0,0.988095,móvel,0.5133988478294754,0.47747921290400647,0.6227318099840186,,True,
151,13,453,1,kept,163,163.0,1.0,móvel,0.5360946858894563,0.7579670373866145,0.871839334980746,,True,
151,13,455,6,lost,163,,0.7839933333333334,móvel,0.545497157426444,,0.0,3.0,True,
160,13,345,135,lost,139,,0.5455250222222222,móvel,0.17394882750099186,,0.05177592517667019,10.0,False,
142,13,330,5,kept,141,141.0,0.47878800000000005,móvel,0.12814716598444117,0.25485842679356335,0.31863366878334876,5.0,True,
142,13,336,10,kept,141,141.0,0.409992,móvel,0.1468092044343356,0.44293792928945147,0.42805130222168253,,True,
142,13,347,17,kept,141,141.0,0.4747552941176471,móvel,0.11333268528612664,0.4510691207531749,0.41664847558992146,,True,
142,13,365,4,kept,141,141.0,0.6151975000000001,móvel,0.08341937706645924,0.6879635865364584,0.7143286939397597,,True,
142,13,370,5,kept,141,141.0,0.5745100000000001,móvel,0.09122420135448708,0.7911684196249816,0.7222148015952967,,True,
142,13,376,1,kept,141,141.0,0.31373,móvel,0.04533732898641677,0.6684416238532235,0.7625347129401818,,True,
142,13,378,53,switched,141,154.0,0.3207322452830189,móvel,0.05271084337349397,,0.0,7.0,False,
142,13,434,3,switched,152,158.0,0.6603033333333334,móvel,0.4900935405735426,0.04583669748199625,0.24308995536835,2.0,True,
142,13,439,30,lost,159,,0.49773639999999997,móvel,0.5524041641107205,,0.0,0.0,True,
59,13,392,1,kept,138,138.0,0.3707,móvel,0.19175122931598096,0.6509189454556614,0.6921598575977574,,True,
59,13,405,1,kept,138,138.0,0.35593,móvel,0.4352215896343079,0.4288936782255536,0.6506027625546856,,True,
59,13,410,2,kept,138,138.0,0.385595,móvel,0.5551321870981313,0.3785545985396843,0.5887373659200593,,True,
59,13,415,6,lost,138,,0.31481833333333337,móvel,0.6317159939030423,,0.0,3.0,True,
65,13,425,1,kept,142,142.0,0.6527,móvel,0.37390829694323147,0.6460672954343007,0.7745192423867271,,True,
65,13,441,2,switched,159,162.0,0.84186,móvel,0.427958077696623,0.0,0.01579177442868319,0.0,True,
68,13,379,1,kept,144,144.0,0.17804,móvel,0.08654287620299896,0.5436205189481595,0.5740877955112065,3.0,True,
68,13,381,10,switched,144,149.0,0.228303,móvel,0.05732100738796044,0.24899429964198985,0.19435231285923846,1.0,True,70.0
68,13,395,1,kept,149,149.0,0.13087,móvel,0.11449633370042467,0.27541308733828096,0.4096739009614593,1.0,True,
68,13,403,1,kept,149,149.0,0.19233,móvel,0.173043315917466,0.5905779213443286,0.8808198419187343,,True,
68,13,407,1,kept,149,149.0,0.1642,móvel,0.2410897994176028,0.5660512137471945,0.6507483600182691,4.0,True,
68,13,409,1,switched,149,150.0,0.16712,móvel,0.25648199148494455,0.39518924979120623,0.46088689871287386,2.0,True,70.0
68,13,430,1,lost,150,,0.042799,móvel,0.4172588384583422,,0.5641203326933788,,True,
70,13,374,1,kept,149,149.0,0.13684,móvel,0.03783838712771419,0.8346410174165254,0.869788532342416,,True,
70,13,391,3,switched,149,150.0,0.5245266666666667,móvel,0.07621951219512195,0.1792211563996222,0.2040685289632756,2.0,True,
70,13,399,3,kept,150,150.0,0.4762866666666667,móvel,0.13178878982662728,0.8287004287159097,0.8019151567268594,,True,
70,13,410,2,switched,150,152.0,0.47479,móvel,0.2394635285555286,0.21240374653488323,0.3157858120605905,2.0,True,
70,13,431,1,kept,152,152.0,0.67568,móvel,0.5108281597471337,0.39264897614397565,0.5122460263138089,3.0,True,
70,13,435,6,switched,157,160.0,0.6851233333333333,móvel,0.5314863454935982,0.0,0.0,1.0,True,
70,13,461,1,kept,160,160.0,0.91048,móvel,0.5765982343237541,0.5132972895736795,0.719474749068892,,True,
70,13,463,1,kept,160,160.0,0.98218,móvel,0.5591774035334842,0.5868004918250419,0.715391801787188,,True,
69,13,444,2,kept,161,161.0,0.41392,móvel,0.5930183018855245,0.2766817832410431,0.43503210443967427,2.0,True,
69,13,447,3,lost,161,,0.38151,móvel,0.669044556115757,,0.3760686115567906,,True,
58,13,412,1,switched,147,153.0,1.0,móvel,0.4974252478138094,0.19017600896383252,0.45877848472675786,1.0,True,
20,13,468,28,lost,164,,0.41913249999999996,móvel,0.21690147905907287,,0.0,6.0,True,
22,13,484,2,switched,166,168.0,0.74142,móvel,0.19548402272615661,0.0,0.0,0.0,True,
26,13,603,2,lost,174,,0.30337000000000003,móvel,0.12513491080255681,,0.373469395553259,,True,
28,13,519,5,switched,171,173.0,0.768696,móvel,0.7255445637062972,0.0,0.0,0.0,True,
28,13,525,15,switched,173,175.0,0.5624006666666668,móvel,0.8002345064930344,0.0,0.0,0.0,True,
25,13,585,1,lost,172,,0.22468,móvel,0.12656695045655414,,0.406858137151728,,True,
53,13,669,1,lost,176,,0.19971,móvel,0.40733353348033896,,0.7355153031539945,,True,
27,13,624,1,lost,177,,0.10166,móvel,0.11380416903123053,,0.5566223170268716,,True,
56,13,656,5,switched,181,185.0,0.933238,móvel,0.49067216744000985,0.0,0.0,1.0,True,
56,13,673,3,switched,185,187.0,1.0,móvel,0.5121475653984977,0.16988288373919977,0.16396221144374754,1.0,True,
56,13,682,1,kept,187,187.0,1.0,móvel,0.5313430430189797,0.5537431954823043,0.31334784241685026,,True,
56,13,685,1,switched,187,190.0,0.95439,móvel,0.2634643796105208,0.516160434396011,0.8148368910821345,2.0,True,
43,13,622,1,kept,182,182.0,1.0,móvel,0.029814239699997195,0.740491107835876,0.7675837232954131,,True,
43,13,624,31,switched,182,184.0,0.9808896774193548,móvel,0.0316227766016838,,0.0,6.0,False,
43,13,681,2,kept,186,186.0,1.0,móvel,0.332544750886486,0.4174933756622673,0.036850328961464625,0.0,True,
55,13,679,1,switched,185,188.0,0.53333,móvel,0.4822255220139563,0.16738361568785587,0.5168218785434224,1.0,True,
55,13,681,5,switched,188,189.0,0.8517859999999999,móvel,0.5492597078186787,0.1419162993897478,0.0,0.0,True,
