video,gt_id,start,length,mean_visibility
02,3,230,191,0.09157786006282724
02,3,423,6,0.3250666666666666
02,3,431,12,0.11482916666666665
02,3,444,58,0.02440133827586207
02,3,508,1,0.15185
02,3,511,19,0.010635310526315792
02,3,556,1,0.47432
02,3,558,1,0.45197
02,3,560,1,0.39992
02,3,562,1,0.3443
02,8,5,1,0.50829
02,8,18,6,0.3262433333333334
02,8,25,2,0.47936
02,9,186,36,0.018472472222222223
02,9,223,1,0.725
02,9,228,1,0.9
02,9,252,78,0.013445820512820514
02,9,333,5,0.23902199999999998
02,9,340,3,0.29268
02,9,344,2,0.32926500000000003
02,9,347,2,0.353655
02,9,350,3,0.21951033333333334
02,9,354,81,0.0
02,9,437,27,0.0007391851851851852
02,9,465,1,0.086654
02,9,467,3,0.25177333333333335
02,9,497,1,0.51425
02,9,504,1,0.28294
02,9,507,6,0.15975666666666663
02,9,514,6,0.122425
02,9,522,44,0.03903739318181818
02,9,567,13,0.04454791230769231
02,10,163,1,1.0
02,10,196,30,0.019298199999999998
02,10,245,1,1.0
02,10,248,1,0.525
02,10,257,1,0.0
02,10,259,108,0.0
02,10,368,93,0.004934838709677419
02,10,494,1,1.0
02,10,501,3,0.9593666666666668
02,10,505,2,0.99107
02,10,513,39,0.017064076923076925
02,10,553,1,0.11364
02,10,556,1,0.13953
02,10,558,25,0.0009524000000000001
02,10,584,1,0.2619
02,10,586,1,0.2619
02,14,185,3,1.0
02,14,189,1,1.0
02,14,191,1,1.0
02,14,210,22,0.005454363636363636
02,14,233,1,0.069744
02,14,236,1,0.28359
02,14,246,1,0.69231
02,14,248,1,0.5641
02,14,253,4,0.07692275000000001
02,14,258,2,0.0
02,14,261,1,0.0
02,14,265,1,0.0
02,14,268,6,0.0
02,14,275,1,0.0
02,14,277,12,0.0
02,15,14,1,1.0
02,15,29,1,1.0
02,15,35,14,0.9911842857142855
02,15,50,2,0.95372
02,15,54,2,0.93829
02,15,57,1,0.93829
02,15,61,1,0.92287
02,15,64,1,0.90791
02,15,85,4,0.907015
02,15,90,2,0.906845
02,15,115,1,0.93602
02,15,124,1,0.93405
02,15,130,1,0.91757
02,15,132,1,0.91757
02,15,140,2,0.88459
02,15,172,1,0.32432
02,15,174,6,0.0
02,15,181,28,0.0003764642857142857
02,15,210,1,0.069189
02,15,215,1,0.36111
02,15,217,1,0.36111
02,15,219,62,0.005376274193548387
02,15,282,12,0.0
02,15,295,15,0.0
02,15,312,9,0.0
02,15,322,41,0.0
02,15,369,2,0.0
02,15,372,1,0.0
02,15,374,2,0.0255675
02,15,377,1,0.1156
02,15,382,26,0.013387403846153846
02,15,409,1,0.19805
02,15,425,1,0.33698
02,15,431,1,0.30151
02,15,433,1,0.28783
02,15,438,5,0.27853
02,15,444,147,0.03484240510204082
02,15,592,3,0.03448333333333333
02,16,437,1,0.74508
02,16,440,3,0.73069
02,16,446,1,0.74568
02,16,454,1,0.72262
02,16,456,5,0.7225940000000001
02,16,462,1,0.73755
02,16,464,1,0.74066
02,16,467,1,0.73755
02,16,470,4,0.6795175
02,17,124,1,0.55206
02,17,126,18,0.5382700000000001
02,17,146,1,0.52317
02,17,150,1,0.52317
02,17,154,3,0.4878466666666667
02,17,158,1,0.50872
02,17,166,2,0.5275
02,17,172,1,0.54182
02,17,178,1,0.55614
02,17,206,24,0.03107039166666667
02,17,239,1,0.1324
02,17,242,1,0.092541
02,17,245,1,0.085548
02,17,248,6,0.03477066666666667
02,17,255,1,0.016783
02,17,257,6,0.0069153999999999995
02,17,264,2,0.0
02,17,268,17,0.0
02,17,288,3,0.0
02,17,292,6,0.0
02,17,299,1,0.0
02,17,301,29,0.0
02,17,331,13,0.0
02,17,345,2,0.0
02,17,348,9,0.0
02,17,358,4,0.0
02,17,363,42,0.0
02,17,406,27,0.0
02,17,434,3,0.0
02,17,438,2,0.0
02,17,441,7,0.0
02,17,452,6,0.017093333333333332
02,17,469,1,0.91608
02,17,494,96,0.006918845833333333
02,17,599,1,0.14927
02,18,157,1,0.26174
02,18,167,3,0.0
02,18,171,7,0.0
02,18,179,103,0.011640749514563106
02,18,283,1,0.0
02,18,285,2,0.0
02,18,289,3,0.0
02,18,294,1,0.0
02,18,296,2,0.0
02,18,299,4,0.0
02,18,304,1,0.0
02,18,307,2,0.0
02,18,312,2,0.0
02,18,316,1,0.0
02,18,318,1,0.0
02,18,320,1,0.0
02,18,322,3,0.0
02,18,327,1,0.0
02,18,329,1,0.0
02,18,331,58,0.0
02,18,390,1,0.0
02,18,399,4,0.0
02,18,404,1,0.0
02,18,425,3,0.0035613333333333335
02,18,431,1,0.063725
02,18,433,9,0.28140777777777776
02,18,443,6,0.0
02,18,452,1,0.74167
02,18,454,1,0.74167
02,18,456,6,0.74167
02,18,488,1,0.0
02,18,490,107,0.04185671962616822
02,19,7,20,1.0
02,19,28,3,1.0
02,19,32,5,1.0
02,19,38,14,1.0
02,19,53,2,1.0
02,19,57,16,1.0
02,19,74,1,1.0
02,19,76,4,1.0
02,19,82,1,1.0
02,19,84,1,1.0
02,19,86,1,1.0
02,19,89,1,1.0
02,19,92,1,1.0
02,19,94,3,1.0
02,19,102,1,1.0
02,19,109,1,1.0
02,19,131,2,1.0
02,19,134,1,1.0
02,19,136,3,1.0
02,19,141,3,1.0
02,19,145,9,1.0
02,19,155,1,1.0
02,19,157,3,1.0
02,19,165,1,1.0
02,19,169,4,1.0
02,19,174,2,1.0
02,19,177,1,1.0
02,19,179,1,1.0
02,19,181,3,1.0
02,19,185,34,1.0
02,19,437,1,0.61502
02,19,443,1,0.057018
02,20,2,1,0.41935
02,20,21,1,0.51429
02,20,24,2,0.5
02,20,35,1,0.47826
02,20,40,2,0.456525
02,20,43,2,0.44366
02,20,54,1,0.52
02,20,63,2,0.6845950000000001
02,20,67,1,0.71622
02,20,71,2,0.813335
02,20,86,1,1.0
02,20,94,1,0.98795
02,20,98,1,1.0
02,20,100,1,1.0
02,20,102,5,1.0
02,20,114,2,0.981325
02,20,122,2,1.0
02,20,125,2,1.0
02,20,129,1,1.0
02,20,138,1,1.0
02,20,232,2,1.0
02,20,241,1,1.0
02,20,243,2,1.0
02,20,254,1,1.0
02,20,265,1,1.0
02,20,275,1,1.0
02,20,279,1,1.0
02,20,282,2,1.0
02,20,316,1,0.90625
02,22,33,3,0.5467066666666666
02,23,27,1,0.022222
02,23,31,1,0.022222
02,23,37,1,0.0
02,23,52,1,0.0
02,23,55,2,0.0
02,23,80,1,0.17895
02,23,101,1,0.26316
02,23,104,1,0.22917
02,23,106,3,0.19727333333333333
02,23,110,21,0.06459643809523807
02,23,133,1,0.0
02,23,135,1,0.0
02,23,139,2,0.0
02,23,144,1,0.0
02,23,219,23,0.12127356521739131
02,23,421,2,0.45
02,23,424,3,0.44471
02,23,428,2,0.43903000000000003
02,23,431,1,0.4375
02,23,442,6,0.0
02,26,9,1,0.38889
02,26,11,1,0.33333
02,26,13,4,0.25
02,26,19,9,0.06481522222222223
02,26,29,3,0.0
02,26,33,61,0.0
02,26,95,14,0.3729592857142857
02,26,111,16,1.0
02,26,128,18,1.0
02,26,163,1,1.0
02,26,166,1,1.0
02,26,168,2,1.0
02,26,173,1,1.0
02,26,176,1,1.0
02,26,206,1,1.0
02,26,213,1,1.0
02,26,289,1,1.0
02,26,339,2,0.0
02,26,342,11,0.0
02,26,354,6,0.19444333333333333
02,26,362,1,0.46939
02,26,370,1,0.61224
02,26,372,1,0.4902
02,26,374,2,0.215685
02,26,381,9,0.012578666666666667
02,26,391,13,0.0
02,26,416,1,0.20755
02,26,418,2,0.0
02,26,421,11,0.04795454545454545
02,26,462,4,0.0
02,26,479,1,0.22308
02,26,484,1,0.10435
02,26,486,3,0.12586333333333333
02,27,40,1,0.0
02,27,42,2,0.0
02,27,46,4,0.0
02,27,51,3,0.0
02,27,55,8,0.0
02,27,65,3,0.0
02,27,69,1,0.014103
02,27,78,1,0.32885
02,27,109,2,0.33571
02,27,127,1,0.17507
02,27,358,1,0.0
02,27,361,7,0.0
02,27,369,5,0.0
02,27,375,1,0.32432
02,27,387,1,0.055556
02,27,389,1,0.0
02,27,391,1,0.0
02,27,393,28,0.0
02,27,422,1,0.0
02,27,425,17,0.0010195294117647058
02,27,443,2,0.080695
02,27,448,3,0.29638333333333333
02,27,454,11,0.05535054545454545
02,27,466,2,0.0
02,27,469,1,0.012626
02,27,473,3,0.09612833333333333
02,27,478,4,0.095328
02,27,483,3,0.10898999999999999
02,27,488,1,0.11377
02,27,492,1,0.026234
02,27,499,3,0.026483666666666666
02,27,503,4,0.026983
02,27,508,6,0.03184
02,27,516,1,0.026983
02,27,519,3,0.026982999999999997
02,27,523,1,0.026983
02,27,525,1,0.024465
02,27,527,1,0.024465
02,27,529,5,0.0172386
02,27,535,5,0.012538440000000001
02,27,543,1,0.0095486
02,27,545,1,0.0095486
02,27,547,1,0.0095486
02,27,550,1,0.0087617
02,27,552,1,0.0088443
02,27,557,3,0.0088443
02,27,562,3,0.0090345
02,27,566,1,0.0091296
02,27,568,2,0.0091296
02,27,572,1,0.010043
02,27,577,2,0.013518
02,27,580,1,0.013518
02,27,585,1,0.013518
02,27,589,8,0.028889
02,27,598,1,0.04381
02,28,161,2,0.034739
02,28,164,2,0.066998
02,28,170,1,0.12934
02,28,172,1,0.19169
02,28,292,3,0.6830633333333335
02,28,297,3,0.6081266666666667
02,28,301,1,0.56989
02,28,308,4,0.4601975
02,28,315,2,0.389165
02,28,318,2,0.36075500000000005
02,28,322,1,0.31814
02,28,325,3,0.28973
02,28,330,5,0.27268400000000004
02,28,336,12,0.08940116666666666
02,28,349,11,0.0
02,28,361,15,0.025647866666666665
02,28,377,4,0.10654
02,28,382,1,0.09707
02,28,384,12,0.0
02,28,397,41,0.0075934999999999996
02,28,439,2,0.025747
02,28,442,2,0.022492
02,28,445,11,0.014017090909090908
02,28,459,14,0.0018348857142857142
02,28,474,26,0.004593949999999999
02,28,502,7,0.08492200000000001
02,28,510,13,0.08586223076923077
02,28,524,12,0.087156
02,28,538,12,0.08871000000000001
02,28,551,7,0.08972800000000002
02,28,560,2,0.0909785
02,28,563,15,0.09565766666666668
02,28,579,6,0.10030766666666667
02,28,586,3,0.10092
02,28,594,2,0.10092
02,28,597,1,0.10092
02,28,599,1,0.10092
02,29,68,1,0.66667
02,29,70,1,0.74194
02,29,115,1,1.0
02,29,141,1,1.0
02,29,145,1,1.0
02,29,157,1,1.0
02,29,164,1,1.0
02,29,178,1,1.0
02,29,181,1,1.0
02,29,183,2,1.0
02,29,188,2,1.0
02,29,199,2,1.0
02,29,202,1,0.98
02,29,212,1,0.75
02,29,220,1,0.56522
02,29,223,1,0.46667
02,29,226,1,0.3913
02,29,228,1,0.34043
02,29,230,4,0.2828
02,29,235,38,0.2672244736842105
02,29,274,1,0.5
02,29,276,1,0.5
02,29,284,1,0.58333
02,29,303,1,0.65957
02,29,312,2,0.65957
02,29,316,2,0.65957
02,29,320,5,0.65957
02,29,328,2,0.67391
02,29,334,2,0.67391
02,29,337,1,0.67391
02,29,340,1,0.0
02,29,343,3,0.0
02,29,348,5,0.0
02,29,355,16,0.0
02,29,376,1,0.62222
02,29,381,1,0.6
02,29,383,1,0.31111
02,29,387,24,0.0
02,29,415,1,0.18182
02,29,418,1,0.0
02,29,421,18,0.0
02,29,440,3,0.12761233333333333
02,29,444,4,0.60459
02,29,451,3,0.61364
02,29,456,3,0.18181666666666665
02,29,460,1,0.0
02,29,462,4,0.0
02,29,468,1,0.0
02,29,470,5,0.191042
02,29,476,2,0.0258165
02,29,479,4,0.034422
02,29,484,1,0.040159
02,29,486,2,0.3472
02,29,490,2,0.57941
02,29,493,6,0.5897216666666667
02,29,500,3,0.5833333333333334
02,29,507,1,0.59091
02,29,509,1,0.59091
02,29,514,2,0.59091
02,29,517,2,0.59091
02,29,520,1,0.61364
02,29,522,3,0.63636
02,29,526,1,0.63636
02,29,528,1,0.63636
02,29,534,1,0.63636
02,29,536,2,0.63636
02,29,540,3,0.6515133333333333
02,29,544,1,0.65909
02,29,546,1,0.65909
02,29,548,4,0.65909
02,29,553,4,0.65909
02,29,558,5,0.668182
02,29,565,1,0.68182
02,29,567,1,0.68182
02,29,570,2,0.6853549999999999
02,29,573,4,0.68182
02,29,578,2,0.67442
02,29,581,13,0.7043238461538461
02,31,12,1,0.58537
02,31,17,1,0.68293
02,31,35,8,1.0
02,31,45,3,1.0
02,31,67,1,1.0
02,31,70,2,1.0
02,31,73,3,1.0
02,31,77,2,1.0
02,31,81,1,1.0
02,31,83,4,1.0
02,31,88,3,0.9754233333333334
02,31,92,3,0.8733466666666668
02,31,98,1,0.7098
02,31,100,15,0.4099946666666667
02,31,116,17,0.18609058823529412
02,31,135,1,0.4966
02,31,142,50,0.13323366000000003
02,31,193,17,0.06230305882352942
02,31,211,32,0.23260171874999996
02,31,245,17,0.24393517647058824
02,31,266,1,0.0548
02,31,269,1,0.059464
02,31,271,1,0.059464
02,31,273,1,0.056354
02,31,275,1,0.052079
02,31,278,3,0.04288133333333333
02,31,285,1,0.043779
02,31,287,1,0.045699
02,31,290,1,0.043395
02,31,292,1,0.049539
02,31,294,3,0.049539
02,31,304,1,0.050967
02,31,306,6,0.050563
02,31,314,1,0.042039
02,31,318,2,0.038155999999999995
02,31,325,3,0.030134000000000005
02,31,331,1,0.030134
02,31,336,1,0.027158
02,31,338,19,0.00013706315789473685
02,31,358,18,0.004845088888888889
02,31,377,1,0.0059524
02,31,379,141,0.0029292929078014182
02,32,442,1,1.0
02,32,445,9,0.08410333333333334
02,32,459,5,1.0
02,32,465,2,1.0
02,32,473,1,0.93624
02,32,475,1,0.90208
02,32,477,2,0.845145
02,32,486,12,0.12624499999999997
02,32,499,10,0.194201
02,32,511,2,0.39005999999999996
02,33,361,1,0.56637
02,33,377,2,0.412045
02,33,380,1,0.45103
02,33,451,8,0.0532175
02,33,464,1,0.20183
02,33,467,6,0.18085166666666666
02,33,474,1,0.30588
02,33,548,3,0.31003000000000003
02,33,552,3,0.18358
02,33,556,4,0.27418750000000003
02,33,561,3,0.16205366666666668
02,33,566,1,0.032922
02,33,568,6,0.092059
02,33,581,1,0.26046
02,34,452,5,0.0
02,34,498,1,1.0
02,34,555,1,1.0
02,34,560,1,1.0
02,34,564,2,1.0
02,34,567,1,1.0
02,35,456,4,0.0
02,36,13,3,0.16667
02,36,17,7,0.2182542857142857
02,36,25,1,0.30637
02,36,29,1,0.25203
02,36,73,1,0.0
02,36,79,14,0.0
02,36,94,3,0.0
02,36,99,1,0.0
02,36,101,2,0.0
02,36,104,48,0.0
02,36,335,1,0.33766
02,36,337,2,0.27106
02,36,340,80,0.0098402125
02,36,421,4,0.01826825
02,36,426,2,0.038578
02,36,429,2,0.042919
02,36,434,8,0.0366425
02,36,456,1,0.53175
02,36,485,1,0.57949
02,37,65,2,0.0179865
02,37,68,3,0.017239666666666667
02,37,73,13,0.03254646153846154
02,37,87,7,0.03080885714285714
02,37,95,3,0.053848
02,37,99,1,0.064477
02,37,101,1,0.031182
02,37,107,7,0.05418357142857143
02,37,116,6,0.134745
02,37,124,1,0.17315
02,37,127,2,0.17287
02,37,130,8,0.26249875
02,37,139,5,0.5107200000000001
02,37,163,1,0.65534
02,37,166,3,0.3550966666666666
02,37,170,2,0.34717
02,37,180,1,0.61807
02,37,190,1,0.63159
02,37,207,16,0.220454875
02,37,224,8,0.33700625
02,37,234,7,0.25485857142857143
02,37,242,1,0.27729
02,37,245,9,0.10274655555555556
02,37,255,10,0.0480363
02,37,266,9,0.036656888888888885
02,37,276,3,0.10224966666666667
02,37,280,2,0.238945
02,37,284,20,0.2100975
02,37,305,11,0.34663909090909095
02,38,284,6,0.07068201666666667
02,38,328,30,0.06936123333333333
02,38,359,1,0.10127
02,38,363,1,0.025
02,38,368,14,0.052631357142857146
02,38,438,2,0.096722
02,38,442,2,0.0
02,38,445,10,0.0
02,38,456,1,0.0
02,38,466,14,0.05373178571428572
02,38,492,2,0.090911
02,38,495,14,0.09966714285714286
02,39,32,1,0.13054
02,39,34,1,0.10723
02,39,49,1,0.090909
02,39,52,2,0.198715
02,39,78,2,0.49553
02,39,82,8,0.3837375
02,39,92,1,0.36208
02,39,95,1,0.32828
02,39,113,11,0.03311345454545454
02,39,125,1,0.0
02,39,176,1,0.42424
02,39,178,7,0.10216000000000001
02,39,188,1,0.36585
02,39,190,1,0.43902
02,39,230,1,0.1087
02,39,232,31,0.0064516129032258064
02,39,298,11,0.058710454545454545
02,40,104,2,0.0
02,40,107,3,0.0
02,40,111,5,0.0005248680000000001
02,40,117,4,0.010340925
02,40,128,1,0.10274
02,40,130,8,0.17987262499999998
02,40,139,71,0.026084442253521124
02,40,211,9,0.09368418888888888
02,40,221,1,0.34253
02,40,224,4,0.411125
02,40,241,1,0.33989
02,40,243,2,0.33691
02,40,246,2,0.33813000000000004
02,40,250,2,0.320335
02,40,254,1,0.44068
02,40,256,2,0.46774
02,40,260,1,0.45
02,40,262,3,0.4265666666666667
02,40,266,2,0.387755
02,40,273,1,0.18367
02,40,276,2,0.0714285
02,40,306,10,0.1208333
02,40,317,3,0.0
02,40,321,13,0.004807692307692308
02,40,335,1,0.020833
02,40,337,2,0.0
02,40,343,3,0.0
02,40,350,8,0.0
02,40,360,10,0.0681818
02,40,372,1,0.16279
02,40,375,2,0.232555
02,40,379,4,0.15040775
02,40,384,17,0.0
02,40,402,3,0.0
02,40,406,6,0.0
02,40,414,2,0.0
02,40,417,3,0.0
02,40,421,65,0.007472615384615385
02,40,487,1,0.54286
02,40,490,1,0.68571
02,41,213,1,0.0
02,41,215,1,0.0
02,41,218,1,0.0
02,41,220,1,0.0
02,41,230,3,0.12254999999999999
02,41,234,14,0.16436785714285712
02,41,249,15,0.5013059333333333
02,41,266,2,0.68309
02,41,270,14,0.18742964285714286
02,41,285,2,0.223335
02,41,289,2,0.283835
02,41,292,14,0.32595571428571424
02,41,307,1,0.30863
02,41,309,4,0.293935
02,41,314,51,0.022729941176470588
02,41,367,2,0.0
02,41,370,2,0.0093895
02,41,373,24,0.021273375
02,41,399,3,0.17215
02,41,415,1,0.14014
02,41,428,1,0.07667
02,41,442,8,0.0
02,41,459,1,0.87097
02,41,462,7,0.5714285714285714
02,41,470,12,0.10453783333333333
02,41,489,3,0.38823333333333326
02,41,493,21,0.03500304333333333
02,41,515,1,0.28571
02,41,518,1,0.35897
02,41,521,1,0.44444
02,41,523,10,0.2350869
02,41,534,6,0.37991166666666665
02,41,560,1,0.5
02,41,564,2,0.642285
02,42,224,26,0.009915576923076923
02,42,258,12,0.16878416666666665
02,42,272,57,0.1161323859649123
02,42,330,1,0.25589
02,42,335,16,0.37888000000000005
02,42,359,1,0.78355
02,42,364,30,0.1640534
02,42,396,8,0.0550735
02,42,420,1,0.37032
02,42,425,1,0.29882
02,42,444,10,0.0
02,42,455,1,0.0
02,42,463,7,0.2568992857142857
02,42,472,17,0.1570408705882353
02,42,498,3,0.15564266666666668
02,42,502,1,0.035209
02,42,504,2,0.0362195
02,42,507,16,0.006655875
02,43,138,2,0.0
02,43,141,9,0.0
02,43,151,65,0.0012005307692307691
02,43,217,1,0.0056452
02,43,219,1,0.016129
02,43,221,2,0.0173385
02,43,227,25,0.03958832
02,43,255,1,0.53333
02,43,257,1,0.76587
02,43,379,25,0.04358732
02,43,406,45,0.00670756
02,43,453,6,0.0
02,43,461,26,0.16224938461538463
02,43,490,1,0.58824
02,43,493,1,0.60606
02,43,531,1,0.58065
02,43,533,3,0.43111666666666665
02,43,537,21,0.15344980952380954
02,44,232,1,0.03365
02,44,236,2,0.038827
02,44,282,2,0.521855
02,44,285,5,0.41858000000000006
02,44,291,1,0.31148
02,44,293,1,0.23497
02,44,303,7,0.23301857142857144
02,44,312,1,0.2418
02,44,317,1,0.2418
02,44,327,26,0.194855
02,44,370,1,0.27967
02,44,376,1,0.31189
02,44,388,1,0.31505
02,44,390,1,0.30317
02,44,395,4,0.19703
02,44,401,2,0.0
02,44,404,27,0.0
02,44,432,17,0.003678235294117647
02,44,451,5,0.0
02,44,457,14,0.023809785714285714
02,44,472,1,0.33221
02,44,475,2,0.50353
02,44,484,32,0.0021551875
02,44,517,1,0.31034
02,48,389,2,0.521275
02,48,392,3,0.38462
02,48,396,39,0.030019743589743592
02,48,436,6,0.0
02,48,443,1,0.17879
02,48,445,23,0.006919739130434783
02,49,388,7,0.14857142857142858
02,49,396,31,0.0
02,49,428,3,0.48
02,49,432,2,0.84
02,49,436,27,0.0
02,49,464,1,0.0
02,49,466,7,0.16878171428571428
02,49,474,2,0.903845
02,49,478,1,1.0
02,49,480,9,1.0
02,49,490,6,1.0
02,49,504,1,1.0
02,49,524,1,1.0
02,49,531,1,1.0
02,54,456,8,0.0
02,54,466,1,0.0
02,54,471,11,0.18797272727272726
02,55,573,1,0.55898
02,55,577,5,0.24278199999999997
02,56,333,1,0.55556
02,56,335,1,0.58824
02,56,346,1,0.61111
02,56,348,1,0.61111
02,56,359,26,0.0
02,56,386,3,0.0
02,56,390,42,0.0
02,56,433,29,0.0009852206896551724
02,56,463,1,0.0
02,56,465,7,0.013203142857142858
02,56,473,1,0.015625
02,56,476,2,0.015625
02,56,489,1,0.0
02,56,496,8,0.00625
02,56,505,19,0.1845642105263158
02,56,525,4,0.2602625
02,56,530,1,0.22388
02,56,532,12,0.2651508333333334
02,56,545,4,0.34523500000000007
02,56,551,1,0.27273
02,56,553,2,0.26087
02,56,557,2,0.28261000000000003
02,56,562,3,0.30435
02,56,566,10,0.317628
02,56,582,1,0.50667
02,56,584,1,0.46872
02,56,586,1,0.46872
02,56,588,2,0.46872
02,56,592,4,0.42308
02,57,47,1,0.0
02,57,49,4,0.00925925
02,57,54,7,0.0
02,57,62,3,0.0
02,57,68,1,0.0
02,57,71,1,0.0
02,57,73,146,0.0028977739726027394
02,57,220,1,0.26923
02,57,222,5,0.509666
02,57,255,1,1.0
02,57,257,1,1.0
02,57,265,1,1.0
02,57,273,3,1.0
02,57,277,1,0.95527
02,57,281,1,0.8658
02,57,288,1,0.68695
02,57,290,1,0.64223
02,57,294,1,0.61511
02,57,299,1,0.57234
02,57,312,1,1.0
02,57,335,1,1.0
02,57,358,1,1.0
02,57,362,1,0.42857
02,57,365,1,0.28571
02,57,367,1,0.19048
02,57,370,1,0.047619
02,57,372,74,0.07158027027027028
02,57,448,22,0.019138636363636365
02,57,471,7,0.6165428571428572
02,57,483,2,0.47368
02,57,486,2,0.42105
02,57,489,4,0.394735
02,57,495,1,0.31579
02,57,497,1,0.26316
02,57,500,1,0.21053
02,58,152,1,0.0
02,58,154,2,0.0
02,58,157,6,0.0
02,58,164,2,0.0
02,58,167,4,0.0
02,58,172,31,0.015012032258064516
02,58,204,1,0.33333
02,58,240,1,1.0
02,58,244,1,1.0
02,58,246,2,1.0
02,58,250,5,1.0
02,58,256,1,1.0
02,58,258,4,1.0
02,58,263,2,1.0
02,58,288,11,0.7312081818181817
02,58,302,1,0.74074
02,58,305,1,0.83333
02,58,312,1,0.94737
02,58,329,1,1.0
02,58,332,1,1.0
02,58,336,2,1.0
02,58,340,1,1.0
02,58,344,1,1.0
02,58,346,1,1.0
02,58,362,3,0.0
02,58,366,2,0.0
02,58,369,22,0.0
02,59,60,43,0.0
02,59,104,15,0.0
02,59,120,3,0.0
02,59,124,2,0.1
02,59,130,1,0.52
02,59,133,1,0.6
02,59,159,1,0.0
02,59,267,1,0.51329
02,59,272,2,0.41741
02,59,275,3,0.3562733333333334
02,59,279,2,0.26757
02,59,283,5,0.15829200000000002
02,59,299,3,0.09836099999999999
02,59,303,2,0.098361
02,59,306,6,0.10874266666666667
02,59,313,16,0.105428625
02,59,330,2,0.09875149999999999
02,59,333,3,0.106391
02,59,338,2,0.061667
02,59,341,3,0.10833
02,59,345,1,0.10833
02,60,231,1,0.0
02,60,233,3,0.0
02,60,238,17,0.01048008117647059
02,60,256,1,0.003592
02,60,258,3,0.005507633333333334
02,60,262,3,0.011254733333333334
02,60,267,2,0.074713
02,60,270,1,0.13649
02,60,275,1,0.34052
02,60,373,101,0.036104336633663366
02,60,476,50,0.06150224
02,60,529,5,0.176614
02,60,541,1,0.19709
02,60,545,2,0.21837
02,60,548,4,0.22196000000000002
02,60,555,1,0.243
02,60,558,1,0.24828
02,60,564,3,0.25506999999999996
02,60,571,1,0.22311
02,60,573,2,0.21264
02,60,584,1,0.15556
02,60,586,1,0.15217
02,60,589,1,0.14556
02,60,593,2,0.16595500000000002
02,61,53,1,0.0
02,61,55,1,0.0
02,61,57,7,0.0
02,61,65,26,0.0
02,61,92,128,0.0108121234375
02,61,221,1,0.23077
02,61,223,13,0.26848615384615393
02,61,237,3,0.24905333333333335
02,61,245,1,0.26355
02,61,249,1,0.26355
02,61,262,3,0.25953
02,61,266,1,0.25819
02,61,269,1,0.21873
02,61,271,2,0.19431500000000002
02,61,276,1,0.096321
02,61,278,3,0.095652
02,61,282,6,0.09420250000000001
02,61,289,1,0.093645
02,61,291,3,0.09349233333333333
02,61,295,4,0.094494
02,61,300,12,0.09717925
02,61,313,22,0.10948599999999999
02,61,336,22,0.14029954545454543
02,61,359,3,0.12698333333333334
02,61,363,4,0.0747705
02,61,368,31,0.013174548387096774
02,61,404,41,0.0
02,61,446,2,0.08399999999999999
02,61,449,23,0.00691304347826087
02,61,474,2,0.122
02,61,478,5,0.10640000000000001
02,61,485,1,0.098
02,61,488,1,0.098
02,61,493,2,0.092
02,61,496,1,0.086
02,61,498,2,0.13
02,61,501,1,0.138
02,61,505,1,0.226
02,61,510,5,0.2736
02,61,516,4,0.248
02,62,155,1,0.29032
02,62,158,112,0.09716676785714286
02,62,277,1,0.5
02,62,293,2,0.613635
02,62,360,27,0.0
02,62,388,2,0.003017235
02,62,394,1,0.42659
02,64,518,2,0.28247
02,64,521,11,0.3181818181818182
02,64,533,6,0.30339166666666667
02,64,540,1,0.29004
02,64,542,2,0.29004
02,64,548,2,0.314935
02,64,551,1,0.36797
02,64,553,3,0.3932166666666667
02,64,557,2,0.40909
02,64,563,2,0.45455
02,64,567,3,0.46392666666666665
02,64,572,1,0.51515
02,64,576,9,0.5471377777777778
02,64,586,7,0.5816328571428572
02,64,594,1,0.50866
02,67,162,41,0.0007776560975609756
02,67,204,2,0.0
02,67,207,1,0.0
02,67,209,2,0.0
02,67,212,81,0.0027705185185185185
02,67,294,17,0.0
02,67,312,2,0.0
02,67,318,4,0.025
02,67,324,100,0.0
02,67,425,3,0.0
02,67,429,2,0.0
02,67,432,10,0.0
02,67,443,22,0.006911145454545456
02,67,470,2,0.0
02,67,474,1,0.034483
02,67,476,2,0.22215000000000001
02,68,10,13,0.4884292307692307
02,68,26,7,0.5179357142857144
02,68,37,25,0.4061032
02,68,63,2,0.352275
02,68,66,2,0.397725
02,68,69,13,0.44930307692307697
02,68,83,3,0.4318199999999999
02,68,87,1,0.45455
02,68,89,10,0.47272600000000004
02,68,100,7,0.34724571428571427
02,68,108,2,0.24784
02,68,111,5,0.24783600000000003
02,68,117,1,0.29004
02,68,119,9,0.2637088888888889
02,68,133,1,0.14177
02,68,135,2,0.15963
02,68,138,1,0.16558
02,68,141,1,0.18939
02,68,144,4,0.18939
02,68,156,1,0.10606
02,68,158,1,0.058442
02,68,160,2,0.0113635
02,68,165,1,0.0
02,68,168,1,0.0
02,68,171,1,0.0
02,68,173,40,0.47678650000000006
02,68,214,7,0.6232214285714287
02,68,225,5,0.60195
02,68,231,1,0.59091
02,68,236,1,0.56061
02,68,238,2,0.549245
02,68,241,6,0.5376983333333333
02,68,248,2,0.54329
02,68,254,1,0.53571
02,68,261,2,0.52489
02,68,269,1,0.4697
02,68,271,1,0.4697
02,68,287,1,0.40152
02,68,291,1,0.39719
02,68,297,1,0.38312
02,68,299,2,0.36039
02,68,303,1,0.36039
02,68,306,1,0.33766
02,68,310,4,0.32062
02,69,3,1,0.34517
02,69,7,2,0.32436
02,69,11,1,0.34517
02,69,14,1,0.32191
02,69,17,1,0.34517
02,69,19,1,0.34517
02,69,21,1,0.34027
02,69,23,2,0.3519
02,69,26,1,0.36353
02,69,29,1,0.35863
02,69,31,2,0.37699
02,69,73,7,0.31911285714285714
02,69,85,1,0.27907
02,69,87,1,0.29376
02,69,89,1,0.29376
02,69,91,1,0.30845
02,69,93,1,0.30845
02,69,95,1,0.28274
02,69,97,1,0.28274
02,69,101,2,0.27601
02,69,104,1,0.27907
02,69,108,2,0.21542
02,69,111,1,0.20196
02,69,113,3,0.22440000000000002
02,69,117,1,0.25581
02,69,120,2,0.26316
02,69,123,1,0.23256
02,69,125,1,0.20808
02,69,133,1,0.11016
02,69,135,1,0.12118
02,69,141,1,0.15422
02,69,144,2,0.15422
02,69,149,1,0.15422
02,69,155,1,0.088127
02,69,160,3,0.0
02,69,164,1,0.0
02,69,166,1,0.0
02,69,169,1,0.0
02,69,172,1,0.0
02,69,237,1,0.39045
02,69,239,2,0.388
02,69,242,2,0.397795
02,69,263,1,0.36353
02,69,278,1,0.28397
02,70,30,7,0.0
02,70,38,19,0.03178947368421052
02,70,58,27,0.02673018518518519
02,70,89,1,0.0
02,70,92,23,0.04111795652173913
02,70,116,2,0.16607
02,70,122,1,0.23662
02,71,105,1,0.21694
02,73,151,2,0.0335965
02,73,154,2,0.0039526000000000006
02,73,157,2,0.0
02,73,160,2,0.0
02,73,163,4,0.0
02,73,168,25,0.047431224
02,73,194,8,0.016897125
02,76,372,1,0.0
02,76,376,10,0.0
02,76,387,1,0.0
02,76,389,48,0.0
02,76,438,1,0.0
02,76,440,7,0.0
02,76,448,9,0.0
02,76,459,1,0.0
02,78,495,7,0.018983571428571426
02,78,503,4,0.013401999999999999
02,79,546,1,0.36364
02,79,552,2,0.560605
04,3,204,2,0.41491
04,3,207,1,0.41365
04,3,209,2,0.40097000000000005
04,3,225,2,0.313825
04,3,228,2,0.319275
04,3,233,3,0.47927000000000003
04,5,101,3,0.6011766666666667
04,5,115,2,0.58755
04,5,141,1,0.59851
04,5,150,1,0.61314
04,5,166,1,0.63082
04,5,173,3,0.6165666666666666
04,5,186,1,0.6087
04,5,265,1,0.61455
04,5,284,1,0.60902
04,5,290,1,0.61654
04,5,292,1,0.61798
04,5,342,1,0.6037
04,5,362,1,0.60687
04,5,424,1,0.60078
04,5,430,2,0.607
04,5,440,2,0.6049150000000001
04,5,443,1,0.60606
04,5,479,1,0.58846
04,5,490,1,0.56972
04,5,493,1,0.56972
04,5,495,1,0.56972
04,5,497,2,0.56972
04,5,506,2,0.5823499999999999
04,5,515,2,0.58915
04,5,518,1,0.58755
04,5,522,1,0.58527
04,5,527,2,0.58366
04,5,531,1,0.57977
04,5,536,2,0.57812
04,5,540,2,0.575635
04,5,543,45,0.5881766666666667
04,5,589,2,0.583815
04,5,594,31,0.5656932258064515
04,5,626,2,0.57853
04,5,640,1,0.59231
04,5,643,2,0.59231
04,5,647,2,0.59073
04,5,670,1,0.58846
04,5,682,2,0.6050150000000001
04,5,688,1,0.59696
04,5,699,2,0.578945
04,5,706,1,0.57647
04,5,708,1,0.57647
04,5,714,1,0.57647
04,5,717,4,0.5735399999999999
04,5,726,80,0.549472375
04,5,807,4,0.58812
04,5,822,18,0.5747550000000001
04,5,842,3,0.5668
04,5,846,4,0.5698375
04,5,851,3,0.57085
04,5,858,5,0.570966
04,5,864,3,0.57317
04,5,868,4,0.57724
04,5,876,10,0.588618
04,5,895,1,0.57959
04,5,897,1,0.57551
04,5,900,39,0.5559820512820511
04,5,940,1,0.57203
04,5,943,1,0.575
04,5,950,2,0.582355
04,5,953,3,0.58203
04,5,975,2,0.58039
04,5,980,1,0.58039
04,5,985,52,0.5620767307692308
04,60,69,10,0.24573299999999998
04,60,104,4,0.38801
04,60,109,2,0.33049
04,60,113,1,0.29714
04,60,117,1,0.33321
04,60,120,2,0.367355
04,60,124,2,0.39925
04,61,62,2,0.61111
04,62,397,4,0.570075
04,63,141,1,0.36962
04,63,147,1,0.3281
04,63,152,1,0.34392
04,63,572,1,0.56552
04,65,136,1,0.79006
04,65,138,1,0.7967
04,65,140,1,0.80663
04,65,142,5,0.8139580000000001
04,65,149,1,0.82222
04,65,568,1,0.54777
04,65,570,3,0.5360333333333333
04,66,17,1,1.0
04,66,387,1,0.62745
04,66,390,35,0.14929129142857142
04,66,426,1,0.38095
04,66,444,40,0.23068600000000003
04,67,13,1,0.40975
04,67,16,1,0.34682
04,67,18,7,0.41339571428571426
04,67,26,1,0.53448
04,67,435,1,0.38878
04,67,438,2,0.38288
04,68,13,1,1.0
04,68,16,1,1.0
04,68,37,1,0.99569
04,68,39,1,0.99296
04,68,41,1,0.98995
04,68,45,1,0.98897
04,68,58,2,0.977295
04,68,62,12,0.9161191666666667
04,68,75,8,0.811535
04,68,85,8,0.7108075
04,68,95,4,0.6568499999999999
04,68,100,6,0.6286933333333333
04,68,115,2,0.60714
04,68,118,9,0.6073733333333333
04,68,129,1,0.60749
04,68,131,3,0.60749
04,68,135,1,0.60749
04,68,137,8,0.60749
04,68,147,3,0.60749
04,68,152,1,0.60749
04,68,154,1,0.60749
04,68,156,2,0.60749
04,68,160,5,0.60749
04,68,166,4,0.60749
04,68,172,1,0.60749
04,68,174,2,0.60749
04,68,181,1,0.60749
04,68,185,2,0.60749
04,68,190,1,0.60749
04,68,194,1,0.6155
04,68,197,1,0.6155
04,68,199,1,0.6155
04,68,205,2,0.6155
04,68,212,3,0.6155
04,68,216,2,0.6155
04,68,236,1,0.6155
04,68,239,2,0.6155
04,68,248,1,0.6155
04,68,274,2,0.62319
04,68,279,1,0.62319
04,68,282,1,0.62319
04,68,285,1,0.62319
04,68,287,2,0.62319
04,68,290,3,0.62319
04,68,294,2,0.62319
04,68,299,1,0.62319
04,68,301,1,0.62319
04,68,304,1,0.62319
04,68,315,1,0.62319
04,68,318,1,0.62319
04,68,322,1,0.62319
04,68,328,1,0.62319
04,68,339,1,0.63253
04,68,343,1,0.63253
04,68,346,1,0.63253
04,68,366,1,0.63253
04,68,383,1,0.63768
04,68,391,1,0.63768
04,68,394,2,0.63768
04,68,399,1,0.63768
04,68,460,1,0.69661
04,68,839,1,0.45532
04,68,843,1,0.44856
04,68,853,2,0.428995
04,68,861,1,0.44632
04,68,863,2,0.47452000000000005
04,68,867,1,0.49378
04,68,880,2,0.55385
04,68,925,1,0.15842
04,68,928,1,0.15865
04,68,933,2,0.188875
04,68,936,24,0.21167166666666667
04,68,961,4,0.231925
04,68,972,12,0.056129333333333344
04,68,986,1,0.2475
04,68,990,1,0.40308
04,68,1013,1,0.72727
04,69,20,17,0.33941647058823526
04,69,38,1,0.24381
04,69,40,1,0.24594
04,69,42,3,0.23387333333333335
04,69,46,12,0.20643916666666665
04,69,60,2,0.29411
04,69,74,1,0.29557
04,69,83,2,0.32527
04,69,93,2,0.26787
04,69,99,1,0.31702
04,69,112,1,0.39381
04,69,114,1,0.39381
04,69,128,1,0.40481
04,69,130,1,0.40481
04,69,134,1,0.41544
04,69,136,1,0.41544
04,69,145,1,0.4257
04,69,151,1,0.4356
04,69,158,1,0.4356
04,69,165,1,0.44516
04,69,176,1,0.45441
04,69,178,2,0.45441
04,69,200,1,0.38911
04,69,211,1,0.3509
04,69,215,1,0.32905
04,69,218,10,0.251764
04,69,229,1,0.094305
04,69,231,1,0.11869
04,69,283,1,0.2989
04,69,342,1,0.28088
04,69,344,1,0.28088
04,69,398,1,0.26649
04,69,405,1,0.24129
04,69,407,2,0.225135
04,69,418,1,0.19019
04,69,452,1,0.20306
04,69,457,1,0.2189
04,69,960,1,0.49276
04,69,964,8,0.44071375
04,70,54,10,0.24819699999999995
04,70,118,2,0.7641249999999999
04,70,122,1,0.76224
04,71,4,1,0.56
04,71,13,1,0.51923
04,71,40,14,0.21684571428571425
04,71,438,1,0.60241
04,71,444,1,1.0
04,71,459,1,0.68478
04,71,481,1,0.5
04,71,486,2,0.594595
04,71,506,1,0.57961
04,71,519,1,0.4539
04,71,526,1,0.45405
04,71,538,1,0.4337
04,71,542,1,0.80106
04,71,546,1,0.8266
04,73,12,1,0.46505
04,73,16,2,0.44022
04,74,231,19,0.18434468421052633
04,74,307,1,0.48516
04,74,310,2,0.44757
04,74,313,12,0.3281633333333333
04,74,422,1,0.49723
04,74,503,1,0.24737
04,74,505,16,0.089044875
04,74,522,3,0.005331666666666666
04,74,526,3,0.004645799999999999
04,74,626,5,0.9465300000000001
04,74,632,9,0.9436977777777779
04,74,643,14,0.9458571428571426
04,74,659,1,0.94721
04,74,661,1,0.94839
04,74,664,3,0.9448666666666666
04,74,678,1,0.94281
04,74,715,1,0.91667
04,74,721,2,0.77138
04,74,750,2,0.66198
04,74,754,3,0.6853866666666667
04,74,759,5,0.7176880000000001
04,74,765,4,0.711285
04,74,770,4,0.70534
04,74,778,2,0.719055
04,74,781,2,0.7253700000000001
04,74,784,1,0.72541
04,74,786,3,0.7150233333333333
04,74,790,1,0.70992
04,74,793,1,0.70555
04,74,797,1,0.7108
04,74,799,2,0.72204
04,74,802,3,0.7196633333333334
04,74,806,1,0.71678
04,74,812,1,0.72741
04,74,821,1,0.76711
04,74,827,1,0.76797
04,74,831,1,0.77299
04,74,833,2,0.77344
04,74,836,2,0.77891
04,74,839,1,0.78237
04,74,841,1,0.78438
04,74,847,5,0.828496
04,74,853,1,0.84261
04,74,856,1,0.84162
04,74,860,3,0.8354866666666667
04,74,864,2,0.83225
04,74,869,4,0.83828
04,74,874,1,0.83021
04,74,876,4,0.82257
04,74,882,7,0.80417
04,74,890,7,0.8065328571428572
04,74,899,1,0.80817
04,74,901,2,0.81205
04,74,905,1,0.81593
04,74,918,1,0.82134
04,74,933,1,0.8304
04,74,935,1,0.82815
04,74,944,1,0.82341
04,74,946,1,0.81617
04,74,967,1,0.81132
04,74,972,3,0.8113199999999999
04,74,986,2,0.81659
04,74,992,1,0.82406
04,74,994,1,0.82406
04,74,1005,1,0.83015
04,74,1008,3,0.83015
04,74,1012,8,0.8271825
04,74,1028,2,0.82409
04,74,1031,1,0.82116
04,74,1036,2,0.82409
04,74,1040,5,0.827074
04,74,1046,3,0.82835
04,75,193,10,0.31562899999999994
04,75,224,15,0.3522186666666666
04,75,240,1,0.52575
04,75,521,1,0.7209
04,75,525,1,0.66098
04,75,529,22,0.45180818181818166
04,75,552,6,0.458695
04,75,631,1,0.36138
04,75,641,2,0.30066499999999996
04,75,657,2,0.34532
04,75,660,1,0.34503
04,75,662,2,0.30614
04,75,667,11,0.2637845454545454
04,75,679,36,0.28251194444444444
04,75,716,5,0.26036
04,75,723,27,0.25773407407407406
04,75,752,2,0.26852
04,75,757,2,0.26906
04,75,764,1,0.27596
04,75,769,1,0.27055
04,75,774,4,0.275445
04,75,780,1,0.28589
04,75,783,1,0.29277
04,75,785,1,0.29419
04,75,789,1,0.31709
04,75,791,2,0.318705
04,75,794,3,0.32607
04,75,801,1,0.34236
04,75,805,1,0.35266
04,75,807,1,0.3574
04,75,809,1,0.365
04,75,813,8,0.36930250000000003
04,75,822,5,0.369414
04,75,828,3,0.38039
04,75,832,1,0.37595
04,75,835,1,0.37152
04,75,840,1,0.37748
04,75,858,1,0.38462
04,75,863,1,0.38462
04,75,873,1,0.35832
04,75,875,1,0.35832
04,75,880,1,0.36162
04,75,897,2,0.36333
04,75,900,1,0.36333
04,75,903,2,0.35083
04,75,906,12,0.3224116666666666
04,75,919,14,0.2207178571428572
04,75,934,1,0.20114
04,75,936,8,0.2308775
04,75,945,1,0.26401
04,75,947,15,0.32414600000000005
04,75,963,2,0.35521
04,75,966,1,0.36839
04,75,969,2,0.38623
04,75,979,2,0.45315
04,76,453,1,0.58219
04,76,458,1,0.5411
04,78,6,1,0.28477
04,78,1044,1,0.21845
04,80,123,11,1.0
04,80,475,1,1.0
04,80,526,1,0.648
04,80,532,12,0.37494416666666663
04,80,574,1,1.0
04,80,582,1,1.0
04,80,584,2,1.0
04,80,587,1,1.0
04,80,589,1,1.0
04,80,592,1,1.0
04,80,598,1,1.0
04,80,600,1,1.0
04,80,608,4,1.0
04,80,613,3,1.0
04,80,621,1,1.0
04,80,623,1,1.0
04,80,625,4,0.9842825000000001
04,80,632,16,0.6884662500000001
04,80,649,18,0.5191727777777778
04,80,668,1,0.48295
04,80,671,2,0.51111
04,80,678,2,0.59414
04,80,681,2,0.62557
04,80,686,2,0.674375
04,80,692,2,0.740205
04,80,754,1,0.38347
04,80,814,4,0.57331
04,82,25,83,0.09189306024096386
04,82,109,16,0.349055625
04,82,126,1,0.41503
04,82,133,1,0.56604
04,82,347,11,0.30550181818181815
04,82,541,1,0.87692
04,82,544,1,0.85385
04,82,546,2,0.83077
04,82,549,14,0.7491607142857143
04,82,565,1,0.67433
04,82,567,1,0.659
04,82,573,1,0.62016
04,82,575,2,0.6027549999999999
04,82,578,1,0.58635
04,83,19,1,1.0
04,83,23,2,1.0
04,83,337,1,0.41209
04,83,604,1,0.51845
04,84,54,1,0.35049
04,84,147,1,0.35823
04,84,149,1,0.30946
04,84,152,1,0.29751
04,84,156,1,0.32017
04,84,158,1,0.32061
04,84,209,1,0.55333
04,85,39,1,0.41196
04,85,41,7,0.2697457142857143
04,85,179,2,0.369495
04,85,200,1,0.25625
04,85,210,1,0.35788
04,86,192,1,0.45833
04,86,194,1,0.44643
04,86,196,2,0.436135
04,86,200,1,0.42808
04,87,219,1,0.49859
04,87,228,1,0.36386
04,87,230,1,0.33689
04,87,232,4,0.330705
04,87,237,8,0.30415625
04,87,246,2,0.2902
04,87,250,1,0.28525
04,87,413,1,0.26087
04,87,514,1,0.34996
04,87,516,1,0.3494
04,87,532,2,0.32126
04,87,535,1,0.30935
04,87,664,1,0.57313
04,88,52,1,1.0
04,88,54,1,1.0
04,88,57,3,1.0
04,88,61,2,1.0
04,88,133,1,1.0
04,88,154,1,1.0
04,88,157,1,1.0
04,88,263,1,1.0
04,88,281,1,1.0
04,88,286,1,1.0
04,88,297,1,1.0
04,88,307,2,1.0
04,88,328,1,1.0
04,88,391,1,1.0
04,88,396,2,1.0
04,88,401,1,1.0
04,88,409,1,1.0
04,88,441,1,1.0
04,88,444,1,1.0
04,88,453,1,1.0
04,88,461,1,1.0
04,88,470,2,1.0
04,88,489,1,0.98628
04,88,492,2,0.96666
04,88,523,1,0.31947
04,88,525,1,0.29974
04,88,527,5,0.378514
04,88,546,1,0.71774
04,88,552,1,0.77941
04,88,562,1,0.77876
04,88,568,1,0.80377
04,88,570,1,0.81132
04,88,576,2,0.84717
04,88,582,1,0.87191
04,88,588,2,0.87251
04,88,592,2,0.886145
04,88,601,1,0.94286
04,88,604,2,0.948885
04,88,613,1,0.97688
04,88,635,3,1.0
04,88,646,1,1.0
04,88,648,1,1.0
04,88,659,2,1.0
04,88,662,1,1.0
04,88,665,3,1.0
04,88,685,1,1.0
04,88,689,1,1.0
04,88,691,3,1.0
04,88,701,1,0.98278
04,88,711,1,0.97275
04,88,722,1,0.80889
04,88,729,1,0.80182
04,88,739,7,0.6066
04,88,749,3,0.6324566666666667
04,88,765,1,0.6461
04,88,769,1,0.62793
04,88,771,1,0.6231
04,88,774,2,0.608175
04,88,777,1,0.60293
04,88,780,1,0.59431
04,88,842,1,0.52047
04,88,844,7,0.5102385714285714
04,88,852,1,0.49369
04,88,855,6,0.49369
04,88,863,1,0.49369
04,88,865,2,0.49369
04,88,871,1,0.49369
04,88,873,1,0.49369
04,88,881,1,0.44178
04,88,978,1,0.36781
04,88,980,6,0.34425666666666666
04,88,990,1,0.3471
04,88,1027,3,0.9623566666666666
04,89,4,6,0.274485
04,89,13,18,0.23604833333333333
04,89,32,2,0.45516999999999996
04,89,36,3,0.61914
04,89,40,1,0.72605
04,89,53,1,1.0
04,89,186,9,0.4027277777777778
04,89,196,2,0.47375500000000004
04,89,200,1,0.51401
04,89,226,8,0.16147250000000002
04,89,235,4,0.049335250000000004
04,89,241,10,0.11695390000000001
04,89,296,14,0.2563485714285714
04,89,315,6,0.30955666666666665
04,89,471,14,0.3358692857142857
04,89,557,1,0.29085
04,90,313,3,1.0
04,90,320,5,1.0
04,90,399,1,1.0
04,90,419,3,0.86318
04,90,424,2,1.0
04,90,428,9,1.0
04,90,438,4,0.996745
04,90,445,1,0.94262
04,90,477,4,0.494675
04,90,483,3,0.5272333333333333
04,90,532,2,1.0
04,90,535,1,1.0
04,90,550,3,1.0
04,90,554,2,1.0
04,90,557,8,1.0
04,90,566,7,1.0
04,90,574,3,1.0
04,90,578,1,1.0
04,90,580,3,1.0
04,90,584,1,1.0
04,90,586,3,1.0
04,90,591,2,1.0
04,90,594,2,0.99232
04,90,598,6,0.97059
04,90,605,2,0.95774
04,90,609,2,0.94694
04,90,612,1,0.94118
04,90,634,1,0.84442
04,90,638,1,0.8102
04,90,641,1,0.78367
04,90,650,2,0.72731
04,90,749,1,0.55148
04,90,754,1,0.49302
04,90,757,3,0.44923
04,90,761,1,0.41838
04,90,766,2,0.33582999999999996
04,90,770,1,0.30758
04,90,773,21,0.2997095238095238
04,90,795,1,0.315
04,90,800,2,0.29829
04,90,813,1,0.25444
04,90,815,20,0.272567
04,90,839,1,0.33287
04,90,841,2,0.329275
04,90,844,9,0.32482444444444447
04,90,862,1,0.3212
04,90,916,1,0.27299
04,90,971,1,0.84104
04,90,1013,1,0.99536
04,90,1016,1,1.0
04,90,1021,1,1.0
04,90,1040,1,1.0
04,90,1045,1,1.0
04,91,11,1,0.40206
04,91,25,3,0.4336
04,91,29,1,0.42789
04,91,31,21,0.35765142857142856
04,91,53,1,0.26141
04,91,55,2,0.29407
04,91,60,1,0.34991
04,91,63,17,0.38697705882352945
04,91,98,1,0.30122
04,91,101,1,0.28075
04,91,103,5,0.29716
04,91,111,2,0.30296999999999996
04,91,114,19,0.362838947368421
04,91,134,9,0.35187666666666667
04,91,144,3,0.3380366666666667
04,91,148,6,0.33371833333333334
04,91,155,2,0.33488
04,91,158,10,0.36436999999999997
04,91,169,5,0.37122
04,91,176,2,0.375275
04,91,179,1,0.37841
04,91,183,1,0.38092
04,91,189,1,0.38131
04,91,193,1,0.38083
04,91,196,2,0.38103
04,91,199,9,0.3833433333333333
04,91,210,4,0.38475
04,91,216,2,0.37765
04,91,223,1,0.35671
04,91,226,5,0.353578
04,91,232,2,0.35634
04,91,235,4,0.36102999999999996
04,91,240,2,0.36556500000000003
04,91,244,19,0.35985789473684204
04,91,264,17,0.36106176470588236
04,91,282,4,0.38506
04,91,287,10,0.36669999999999997
04,91,298,9,0.3458088888888889
04,91,309,19,0.2978236842105263
04,91,329,62,0.26904016129032254
04,91,392,4,0.32626249999999996
04,91,398,3,0.3583233333333333
04,91,402,7,0.38372999999999996
04,91,410,3,0.3873166666666667
04,91,414,27,0.39896185185185185
04,91,442,2,0.35817
04,91,445,8,0.32474125
04,91,454,7,0.2500885714285715
04,91,462,8,0.184295
04,91,472,17,0.1406335294117647
04,91,490,2,0.13221
04,91,494,37,0.1281667567567567
04,91,532,14,0.10125921428571429
04,91,547,15,0.176426
04,91,563,5,0.221346
04,91,569,1,0.22823
04,91,571,5,0.233148
04,91,578,4,0.24298
04,91,583,5,0.255264
04,91,590,2,0.24577
04,91,594,7,0.24560999999999997
04,91,602,2,0.2646
04,91,606,7,0.21895857142857147
04,91,614,21,0.1380452380952381
04,91,638,8,0.15869125
04,91,647,1,0.22475
04,91,649,10,0.24329300000000004
04,91,661,1,0.1913
04,91,663,2,0.23431
04,91,668,17,0.2904723529411765
04,91,686,3,0.2491266666666667
04,91,690,1,0.23036
04,91,694,2,0.23279
04,91,697,4,0.2495675
04,91,702,9,0.23821444444444445
04,91,712,10,0.216867
04,91,723,6,0.22242166666666666
04,91,730,9,0.2221511111111111
04,91,746,3,0.20010333333333333
04,91,752,7,0.18257142857142858
04,91,760,5,0.16960599999999998
04,91,766,3,0.16896666666666668
04,91,770,1,0.16738
04,91,772,2,0.18167
04,91,778,2,0.21267999999999998
04,91,781,6,0.22494333333333336
04,91,789,10,0.227238
04,91,800,10,0.260965
04,91,811,2,0.26832999999999996
04,91,814,2,0.275175
04,91,817,4,0.2337775
04,91,822,3,0.23048000000000002
04,91,827,1,0.22976
04,91,832,1,0.23071
04,91,839,3,0.21682666666666664
04,91,843,1,0.2181
04,91,851,1,0.21036
04,91,853,7,0.2045414285714286
04,91,861,2,0.19679
04,91,864,1,0.19
04,91,867,1,0.18321
04,91,872,1,0.17643
04,91,876,3,0.16738
04,91,880,1,0.16286
04,91,883,1,0.16964
04,91,885,142,0.23383063380281693
04,91,1030,2,0.31811999999999996
04,92,27,1,0.93617
04,92,302,1,0.95674
04,92,323,1,0.94085
04,92,333,3,0.9461200000000001
04,92,337,1,0.94742
04,92,348,1,0.93788
04,92,354,1,0.92373
04,92,366,2,0.94989
04,92,396,1,0.91026
04,92,423,5,0.679554
04,92,431,2,0.652255
04,92,442,1,0.7227
04,92,444,2,0.743235
04,92,447,1,0.76672
04,92,460,1,0.87847
04,92,465,2,0.9210400000000001
04,92,470,1,0.95853
04,92,477,1,0.96698
04,92,480,1,0.96698
04,92,482,1,0.96698
04,92,484,2,0.96646
04,92,488,1,0.96646
04,92,492,1,0.96646
04,92,494,4,0.96646
04,92,504,1,0.96646
04,92,506,1,0.96646
04,92,554,2,0.96418
04,92,560,2,0.9476100000000001
04,92,563,1,0.93841
04,92,565,1,0.93349
04,92,570,2,0.9085000000000001
04,92,596,1,0.77549
04,92,612,1,0.76808
04,92,618,1,0.68018
04,92,645,1,0.56503
04,92,648,2,0.549625
04,92,651,2,0.534165
04,92,655,1,0.51642
04,92,657,2,0.5100199999999999
04,92,661,1,0.50222
04,92,663,1,0.50919
04,92,667,1,0.51049
04,92,669,4,0.5144150000000001
04,92,676,2,0.5487299999999999
04,92,679,2,0.56584
04,92,682,2,0.58704
04,92,685,2,0.608395
04,92,688,2,0.6323749999999999
04,92,692,1,0.66049
04,92,706,1,0.71989
04,92,708,1,0.72076
04,92,710,1,0.70806
04,92,712,1,0.7052
04,92,715,1,0.68641
04,92,721,1,0.64439
04,92,723,1,0.6411
04,92,727,1,0.62098
04,92,736,1,0.56902
04,92,754,1,0.66227
04,92,765,3,0.8102266666666668
04,92,787,2,0.93805
04,92,790,1,0.93805
04,92,796,2,0.93659
04,92,801,1,0.93561
04,92,818,7,0.9838571428571429
04,92,826,1,1.0
04,92,852,1,1.0
04,92,862,1,1.0
04,92,870,3,1.0
04,92,880,1,1.0
04,92,952,2,1.0
04,92,960,2,0.99517
04,92,963,2,0.99505
04,92,970,1,0.99505
04,92,981,3,0.99737
04,92,986,1,0.99724
04,93,11,1,0.46786
04,93,26,1,0.50473
04,93,35,1,0.53594
04,93,44,2,0.53725
04,93,67,1,0.62366
04,93,74,1,0.64823
04,93,80,3,0.68027
04,93,86,1,0.65435
04,93,91,1,0.63762
04,93,110,3,0.5656533333333332
04,93,120,1,0.55271
04,93,298,1,0.32823
04,93,307,1,0.2973
04,93,313,1,0.30903
04,93,318,4,0.27536000000000005
04,93,324,2,0.27014
04,93,327,2,0.273235
04,93,330,3,0.28343
04,93,336,1,0.30229
04,93,338,10,0.319671
04,93,349,5,0.32272
04,93,356,1,0.31051
04,93,359,3,0.30000666666666664
04,93,363,1,0.31142
04,93,365,1,0.30891
04,93,368,9,0.31935
04,93,379,2,0.25037
04,93,382,14,0.20378857142857143
04,93,397,26,0.13072923076923076
04,93,428,3,0.18959
04,93,433,9,0.2080522222222222
04,93,443,1,0.27336
04,93,446,1,0.29399
04,93,448,12,0.25132916666666666
04,93,461,4,0.19818000000000002
04,93,467,3,0.20685333333333333
04,93,471,6,0.2306
04,93,478,2,0.25752
04,93,481,1,0.25241
04,93,483,1,0.25673
04,93,486,1,0.27051
04,93,489,3,0.2695
04,93,493,1,0.27223
04,93,498,6,0.26663333333333333
04,93,505,1,0.24214
04,93,507,47,0.15235340425531912
04,93,556,4,0.134875
04,93,562,1,0.15517
04,93,564,1,0.16847
04,93,566,4,0.19465
04,93,572,24,0.1763241666666667
04,93,597,10,0.166122
04,93,608,3,0.19360999999999998
04,93,653,1,0.27589
04,93,659,2,0.275305
04,93,662,1,0.2761
04,93,664,3,0.2761
04,93,668,1,0.2761
04,93,673,2,0.26279
04,93,678,1,0.26279
04,93,681,1,0.26279
04,93,684,1,0.26455
04,93,687,1,0.27805
04,93,690,2,0.2848
04,93,693,3,0.29262666666666665
04,93,698,3,0.31191
04,93,702,4,0.3351375
04,93,709,1,0.3752
04,93,807,1,0.42473
04,93,835,1,0.47359
04,93,851,1,0.4163
04,93,858,1,0.38318
04,93,868,1,0.38666
04,93,873,1,0.39809
04,93,876,1,0.40912
04,93,936,1,0.3583
04,93,951,1,0.37035
04,93,958,1,0.32322
04,93,962,1,0.32412
04,93,965,3,0.32412
04,93,987,1,0.3895
04,94,3,1,0.084546
04,94,5,6,0.07522416666666668
04,94,12,14,0.0685515
04,94,27,8,0.07061324999999999
04,94,36,8,0.080683
04,94,46,21,0.10005752380952379
04,94,68,6,0.12108666666666666
04,94,75,5,0.117364
04,94,83,3,0.11170999999999999
04,94,87,4,0.09957075000000001
04,94,92,18,0.0787423888888889
04,94,113,7,0.08546514285714286
04,94,121,140,0.14830235714285714
04,94,262,9,0.14535555555555557
04,94,272,2,0.12579
04,94,275,38,0.14214763157894733
04,94,316,4,0.2412475
04,94,326,2,0.341835
04,94,349,1,0.43133
04,94,351,1,0.44571
04,94,364,2,0.323265
04,94,374,2,0.215715
04,94,417,1,0.21905
04,94,422,1,0.22172
04,94,444,1,0.22969
04,94,446,1,0.19677
04,94,451,1,0.16111
04,94,453,1,0.15907
04,94,492,2,0.19658
04,94,495,1,0.20021
04,94,497,7,0.21173857142857141
04,94,506,26,0.2909519230769231
04,94,534,1,0.29421
04,94,536,15,0.27316799999999997
04,94,553,1,0.25439
04,94,556,1,0.25439
04,94,565,1,0.26036
04,94,573,3,0.26036
04,94,577,5,0.241514
04,94,583,1,0.25313
04,94,585,3,0.2408566666666667
04,94,589,3,0.23317333333333334
04,94,593,1,0.23008
04,94,596,3,0.23007999999999998
04,94,601,1,0.23008
04,94,604,1,0.29513
04,94,606,3,0.3463433333333333
04,94,650,1,0.32244
04,94,813,3,0.21642333333333333
04,94,835,4,0.20099250000000002
04,94,853,1,0.19534
04,94,856,1,0.18752
04,94,861,9,0.1710422222222222
04,94,874,1,0.16298
04,94,879,1,0.16548
04,94,881,1,0.1614
04,94,883,34,0.16258058823529414
04,94,918,1,0.19086
04,94,945,3,0.19495333333333334
04,94,949,1,0.20214
04,95,252,6,0.12529500000000002
04,95,259,1,0.13446
04,95,261,1,0.1387
04,95,263,1,0.14295
04,95,265,2,0.1472
04,95,270,2,0.158685
04,95,273,2,0.16168
04,95,282,7,0.17185000000000003
04,95,290,8,0.17693
04,95,299,4,0.178335
04,95,304,3,0.18225000000000002
04,95,308,1,0.18563
04,95,310,7,0.1864542857142857
04,95,318,8,0.17604625000000002
04,95,328,21,0.09693838095238091
04,95,350,1,0.092542
04,95,352,12,0.0963175
04,95,366,8,0.078535125
04,95,376,41,0.08101236585365855
04,95,418,3,0.11903000000000001
04,95,423,21,0.10804195238095238
04,95,445,1,0.097802
04,95,447,4,0.0901515
04,95,452,1,0.088811
04,95,454,41,0.09177095121951219
04,95,496,1,0.12053
04,95,504,2,0.14252
04,95,548,1,0.25081
04,95,551,2,0.253725
04,95,554,11,0.26687181818181815
04,95,566,8,0.28308374999999997
04,95,576,1,0.28822
04,95,582,1,0.29766
04,95,584,2,0.29766
04,95,594,2,0.31099
04,95,599,2,0.28117
04,95,602,4,0.216415
04,95,607,43,0.14816441860465113
04,95,651,15,0.16231533333333334
04,95,667,55,0.18420236363636358
04,95,723,26,0.2074580769230769
04,95,750,4,0.23445
04,95,755,2,0.24601
04,95,760,1,0.25589
04,95,762,4,0.2650325
04,95,768,2,0.27615
04,95,771,2,0.26909
04,95,826,1,0.16901
04,95,828,4,0.15987
04,95,833,4,0.1552675
04,95,839,1,0.15301
04,95,841,1,0.15386
04,95,843,3,0.16427999999999998
04,95,1028,1,0.42199
04,96,4,23,0.19278478260869567
04,96,28,1,0.16411
04,96,30,100,0.12398789
04,96,131,1,0.3003
04,96,133,1,0.28422
04,96,140,4,0.244045
04,96,148,1,0.20386
04,96,150,152,0.1606259868421053
04,96,304,85,0.08735735647058826
04,96,390,1,0.23093
04,96,415,1,0.20217
04,96,421,1,0.19061
04,96,450,1,0.21274
04,96,472,2,0.16241
04,96,475,1,0.16467
04,96,479,1,0.16467
04,96,486,2,0.16467
04,96,493,1,0.16467
04,96,505,1,0.16467
04,96,509,1,0.16467
04,96,514,1,0.16467
04,96,517,3,0.16467
04,96,521,1,0.16467
04,96,523,1,0.16467
04,96,532,5,0.16512200000000002
04,96,538,18,0.16076999999999997
04,96,559,7,0.12132857142857144
04,96,567,133,0.0160656807518797
04,96,701,134,0.029065626865671646
04,96,836,32,0.16436531250000003
04,96,869,4,0.2131675
04,96,874,2,0.192935
04,96,877,59,0.07768472881355931
04,96,937,21,0.05223795238095238
04,97,334,2,0.57143
04,97,619,3,0.52469
04,98,150,2,0.266455
04,98,154,1,0.319
04,98,236,1,0.31146
04,98,347,2,0.472665
04,98,351,13,0.3845623076923077
04,98,366,1,0.35818
04,98,369,1,0.36645
04,98,371,3,0.3450933333333333
04,98,375,4,0.349685
04,98,380,2,0.34672000000000003
04,98,383,1,0.38596
04,98,386,1,0.4386
04,99,328,1,0.50263
04,99,333,2,0.48387
04,99,599,1,0.49124
04,99,606,1,0.44691
04,99,691,1,0.3625
04,99,694,1,0.34417
04,99,703,7,0.17859999999999995
04,100,644,2,0.565395
04,100,648,1,0.60246
04,100,650,1,0.61748
04,103,1014,1,0.83128
04,103,1020,1,0.87268
04,103,1032,1,0.91604
04,103,1036,6,0.9502366666666666
04,103,1043,1,0.964
04,104,1005,9,0.19931666666666667
04,104,1015,5,0.304826
04,104,1021,11,0.38503818181818183
04,104,1033,3,0.37833999999999995
04,104,1042,1,0.18824
04,106,238,8,0.36801875
04,106,247,1,0.37655
04,106,399,4,0.48398250000000004
04,106,406,22,0.32392181818181814
04,106,433,1,0.50482
04,106,989,1,0.59732
04,108,781,1,0.21304
04,108,788,2,0.24283500000000002
04,108,791,2,0.25928
04,108,796,2,0.29535
04,108,822,1,0.14916
04,108,824,1,0.14306
04,108,826,5,0.14685600000000001
04,108,832,3,0.24717333333333333
04,111,422,2,0.38224
04,115,914,15,0.39113466666666674
04,115,930,19,0.40305210526315793
04,115,951,2,0.37070000000000003
04,115,959,3,0.4102866666666667
04,115,966,14,0.3244964285714286
04,115,981,2,0.2415
04,115,984,4,0.2513225
04,115,992,1,0.27211
04,115,1001,1,0.33451
04,115,1006,7,0.34712714285714286
04,115,1016,8,0.35277875000000003
04,115,1025,10,0.352001
04,115,1037,1,0.34929
04,115,1040,1,0.34733
04,115,1043,1,0.34314
04,115,1046,1,0.34118
04,115,1049,1,0.34118
04,117,820,1,0.48231
04,117,832,1,0.49887
04,117,839,2,0.50147
04,117,969,1,0.7372
04,117,972,3,0.7280099999999999
04,117,976,1,0.74271
04,117,1029,11,0.3217027272727273
04,117,1044,2,0.292505
04,117,1047,3,0.46764
04,118,148,4,0.4388125
04,118,394,1,1.0
04,118,398,4,1.0
04,118,403,1,1.0
04,118,416,1,1.0
04,118,438,1,1.0
04,118,455,1,1.0
04,118,459,1,1.0
04,118,461,1,1.0
04,118,464,3,1.0
04,118,600,1,0.66197
04,119,387,1,0.43805
04,119,389,5,0.368958
04,119,395,1,0.37624
04,119,404,9,0.5048066666666666
04,119,421,5,0.1267172
04,119,427,2,0.0124135
04,119,431,1,0.0060606
04,119,435,4,0.06863215
04,119,440,1,0.25257
04,119,459,1,0.29379
04,119,461,3,0.32093333333333335
04,119,631,2,0.54224
04,119,637,2,0.43248
04,120,426,1,0.83467
04,120,429,2,0.747135
04,120,432,3,0.6689833333333333
04,120,441,1,0.39009
04,120,443,3,0.3429966666666666
04,120,447,5,0.18048800000000004
04,120,588,1,0.35815
04,120,602,2,0.25184
04,120,619,2,0.18418
04,120,623,1,0.18354
04,121,452,1,0.57446
04,121,454,1,0.52766
04,121,456,3,0.45524666666666663
04,121,460,1,0.41438
04,121,462,2,0.42615499999999995
04,121,535,1,0.55556
04,121,537,2,0.5
04,122,247,3,1.0
04,122,251,1,1.0
04,122,263,1,1.0
04,122,320,2,0.673355
04,122,325,1,0.62963
04,122,330,1,0.59091
04,122,337,2,0.563625
04,123,252,1,0.52684
04,123,257,1,0.4488
04,123,259,1,0.41626
04,123,262,1,0.36041
04,123,265,3,0.2894466666666667
04,123,269,8,0.36933249999999995
04,123,279,7,0.4680671428571429
04,123,287,2,0.40258499999999997
04,123,290,2,0.40686
04,123,296,1,0.43647
04,123,300,1,0.46674
04,123,302,1,0.50234
04,123,355,1,0.42045
04,124,349,2,0.457855
04,124,352,2,0.47082
04,124,363,1,0.497
04,124,366,1,0.51439
04,124,368,1,0.50195
04,124,370,3,0.49050666666666665
04,124,374,2,0.480215
04,124,377,1,0.47047
04,125,342,11,0.5252309090909091
04,125,354,1,0.55561
04,125,531,1,0.3855
04,125,536,3,0.31964
04,125,541,1,0.27425
04,125,544,3,0.24559666666666666
04,125,548,4,0.24585500000000002
04,125,553,2,0.250655
04,125,556,2,0.26737
04,125,559,9,0.2950088888888889
04,125,569,12,0.29585749999999994
04,126,811,2,0.18247
04,126,816,10,0.18879300000000002
04,126,837,2,0.139305
04,126,840,1,0.13931
04,126,842,1,0.15117
04,126,846,5,0.163084
04,126,852,3,0.18219333333333332
04,126,861,2,0.26595500000000005
04,126,867,1,0.3111
04,126,869,1,0.3301
04,127,888,7,0.4354114285714286
04,127,985,1,0.44968
04,127,990,6,0.3854633333333333
04,127,997,3,0.3748066666666667
04,128,908,1,0.28357
04,128,910,1,0.27444
04,128,938,1,0.39359
04,129,986,2,0.134845
04,129,1001,1,0.3468
04,129,1018,1,0.384
04,129,1021,1,0.38953
04,129,1024,2,0.33735
04,129,1027,3,0.3374433333333333
04,129,1031,4,0.31125749999999996
04,129,1038,3,0.27685
04,129,1042,1,0.26999
04,130,1022,2,0.06274450000000001
04,130,1026,1,0.071975
04,130,1030,1,0.080788
04,130,1037,1,0.1142
04,130,1043,2,0.15402
04,130,1049,1,0.16732
04,131,613,6,0.05828116666666666
04,131,620,5,0.08264780000000001
04,131,631,3,0.15354666666666666
04,131,635,5,0.23765199999999997
04,131,651,1,0.21392
04,131,657,7,0.13503857142857142
04,131,665,18,0.1621553888888889
04,132,619,1,0.55796
04,132,630,1,0.61969
04,132,640,1,0.63815
04,132,645,1,0.71198
04,132,647,1,0.75718
04,132,650,1,0.78448
04,132,664,1,0.82118
04,132,667,4,0.8004325
04,132,672,4,0.8067175
04,132,678,4,0.8084975000000001
04,132,684,4,0.8142725
04,132,689,22,0.8334881818181817
04,132,712,3,0.8354166666666667
04,132,718,4,0.8515625
04,132,723,10,0.858319
04,132,734,19,0.7774557894736841
04,132,757,6,0.7424866666666666
04,132,764,5,0.814972
04,132,770,1,0.86168
04,132,772,4,0.85701
04,132,777,3,0.84571
04,132,782,5,0.89937
04,132,789,2,0.91808
04,132,794,3,0.9299766666666667
04,132,798,3,0.9382833333333332
04,132,802,1,0.93616
04,132,804,11,0.9217772727272727
04,132,819,1,0.93465
04,132,827,3,0.92907
04,132,831,1,0.93643
04,132,834,10,0.9452389999999999
04,132,845,7,0.9354028571428571
04,132,853,1,0.94001
04,132,856,1,0.9483
04,132,859,2,0.957955
04,132,865,1,0.96777
04,132,878,1,0.97501
04,132,881,1,0.97951
04,132,885,1,0.98861
04,132,895,1,1.0
04,132,902,2,1.0
04,132,911,1,0.9908
04,132,915,1,0.98482
04,132,928,2,0.97089
04,132,932,1,0.96922
04,133,574,1,0.48014
04,133,612,1,0.59815
04,133,619,1,0.61459
04,133,625,5,0.6220040000000001
04,133,634,1,0.61392
04,134,613,6,0.003923
04,134,620,10,0.018441000000000003
04,134,631,9,0.005963711111111111
04,134,641,4,0.003598225
04,134,646,1,0.0022489
04,134,648,2,0.00089955
04,134,651,13,0.052328999999999994
04,134,665,2,0.026718
04,134,671,1,0.049673
04,134,676,2,0.116375
04,134,682,2,0.18701
04,134,688,1,0.15861
04,134,711,1,0.10853
04,134,715,3,0.13729
04,134,722,1,0.090323
04,134,733,1,0.090323
04,134,753,4,0.09838799999999999
04,134,763,1,0.10968
04,134,769,1,0.10968
04,134,771,1,0.10968
04,134,776,1,0.12179
04,134,780,2,0.11838
04,134,787,2,0.11818000000000001
04,134,791,3,0.11738333333333334
04,134,797,1,0.1102
04,134,801,1,0.098765
04,134,803,1,0.098765
04,134,815,4,0.1447625
04,134,820,7,0.13374714285714284
04,134,830,1,0.12281
04,134,832,2,0.12281
04,134,844,1,0.12353
04,134,852,1,0.12318
04,134,854,2,0.12542999999999999
04,134,857,2,0.13325
04,134,861,4,0.15426499999999999
04,134,866,12,0.19692166666666666
04,134,879,2,0.23252
04,134,882,3,0.2600766666666667
04,134,886,9,0.2786455555555556
04,134,896,6,0.25467500000000004
04,134,904,7,0.1971514285714286
04,134,912,3,0.1310933333333333
04,134,916,12,0.13303041666666665
04,134,930,2,0.31488499999999997
04,134,933,4,0.3995225
04,141,639,1,0.27609
04,141,641,2,0.323925
04,141,646,4,0.540275
04,141,653,2,0.6790849999999999
04,141,659,1,0.79452
04,141,662,3,0.7655166666666666
04,141,667,1,0.73103
04,141,673,2,0.70139
05,1,302,5,0.17154660000000002
05,2,53,1,0.10078
05,2,56,2,0.135985
05,2,59,1,0.14085
05,2,65,3,0.17508333333333334
05,2,75,1,0.2197
05,2,86,1,0.23077
05,2,88,1,0.17308
05,2,136,2,0.33562000000000003
05,2,139,1,0.37671
05,2,148,1,0.41781
05,2,153,1,0.43836
05,2,262,4,0.0625
05,2,271,8,0.08557375
05,2,289,1,0.13333
05,2,291,1,0.25
05,2,294,1,0.25
05,2,299,10,0.026330199999999998
05,2,315,8,0.07776087500000001
05,3,21,1,0.0
05,4,24,1,0.0
05,4,26,2,0.0
05,4,29,1,0.0
05,5,13,1,0.11384
05,5,15,3,0.10445433333333333
05,5,21,4,0.0
05,5,27,1,0.0
05,5,31,1,0.0
05,6,25,13,0.0
05,6,42,4,0.46573
05,6,48,1,0.0
05,6,50,4,0.0
05,8,169,9,0.1111111111111111
05,9,72,2,0.32051
05,9,75,1,0.37037
05,9,77,1,0.37037
05,9,80,1,0.0
05,9,83,8,0.0
05,9,92,1,0.0
05,9,94,1,0.5
05,9,97,1,0.48148
05,9,102,1,0.16133
05,9,114,10,0.023333
05,9,129,1,0.2
05,9,131,6,0.15
05,9,139,2,0.1
05,9,142,1,0.066667
05,9,148,1,0.033333
05,12,171,1,0.0
05,12,173,5,0.0
05,12,199,6,0.43589999999999995
05,13,187,1,0.26667
05,13,189,1,0.33333
05,13,191,2,0.433335
05,13,195,7,0.26313078571428566
05,14,19,1,0.0
05,14,29,1,0.0
05,14,43,3,0.0
05,14,47,113,0.0
05,14,163,1,0.82857
05,14,166,1,0.74286
05,14,171,7,0.0
05,14,189,2,0.471425
05,14,195,2,0.414285
05,14,200,1,0.36111
05,14,204,1,0.31429
05,14,210,1,0.22857
05,14,213,1,0.25714
05,14,215,2,0.30000000000000004
05,14,234,1,0.40541
05,15,239,16,0.085649375
05,15,256,1,0.98305
05,16,235,1,0.5122
05,16,238,7,0.14862442857142857
05,20,256,8,0.0663225
05,22,252,2,0.098919
05,24,254,3,0.9353466666666667
05,25,257,1,0.0
05,25,259,1,0.0
05,25,261,3,0.0
05,25,265,19,0.014803157894736843
05,26,258,1,0.0
05,26,260,1,0.0
05,26,264,1,0.0
05,26,266,1,0.0
05,26,269,17,0.07651941176470588
05,28,278,6,0.05681866666666666
05,28,289,10,0.11118573999999999
05,28,300,1,0.0
05,29,273,4,0.09859325
05,29,280,2,0.0
05,29,285,1,0.32075
05,29,292,1,0.28409
05,29,294,8,0.052325874999999994
05,30,282,6,0.28447166666666673
05,31,298,10,0.056486
05,31,309,2,0.22841
05,31,312,2,0.24798000000000003
05,31,315,8,0.17294374999999998
05,31,324,2,0.09375
05,31,329,1,0.0
05,31,332,1,0.17442
05,31,338,5,0.34425
05,33,320,2,0.42919
05,33,323,6,0.31756833333333334
05,35,308,15,0.011539446666666668
05,36,322,1,1.0
05,38,304,6,0.27887449999999997
05,38,311,3,0.12313933333333334
05,38,328,6,0.10033266666666668
05,38,440,4,0.0
05,41,324,5,0.0493004
05,41,330,9,0.03322646666666666
05,41,344,7,0.32230857142857144
05,42,329,13,0.3298569230769231
05,42,440,5,0.0
05,43,329,1,0.0
05,44,355,8,0.06751375
05,47,349,23,0.0574108695652174
05,48,396,2,1.0
05,48,402,2,1.0
05,48,405,1,1.0
05,48,409,1,1.0
05,48,420,1,1.0
05,48,429,2,1.0
05,48,432,1,1.0
05,48,439,6,0.16666666666666666
05,48,455,1,0.22727
05,48,458,3,0.13942866666666667
05,49,381,1,0.34375
05,49,386,1,0.40741
05,49,388,1,0.64286
05,49,394,2,0.31994
05,49,398,4,0.2488375
05,49,404,1,0.33072
05,49,407,1,0.34211
05,49,410,2,0.34339
05,49,413,2,0.38315
05,49,417,1,0.48571
05,49,419,1,0.37931
05,49,421,1,0.27586
05,49,423,1,0.26087
05,49,425,4,0.4694725
05,49,431,1,0.24353
05,49,433,4,0.15562
05,49,438,6,0.0
05,49,445,6,0.3171933333333333
05,49,457,1,0.55
05,49,459,1,0.33487
05,52,516,10,0.0
05,53,452,1,0.27673
05,53,454,1,0.25
05,53,458,6,0.3298466666666666
05,53,520,1,0.30303
05,53,522,6,0.0
05,53,564,4,0.2080245
05,53,573,3,0.06714666666666667
05,53,577,1,0.0
05,53,586,1,0.32026
05,54,418,22,0.006198181818181819
05,54,480,17,0.15806523529411765
05,54,510,1,0.0
05,54,512,28,0.007164642857142857
05,54,541,3,0.05128333333333333
05,54,545,2,0.0
05,54,549,1,0.23529
05,54,562,5,0.0
05,54,568,5,0.1508008
05,54,574,10,0.139002
05,54,585,1,0.31944
05,54,587,1,0.38235
05,54,595,1,0.39726
05,55,509,1,0.43889
05,55,523,1,0.375
05,58,533,1,0.325
05,60,555,6,0.00054945
05,60,576,1,0.69622
05,66,712,1,0.06
05,66,715,1,0.34694
05,66,723,1,0.3353
05,67,613,1,0.44828
05,67,659,1,0.55224
05,67,661,1,0.35088
05,67,669,1,0.44737
05,67,672,1,0.34921
05,67,679,1,0.013714
05,67,687,1,0.44828
05,67,689,2,0.390875
05,71,780,43,0.03912267441860465
05,75,684,7,0.060317
05,75,692,8,0.2114065
05,77,695,10,0.1327134
05,78,696,1,0.41509
05,83,757,23,0.10518982608695651
05,84,750,11,0.06909090909090909
05,84,763,2,0.0
05,84,766,3,0.0
05,84,770,16,0.10675018750000001
05,85,746,7,0.023324285714285714
05,85,755,1,0.52273
05,87,743,1,0.32173
05,87,764,1,0.47273
05,89,758,5,0.0
05,89,776,6,0.46298833333333334
05,94,788,2,0.003383
05,94,791,1,0.0097459
05,94,793,7,0.24803642857142857
05,96,768,1,0.13793
05,96,770,8,0.0008366
05,96,782,3,0.28827733333333333
05,98,755,7,0.0
05,98,765,1,1.0
05,98,769,1,0.96552
05,98,771,3,0.044443333333333335
05,98,781,9,0.05499333333333334
05,98,791,6,0.0
05,98,805,3,0.6202133333333334
05,98,831,4,0.13960425
05,99,808,9,0.3197611222222222
05,103,818,1,0.0
05,107,78,2,0.38
05,107,81,3,0.0
05,107,85,1,0.0
05,107,88,1,0.0
05,107,91,1,0.0
05,107,96,1,0.33333
05,107,103,3,0.2904933333333333
05,107,113,1,0.0
05,107,115,5,0.0
05,107,122,1,0.0
05,107,124,5,0.20833
05,107,137,2,0.16667
05,107,141,1,0.16667
05,107,143,4,0.21375
05,107,149,11,0.04727272727272727
05,107,163,2,0.25862
05,107,167,3,0.25862
05,107,171,2,0.17857499999999998
05,107,174,4,0.026785
05,107,179,3,0.0
05,107,186,1,0.2963
05,107,188,1,0.30769
05,107,190,1,0.30769
05,107,193,3,0.23660333333333336
05,107,199,1,0.10345
05,107,202,1,0.14815
05,109,621,1,0.092308
05,109,623,11,0.007552545454545454
05,109,635,2,0.0172415
05,109,638,2,0.0930065
05,109,642,2,0.08555499999999999
05,109,645,1,0.2
05,109,649,1,0.073171
05,109,651,28,0.005570964285714286
05,110,793,2,0.44933
05,110,796,1,0.54545
05,110,803,1,0.35799
05,110,805,1,0.22374
05,110,810,1,0.15414
05,110,812,3,0.004388066666666667
05,110,816,1,0.072307
05,117,19,6,0.0
05,117,26,3,0.0
05,117,32,3,1.0
05,117,40,2,0.0
05,117,43,2,0.0
05,117,46,3,0.0
05,117,52,33,0.03487878787878788
05,125,261,18,0.035842000000000006
05,127,379,2,0.414605
05,128,435,6,0.041174999999999996
05,128,506,12,0.06507500000000001
05,128,671,1,0.50505
05,128,673,1,0.48208
05,128,677,3,0.4910133333333333
05,128,681,24,0.44197083333333337
05,129,626,1,0.47123
05,131,714,13,0.02344
05,136,723,6,0.8600283333333333
05,140,141,1,0.63158
05,140,144,10,0.036842
05,140,168,1,1.0
05,140,171,2,0.0
05,140,175,1,0.0
05,140,177,1,0.94737
05,144,385,3,0.8274433333333334
05,144,392,1,0.91892
05,144,395,1,1.0
05,145,382,2,0.9583349999999999
05,145,389,1,1.0
05,145,399,4,1.0
10,2,14,11,0.12121127272727272
10,2,416,28,0.11135985714285715
10,2,445,1,0.26984
10,4,117,1,0.79987
10,4,119,1,0.83989
10,4,154,1,1.0
10,4,160,1,1.0
10,4,162,1,1.0
10,4,175,1,1.0
10,4,186,2,1.0
10,4,191,1,1.0
10,4,206,4,0.93045
10,4,214,1,1.0
10,4,216,4,0.9712725
10,4,237,1,1.0
10,4,241,1,1.0
10,4,246,1,0.88679
10,4,248,1,0.90566
10,4,256,1,0.75439
10,4,261,1,0.71186
10,4,263,3,0.51093
10,4,276,1,0.45902
10,4,278,1,0.47368
10,4,280,4,0.42767749999999993
10,4,285,2,0.540985
10,4,288,1,0.44262
10,4,290,5,0.232118
10,4,296,1,0.3
10,4,305,2,0.38983
10,6,5,33,0.09032569696969697
10,6,39,6,0.2746383333333333
10,6,51,1,0.82609
10,6,53,2,0.813855
10,7,70,1,0.52778
10,9,146,1,0.4837
10,11,45,6,0.3589333333333333
10,11,52,1,0.45577
10,11,56,1,0.49576
10,11,94,29,0.10881265517241381
10,12,4,1,0.80597
10,12,7,2,0.7974
10,12,10,13,0.6120161538461539
10,12,24,45,0.18821439999999998
10,12,383,11,0.10880512727272727
10,13,26,1,1.0
10,13,85,1,1.0
10,13,90,1,1.0
10,13,100,1,1.0
10,13,105,2,0.918605
10,13,109,1,1.0
10,13,121,1,0.85366
10,13,131,1,0.2619
10,13,133,21,0.2045387142857143
10,13,155,5,0.0325584
10,13,161,1,0.069767
10,13,163,12,0.03645380833333333
10,13,177,9,0.09967255555555556
10,13,188,3,0.28091666666666665
10,13,192,4,0.3271025
10,13,197,9,0.2181122222222222
10,13,210,4,0.15457274999999998
10,13,215,1,0.0
10,13,220,2,0.321425
10,13,223,2,0.35960000000000003
10,13,226,2,0.391915
10,13,230,6,0.43138666666666664
10,13,238,1,0.40539
10,13,241,3,0.44444333333333336
10,13,245,1,0.27907
10,13,247,1,0.27273
10,13,249,7,0.2880528571428571
10,13,257,4,0.29040499999999997
10,13,266,1,0.35556
10,13,268,2,0.32222
10,13,271,1,0.5641
10,13,315,2,1.0
10,14,270,1,1.0
10,14,281,1,1.0
10,14,493,1,0.45161
10,14,495,1,0.35556
10,14,498,2,0.29776
10,14,501,33,0.047238999999999996
10,14,536,1,0.48386
10,15,34,23,0.019467695652173916
10,18,8,1,1.0
10,18,16,1,1.0
10,18,18,2,1.0
10,18,71,6,0.37150666666666665
10,18,78,7,0.3246357142857143
10,18,86,4,0.210685
10,18,91,9,0.012124222222222222
10,18,101,4,0.024387
10,18,107,2,0.0519055
10,18,110,6,0.029366166666666665
10,18,120,1,0.02301
10,18,122,29,0.0779445
10,18,155,1,0.48387
10,18,157,1,0.46875
10,18,159,1,0.63636
10,18,164,2,0.742855
10,18,167,3,0.21074666666666667
10,18,210,2,0.3245475
10,18,217,1,0.43612
10,18,219,1,0.6018
10,18,226,2,0.42902
10,18,230,2,0.400115
10,18,236,3,0.34149999999999997
10,18,242,3,0.20607666666666669
10,18,246,1,0.41146
10,18,265,5,0.69124
10,18,277,1,0.82857
10,18,280,1,0.98171
10,18,299,1,0.34702
10,18,306,1,0.31189
10,18,313,1,1.0
10,18,316,1,1.0
10,18,320,1,1.0
10,18,322,1,1.0
10,18,327,1,0.32996
10,18,333,1,1.0
10,18,335,1,1.0
10,18,337,1,1.0
10,18,363,1,1.0
10,18,365,2,1.0
10,18,372,1,1.0
10,18,381,1,1.0
10,18,385,3,1.0
10,18,401,5,1.0
10,18,413,1,1.0
10,18,415,1,1.0
10,18,425,1,1.0
10,18,437,1,1.0
10,18,439,1,1.0
10,18,441,1,1.0
10,18,448,1,1.0
10,18,482,3,1.0
10,18,489,1,1.0
10,18,497,2,1.0
10,18,503,1,1.0
10,18,510,1,1.0
10,23,11,2,0.21698
10,23,15,3,0.13292666666666667
10,23,19,50,0.0184752408
10,23,71,1,0.28571
10,23,89,21,0.0
10,23,119,1,1.0
10,23,160,1,1.0
10,23,247,1,0.19983
10,23,249,9,0.012745644444444445
10,23,259,8,0.04039625
10,23,285,2,0.73043
10,23,293,18,0.08579322222222223
10,23,313,1,0.57853
10,23,349,8,0.0540319375
10,23,358,23,0.025296565217391306
10,24,43,1,0.52632
10,24,96,20,0.13276375
10,24,118,1,0.27759
10,24,232,1,0.26018
10,24,234,17,0.088807
10,25,171,8,0.37132375
10,25,184,6,0.13150533333333334
10,25,191,74,0.0038527451351351356
10,25,270,7,0.2283455
10,25,278,2,0.0043211000000000005
10,25,281,18,0.42715644444444445
10,25,300,6,1.0
10,25,307,6,0.8333333333333334
10,25,314,2,0.060395000000000004
10,25,317,3,0.015873333333333333
10,25,321,1,0.14286
10,25,323,4,0.11710999999999999
10,25,328,5,0.0612408
10,25,334,1,0.16667
10,25,336,1,0.02381
10,25,338,25,0.21978208
10,25,364,1,0.28571
10,25,367,5,0.26008200000000004
10,25,373,8,0.18520000000000003
10,25,382,3,0.4569166666666667
10,25,388,13,0.06945623076923077
10,25,406,7,0.030012428571428572
10,25,414,1,0.038462
10,25,416,5,0.073832
10,25,422,3,0.21568666666666667
10,25,426,8,0.30745
10,25,436,1,0.36538
10,25,438,1,0.14545
10,25,440,1,0.21429
10,25,442,1,0.49153
10,25,444,1,0.47541
10,25,446,2,0.35519
10,25,449,1,0.3
10,25,451,4,0.3196025
10,25,457,1,0.41935
10,25,459,3,0.041188333333333334
10,25,466,1,0.34328
10,25,468,1,0.38806
10,25,476,6,0.2040483333333333
10,25,486,3,0.30711
10,25,490,4,0.3041375
10,25,495,2,0.32926500000000003
10,25,499,2,0.31293499999999996
10,25,504,4,0.315575
10,25,509,1,0.27059
10,25,511,1,0.28736
10,25,514,1,0.35955
10,25,518,2,0.353935
10,25,521,1,0.44944
10,25,523,1,0.40909
10,25,526,2,0.403295
10,25,531,1,0.3871
10,25,533,2,0.41359999999999997
10,25,542,2,0.41146
10,25,545,2,0.424065
10,26,7,1,0.42094
10,26,16,2,0.5178
10,26,20,5,0.164676
10,26,44,1,0.20381
10,26,46,1,0.26855
10,26,51,1,0.51724
10,26,54,40,0.059504282500000005
10,26,95,2,0.26916
10,26,102,2,0.578125
10,26,143,2,0.28607
10,26,146,42,0.08493804047619048
10,27,14,2,0.858725
10,27,18,2,0.9591149999999999
10,27,22,1,0.55072
10,27,25,1,0.54348
10,27,36,2,0.5857950000000001
10,28,18,1,0.54545
10,28,22,1,0.72727
10,28,36,1,1.0
10,28,43,1,0.85714
10,28,55,1,1.0
10,29,121,1,0.62857
10,29,258,1,0.65421
10,30,106,1,0.57143
10,30,113,2,0.703705
10,30,116,5,0.10370359999999998
10,30,161,1,0.78571
10,30,175,1,0.72414
10,30,179,1,0.58065
10,30,187,1,0.65625
10,30,201,1,0.625
10,30,204,3,0.65625
10,30,229,1,0.54762
10,30,243,2,0.4754
10,30,248,1,0.52083
10,30,278,1,0.5814
10,30,287,1,0.53061
10,30,289,1,0.53846
10,30,319,1,0.48485
10,30,322,1,1.0
10,30,324,1,1.0
10,30,328,2,0.385595
10,30,337,2,0.48005
10,31,188,29,0.018153903448275863
10,31,218,1,0.0
10,31,220,6,0.004094
10,31,228,2,0.1487805
10,31,234,1,0.6
10,31,239,3,0.275
10,31,244,1,0.15
10,31,246,39,0.012509205128205128
10,31,288,3,0.14340333333333333
10,31,292,1,0.32593
10,31,295,1,0.30461
10,31,298,2,0.397335
10,31,302,1,0.46667
10,31,314,2,0.652975
10,31,318,1,0.31517
10,31,320,1,0.30772
10,31,326,1,0.33405
10,31,340,2,0.405265
10,31,354,4,0.0529365
10,31,360,1,0.019378
10,31,363,2,0.22754000000000002
10,31,369,1,0.41339
10,31,372,1,0.22079
10,31,374,52,0.007962423076923077
10,32,212,4,0.38372249999999997
10,32,222,1,0.46512
10,32,225,1,0.34884
10,32,228,2,0.27907
10,32,234,7,0.0010441428571428572
10,32,242,6,0.0
10,32,249,5,0.0
10,32,255,10,0.0209297
10,32,266,2,0.36406000000000005
10,32,269,2,0.392855
10,32,276,1,1.0
10,32,278,1,1.0
10,32,280,1,1.0
10,32,285,1,0.34728
10,32,287,1,1.0
10,32,296,2,1.0
10,32,300,2,1.0
10,32,312,1,0.5641
10,32,316,1,0.19336
10,32,319,1,0.52893
10,32,323,1,0.54545
10,32,329,1,0.56667
10,32,339,1,0.48297
10,32,344,6,0.08230699999999999
10,32,352,1,0.25261
10,32,369,1,0.49907
10,32,374,42,0.0200145
10,33,399,2,0.28571
10,33,406,1,0.35714
10,33,429,2,0.55357
10,33,478,1,1.0
10,33,480,1,1.0
10,34,110,46,0.024540326086956527
10,34,191,1,0.25909
10,34,194,95,0.02009457894736842
10,34,291,1,0.31566
10,34,308,1,0.49242
10,34,310,5,0.480302
10,34,335,1,0.54545
10,34,342,2,0.533335
10,34,350,2,0.59418
10,34,353,1,0.60853
10,34,358,2,0.656025
10,34,365,19,0.030307263157894736
10,34,438,68,0.02275420588235294
10,34,507,2,0.130295
10,38,14,1,1.0
10,38,26,2,1.0
10,39,5,1,1.0
10,39,23,1,1.0
10,39,26,1,1.0
10,40,5,1,0.59091
10,40,19,1,1.0
10,41,13,1,0.71429
10,41,17,2,1.0
10,41,24,1,0.90476
10,41,28,1,1.0
10,41,54,1,1.0
10,41,72,24,0.11875000000000001
10,41,97,2,0.952915
10,41,100,5,0.890434
10,41,106,9,0.7664144444444445
10,41,116,62,0.23071070322580642
10,41,179,3,0.8916400000000001
10,41,186,2,0.94426
10,41,189,2,0.92761
10,42,51,1,0.45455
10,42,55,1,0.59091
10,43,121,1,0.88889
10,43,126,1,0.51852
10,43,146,1,0.5
10,43,151,3,0.34615
10,43,157,3,0.47436000000000006
10,43,163,1,0.33333
10,43,165,1,0.40741
10,43,174,1,0.55556
10,43,196,1,0.48148
10,44,135,1,0.93676
10,44,137,2,0.80481
10,44,141,1,0.68182
10,44,166,1,0.85561
10,44,170,1,0.98609
10,44,174,1,1.0
10,44,188,2,0.98064
10,44,198,1,0.9391
10,44,200,4,0.9401725
10,44,205,1,0.97329
10,44,208,1,0.90598
10,44,262,1,0.25115
10,45,122,1,0.11429
10,45,171,2,1.0
10,45,174,1,1.0
10,45,176,1,1.0
10,45,274,1,1.0
10,45,281,1,1.0
10,45,283,1,1.0
10,45,285,1,1.0
10,45,313,3,1.0
10,45,332,20,0.0877908015
10,47,525,1,0.33333
10,47,529,2,0.275865
10,47,532,36,0.023296166666666666
10,47,570,2,0.580675
10,48,526,19,0.05415054210526315
10,48,549,1,1.0
10,48,642,12,0.46637749999999994
10,49,352,2,0.275
10,49,355,2,0.275
10,49,362,2,0.975
10,49,368,1,1.0
10,49,370,3,1.0
10,49,377,11,0.6758372727272727
10,49,401,1,1.0
10,49,447,1,1.0
10,49,478,3,1.0
10,49,518,3,1.0
10,49,522,1,1.0
10,49,526,1,1.0
10,49,621,1,0.66667
10,49,632,4,0.26723749999999996
10,50,410,6,0.3810766666666667
10,50,417,7,0.3327414285714286
10,50,425,2,0.244855
10,50,428,5,0.726314
10,50,434,1,0.55556
10,50,436,6,0.39770333333333335
10,50,443,2,0.367915
10,50,446,3,0.20370533333333332
10,50,450,3,0.032124
10,50,454,5,0.33872
10,50,468,1,0.7
10,50,472,1,0.66667
10,50,568,2,0.98007
10,50,578,3,0.9434933333333334
10,50,618,1,1.0
10,50,639,1,1.0
10,50,651,1,1.0
10,54,185,3,0.20311999999999997
10,54,190,2,0.30196999999999996
10,54,195,3,0.43284000000000006
10,54,199,2,0.51429
10,54,206,4,0.19962999999999997
10,54,211,2,0.32857000000000003
10,54,218,1,0.30099
10,54,265,7,0.1691977142857143
10,54,273,5,0.281144
10,54,279,2,0.029412
10,54,282,2,0.0
10,54,286,2,0.20211
10,54,289,2,0.50415
10,54,292,3,0.28481666666666666
10,54,297,9,0.17068922222222221
10,54,308,3,0.21417666666666668
10,54,312,3,0.0
10,56,265,1,0.95091
10,56,268,1,0.92146
10,56,270,1,0.8878
10,56,276,2,1.0
10,56,281,1,1.0
10,56,302,15,0.011608466666666668
10,56,328,8,0.23863687500000003
10,56,337,20,0.061363999999999995
10,56,431,2,1.0
10,56,435,1,1.0
10,56,437,3,0.5979899999999999
10,56,473,17,0.15151788235294117
10,57,221,1,0.51864
10,57,230,1,0.83443
10,57,234,1,0.79355
10,57,236,1,0.72698
10,57,240,1,0.57648
10,57,246,1,0.71135
10,57,248,1,0.71217
10,57,262,3,0.7014933333333332
10,57,266,1,0.74627
10,57,268,1,0.73798
10,57,274,2,0.79104
10,57,277,1,0.79104
10,57,284,1,0.79104
10,57,305,3,0.6393933333333334
10,57,309,16,0.02842075
10,57,334,1,0.91667
10,57,341,23,0.0678218695652174
10,57,368,1,0.92405
10,57,380,1,1.0
10,57,406,1,0.93902
10,57,409,1,0.93902
10,57,417,1,0.47154
10,57,443,1,0.40766
10,57,445,13,0.11246500000000001
10,57,460,1,0.21107
10,57,465,1,0.44595
10,59,281,2,0.76271
10,59,287,6,0.8615816666666666
10,59,311,1,0.7
10,59,319,1,0.86441
10,59,325,1,0.3913
10,59,327,13,0.01672215384615385
10,59,348,1,0.79104
10,59,351,21,0.005718095238095238
10,59,399,1,0.68
10,59,403,3,0.2985866666666666
10,59,407,2,0.14
10,59,410,7,0.06078028571428572
10,59,418,10,0.9053950000000001
10,59,431,1,0.29212
10,59,433,2,0.345455
10,59,436,1,0.24
10,59,440,13,0.02219114615384615
10,59,454,1,0.0072727
10,59,457,1,0.46094
10,66,562,1,1.0
10,66,565,1,1.0
10,66,568,1,0.68182
10,66,587,1,1.0
10,66,618,1,0.83333
10,67,541,1,0.42857
10,67,543,4,0.40476
10,67,550,1,0.52381
10,67,552,1,0.47619
10,67,555,1,0.31818
10,67,559,1,0.5
10,67,564,1,1.0
10,67,566,3,0.8115933333333333
10,67,577,3,1.0
10,67,586,2,0.23967
10,67,591,1,0.63315
10,67,606,1,0.26418
10,67,608,3,0.19285333333333332
10,67,612,6,0.29942833333333335
10,68,540,1,1.0
10,68,542,1,1.0
10,68,547,3,0.7061799999999999
10,68,553,2,1.0
10,68,559,5,0.726088
10,68,565,1,0.53497
10,68,572,1,1.0
10,68,581,1,0.53417
10,68,590,1,0.70748
10,68,604,1,1.0
10,68,612,1,0.76
10,68,639,1,1.0
10,71,244,1,0.034455
10,71,257,1,0.81132
10,71,259,1,0.79245
10,71,264,12,0.4083941666666666
10,71,279,5,0.8954599999999999
10,71,288,3,0.7186233333333334
10,71,292,2,0.963635
10,71,296,1,1.0
10,71,304,1,0.84483
10,71,312,1,0.80454
10,71,315,23,0.15985552173913045
10,71,348,20,0.010301375
10,71,369,1,0.26687
10,71,372,1,0.4725
10,71,375,1,0.0
10,71,378,2,0.085145
10,71,381,1,0.089674
10,71,383,20,0.11569221999999998
10,71,414,1,0.26223
10,71,417,14,0.09486528571428574
10,71,436,1,0.34783
10,71,450,1,0.82609
10,71,454,1,0.73913
10,71,466,7,1.0
10,71,515,3,1.0
10,71,531,1,1.0
10,71,533,1,1.0
10,71,535,1,1.0
10,71,560,1,0.56522
10,72,596,54,0.7254357407407406
11,1,708,20,0.06051415
11,1,746,14,0.04433171428571429
11,4,98,2,0.5002850000000001
11,6,67,1,0.40741
11,6,70,2,0.28704
11,6,91,64,0.0881343078125
11,6,156,4,0.1634325
11,6,161,1,0.28409
11,7,279,1,0.40476
11,10,375,2,0.267015
11,10,403,1,0.47619
11,10,405,2,0.37059
11,10,408,1,0.36047
11,10,411,3,0.27455999999999997
11,10,415,3,0.16296333333333335
11,10,419,1,0.30337
11,10,421,8,0.37007
11,10,430,27,0.10156027777777776
11,10,458,3,0.42773666666666665
11,10,462,1,0.4
11,10,465,2,0.40073000000000003
11,12,408,1,0.25
11,13,267,6,0.2388916666666667
11,14,4,1,0.39316
11,14,14,1,0.51724
11,14,16,1,0.56034
11,14,318,1,0.31188
11,14,320,16,0.1048635
11,14,618,1,0.51029
11,14,620,6,0.47273000000000004
11,17,2,1,0.36927
11,17,6,2,0.24452999999999997
11,17,15,1,0.39581
11,17,18,1,0.40504
11,17,24,1,0.57895
11,18,2,1,0.4125
11,18,17,2,0.36746999999999996
11,18,21,1,0.39911
11,18,23,2,0.45403499999999997
11,19,30,10,0.1121035
11,19,42,2,0.25
11,19,45,1,0.28571
11,19,48,1,0.56098
11,19,52,1,0.57143
11,20,204,14,0.21238928571428575
11,20,219,2,0.292555
11,20,222,1,0.3617
11,24,133,6,1.0
11,24,141,12,1.0
11,24,154,1,1.0
11,24,156,9,1.0
11,25,46,13,0.009001615384615384
11,25,110,1,0.76289
11,25,174,2,0.37619
11,25,178,10,0.343783
11,25,189,54,0.08991708888888891
11,25,245,2,0.21226499999999998
11,25,250,1,0.45283
11,25,252,2,0.38854500000000003
11,25,255,1,0.33333
11,25,261,3,0.12650399999999998
11,25,265,19,0.16373931578947368
11,25,285,4,0.2999225
11,25,294,1,0.44954
11,25,377,4,0.39024000000000003
11,25,382,1,0.3629
11,25,385,1,0.37097
11,25,387,2,0.373485
11,25,390,1,0.376
11,25,392,1,0.416
11,25,394,2,0.46399999999999997
11,25,516,1,0.48936
11,25,523,1,0.4539
11,25,527,1,0.43262
11,25,539,1,0.51296
11,25,546,2,0.398045
11,25,549,1,0.38995
11,25,694,7,0.004668571428571429
11,25,702,1,0.0
11,25,704,16,0.030645312499999997
11,25,730,1,0.58333
11,25,732,23,0.1556023043478261
11,26,96,1,0.022989
11,26,98,4,0.18574500000000002
11,26,103,7,0.2851171428571429
11,26,111,2,0.343375
11,26,116,1,0.36585
11,26,120,1,0.41975
11,27,251,1,0.21
11,27,254,1,0.39623
11,27,257,3,0.54547
11,27,342,1,0.53435
11,29,23,1,0.42478
11,29,34,1,0.54867
11,29,44,1,0.41228
11,29,50,1,0.35652
11,29,71,1,0.29872
11,29,135,2,0.40149
11,30,7,1,0.14583
11,30,10,1,0.17977
11,30,17,2,0.083981
11,30,21,1,0.0
11,30,31,3,0.18513
11,30,35,2,0.15819
11,30,38,2,0.17457499999999998
11,30,41,1,0.17541
11,30,45,3,0.13335333333333332
11,30,49,1,0.10908
11,30,56,1,0.18867
11,30,59,1,0.12744
11,30,66,1,0.17431
11,30,69,1,0.20072
11,30,80,1,0.22417
11,30,98,1,0.125
11,30,137,1,0.19073
11,30,148,2,0.16408
11,31,427,5,0.405016
11,31,433,6,0.37027666666666664
11,31,441,2,0.43379500000000004
11,31,445,1,0.49333
11,31,454,2,0.46909999999999996
11,31,458,78,0.029005548717948724
11,31,537,16,0.20731312500000001
11,31,554,2,0.44815
11,31,583,1,0.40559
11,31,585,1,0.32168
11,32,263,1,0.7619
11,32,324,2,0.5104150000000001
11,32,328,98,0.04268948979591836
11,32,427,1,0.5
11,32,463,5,0.296584
11,32,469,69,0.007113521739130434
11,33,634,4,0.09690525
11,33,639,3,0.36102000000000006
11,33,644,1,0.49333
11,33,720,16,0.06380843750000001
11,33,758,1,0.28049
11,33,760,15,0.03467973333333333
11,33,806,2,0.5652550000000001
11,34,687,1,0.069444
11,34,689,2,0.16099000000000002
11,34,711,1,0.31522
11,34,716,17,0.0
11,34,737,64,0.01473021875
11,35,747,20,0.020645550000000002
11,35,783,1,0.52899
11,35,787,1,0.34228
11,35,789,10,0.20098699999999997
11,36,881,1,0.46913
11,37,750,1,0.56342
11,37,765,2,0.44584500000000005
11,37,768,5,0.352824
11,37,774,1,0.38571
11,37,826,1,0.33751
11,37,829,1,0.24553
11,38,751,1,0.62617
11,38,755,1,0.69828
11,39,432,1,0.15228
11,39,468,1,0.5
11,39,555,2,0.289945
11,39,558,1,0.094454
11,39,560,1,0.012501
11,39,563,5,0.09069259999999998
11,39,569,2,0.250815
11,39,587,2,1.0
11,39,591,1,1.0
11,39,594,1,1.0
11,39,600,1,1.0
11,39,685,7,0.15184885714285715
11,39,693,21,0.0
11,40,434,1,0.22105
11,41,511,35,0.06904945714285714
11,41,548,1,0.328
11,41,552,1,0.51969
11,41,554,1,0.5969
11,41,557,1,0.71756
11,41,559,1,0.89437
11,41,561,2,0.977225
11,41,579,1,0.44295
11,41,583,3,0.49959333333333333
11,41,587,2,0.433825
11,42,511,3,0.0
11,42,539,1,0.15942
11,42,541,46,0.045072586956521735
11,42,589,2,0.0
11,42,592,2,0.0
11,42,595,5,0.0
11,42,601,6,0.129914
11,42,609,1,0.31148
11,42,639,2,0.65789
11,42,644,3,0.7155733333333334
11,42,692,1,0.81183
11,43,724,17,0.05670829411764706
11,43,744,1,0.32927
11,43,747,2,0.0722875
11,45,354,1,0.49333
11,46,433,1,0.0
11,46,435,48,0.0
11,46,484,1,0.0
11,46,488,1,0.091954
11,46,492,4,0.46609
11,46,497,2,0.102566
11,47,625,2,0.0576925
11,48,652,2,0.0458335
11,48,656,46,0.08503936739130434
11,48,703,1,0.55833
11,49,803,2,0.0
11,49,809,1,0.0
11,49,811,1,0.0
11,49,813,62,0.016509032258064518
11,50,894,1,0.39474
11,50,898,1,0.3949
11,51,816,1,0.52525
11,55,183,1,0.11765
11,59,260,6,0.6586533333333333
11,59,269,1,0.64423
11,59,271,1,0.72115
11,59,302,1,1.0
11,59,304,2,1.0
11,60,598,1,0.5
11,60,600,1,0.58696
11,61,599,4,0.28152000000000005
11,61,613,1,0.041357
11,61,621,2,0.0
11,63,846,1,0.37838
11,63,872,1,1.0
11,63,877,1,1.0
11,63,879,2,1.0
11,63,882,1,1.0
11,63,885,6,1.0
11,63,892,1,1.0
11,63,895,4,1.0
11,64,895,1,0.58209
11,64,898,1,0.49254
11,66,893,7,1.0
11,67,887,2,1.0
11,67,890,1,1.0
11,67,897,1,1.0
11,70,851,17,0.009804117647058824
11,70,869,1,0.0
11,70,871,1,0.45789
11,70,884,1,1.0
11,71,870,1,0.4
11,71,872,6,0.16666683333333332
11,72,882,1,0.39474
11,72,885,4,0.13157924999999998
11,72,891,1,0.5
11,73,889,2,1.0
11,76,117,1,0.0
11,76,120,1,0.0
11,77,126,2,0.247645
11,77,131,4,0.02678575
11,77,137,2,0.0
11,77,140,11,0.0
11,79,8,1,0.58824
11,89,201,1,0.21498
11,89,211,1,0.58511
11,89,215,2,0.362245
09,1,30,26,0.037377269230769235
09,1,163,25,0.026245168800000003
09,1,194,15,0.017564053333333333
09,1,210,35,0.02104638285714286
09,1,251,1,0.12403
09,1,258,101,0.003049345544554456
09,1,360,1,0.0
09,1,362,4,0.0
09,1,367,8,0.0
09,1,376,51,0.0
09,1,428,6,0.0
09,1,435,1,0.0
09,1,438,6,0.0
09,1,445,21,0.0017397347619047619
09,1,467,2,0.037377350000000004
09,1,470,16,0.018414281249999997
09,2,240,82,0.020446211951219512
09,3,480,14,0.06070428571428571
09,4,454,7,0.10093685714285713
09,4,511,1,0.46
09,6,410,10,0.1005906
09,6,495,1,1.0
09,7,151,23,0.03423182608695652
09,7,181,10,0.013971
09,7,196,1,0.28767
09,7,198,12,0.028845833333333334
09,7,211,122,0.027254635245901635
09,7,335,1,0.14706
09,7,337,2,0.18411
09,7,389,1,0.37838
09,7,393,1,0.37333
09,8,171,12,0.05507364166666667
09,8,186,14,0.06330457142857142
09,8,299,1,0.52202
09,8,304,6,0.36467833333333327
09,8,362,1,0.54321
09,9,508,13,0.14924915384615384
09,10,167,1,0.40127
09,10,175,12,0.03947666666666667
09,10,189,15,0.06155286666666667
09,10,238,2,0.95575
09,10,254,1,0.32231
09,10,273,8,0.1271175
09,10,282,1,0.0
09,10,284,1,0.081395
09,10,286,1,0.20455
09,10,294,2,0.260645
09,10,298,1,0.27451
09,10,304,1,0.32941
09,10,306,1,0.36905
09,10,311,1,0.14717
09,10,313,63,0.01225389365079365
09,10,377,1,0.16176
09,10,414,1,0.27869
09,10,417,5,0.214598
09,11,190,2,0.054795
09,11,193,6,0.0
09,11,207,7,0.0
09,11,246,1,0.50829
09,11,248,2,0.34435000000000004
09,11,252,33,0.05816976363636364
09,11,336,17,0.08456841176470589
09,11,354,1,0.054074
09,11,356,6,0.09991033333333332
09,11,363,1,0.18091
09,11,365,5,0.40706
09,11,372,8,0.19945374999999999
09,11,381,1,0.21627
09,11,384,1,0.2322
09,11,393,1,0.24315
09,11,396,4,0.23418499999999998
09,11,405,2,0.24773
09,11,408,1,0.24789
09,11,410,2,0.249405
09,11,413,2,0.25544500000000003
09,11,416,5,0.26677
09,11,422,4,0.30207500000000004
09,11,427,2,0.33091
09,11,432,1,0.37482
09,11,436,1,0.41406
09,11,446,1,0.53897
09,11,453,16,0.05791664500000001
09,11,470,1,0.0067962
09,12,211,7,0.02086795714285714
09,12,225,1,1.0
09,12,294,1,1.0
09,12,336,1,1.0
09,12,355,1,1.0
09,12,372,3,1.0
09,12,377,1,1.0
09,12,379,1,1.0
09,12,381,1,1.0
09,12,389,1,1.0
09,12,393,1,1.0
09,12,396,2,1.0
09,12,401,1,1.0
09,12,404,1,1.0
09,12,406,1,1.0
09,12,409,2,1.0
09,12,416,1,1.0
09,12,422,1,1.0
09,12,427,1,1.0
09,12,444,15,0.007326
09,13,226,1,0.28228
09,13,246,1,0.4
09,13,249,1,0.36508
09,13,353,1,0.81679
09,13,355,1,0.81679
09,13,362,1,0.74419
09,13,364,1,0.77344
09,13,370,2,0.85887
09,13,380,1,0.98347
09,13,382,2,0.98326
09,13,385,8,0.99893125
09,13,394,2,0.986725
09,13,400,5,1.0
09,13,407,1,0.98113
09,13,409,1,0.99048
09,13,412,1,0.99029
09,13,415,1,0.94175
09,13,421,1,0.9505
09,13,426,1,0.94845
09,13,429,2,0.94845
09,13,433,2,0.92632
09,13,437,1,0.95699
09,13,448,12,0.024999999999999998
09,13,461,1,0.24096
09,13,466,1,0.68354
09,13,469,1,0.53165
09,13,486,2,0.90737
09,13,492,1,0.51515
09,14,490,5,0.1624928
09,15,460,1,0.66565
09,15,463,1,0.48527
09,15,497,6,0.11973833333333335
09,16,14,1,0.2
09,16,16,2,0.16099000000000002
09,17,448,1,0.46269
09,17,450,1,0.20896
09,18,238,1,1.0
09,18,241,1,1.0
09,18,244,1,1.0
09,18,246,1,1.0
09,18,251,1,1.0
09,18,290,1,0.54167
09,18,295,1,0.65
09,21,17,1,1.0
09,21,24,1,1.0
09,21,33,1,0.43396
09,21,54,1,0.53846
09,21,58,1,0.54902
09,21,60,1,0.54902
09,21,62,1,0.54902
09,21,70,1,0.52941
09,21,85,3,0.4902
09,21,90,1,0.46154
09,21,105,68,0.01292019117647059
09,21,195,6,1.0
09,21,204,1,1.0
09,21,206,1,1.0
09,21,208,4,1.0
09,21,213,1,1.0
09,21,217,1,1.0
09,21,220,1,1.0
09,21,223,1,1.0
09,21,226,1,1.0
09,21,229,1,1.0
09,21,231,1,1.0
09,21,244,1,1.0
09,21,324,2,1.0
09,21,347,1,1.0
09,21,349,3,1.0
09,21,367,3,1.0
09,21,371,4,1.0
09,22,100,69,0.029341681159420284
09,22,240,2,0.389985
09,22,294,1,0.9016
09,22,300,1,0.87417
09,22,303,1,0.9062
09,23,116,15,0.07823359999999999
09,23,133,20,0.03529365
09,23,154,1,0.44966
09,23,236,1,0.51269
09,23,240,1,0.40025
09,23,242,2,0.33996000000000004
09,23,245,1,0.29383
09,23,247,4,0.21416624999999997
09,23,252,38,0.13866723684210527
09,29,189,6,0.06725033333333334
09,29,203,7,0.0
09,29,287,7,0.27676142857142855
09,29,295,41,0.03822063414634146
09,29,337,18,0.15565277777777775
09,29,356,4,0.3659925
09,29,361,5,0.38718199999999997
09,29,367,5,0.340312
09,29,375,2,0.23774
09,29,378,1,0.21598
09,29,380,1,0.24444
09,29,382,7,0.25303
09,29,390,3,0.23615333333333335
09,29,394,2,0.30242
09,29,398,3,0.29422333333333334
09,29,402,1,0.25466
09,29,408,1,0.38845
09,29,412,1,0.42966
09,29,415,1,0.47788
09,29,423,1,0.44506
09,29,425,1,0.43383
09,43,50,7,0.7616042857142858
13,7,89,1,0.55446
13,7,115,1,0.41976
13,7,274,4,0.29740500000000003
13,10,13,1,1.0
13,10,15,1,1.0
13,16,3,1,0.63636
13,16,14,1,0.47826
13,16,100,2,1.0
13,18,298,1,0.63158
13,18,300,3,0.5773433333333333
13,18,304,8,0.6027425
13,18,314,4,0.62619
13,18,319,1,0.63821
13,18,322,3,0.6934133333333333
13,18,326,4,0.71926
13,18,331,4,0.66683
13,18,336,2,0.756765
13,18,350,1,0.87977
13,18,352,2,0.8936949999999999
13,18,357,1,0.96303
13,20,468,6,0.5415666666666668
13,32,25,3,0.6983666666666667
13,32,29,17,0.4386547647058823
13,32,48,25,0.165614408
13,32,81,2,0.5292300000000001
13,32,89,1,1.0
13,32,93,1,0.88462
13,32,95,3,1.0
13,32,99,28,0.9693221428571429
13,32,128,8,0.98611125
13,32,139,1,0.74074
13,32,141,10,0.46296300000000007
13,32,152,4,0.17262
13,32,157,1,0.11538
13,32,162,1,0.071514
13,33,27,1,0.82073
13,33,30,16,0.40526874999999996
13,33,47,1,1.0
13,33,53,3,1.0
13,33,57,1,1.0
13,33,60,10,1.0
13,33,71,13,1.0
13,33,85,1,0.97574
13,33,87,1,0.95174
13,33,91,8,0.8566075
13,33,103,2,0.7723800000000001
13,33,116,1,0.59809
13,34,22,2,0.52921
13,34,25,2,0.7934300000000001
13,34,29,8,0.3323175
13,34,38,1,0.90678
13,34,40,6,0.9319533333333333
13,34,47,16,0.2715923125
13,34,65,2,0.8256399999999999
13,34,68,3,1.0
13,34,72,1,1.0
13,34,89,1,1.0
13,34,103,1,1.0
13,34,136,3,0.14942333333333332
13,34,140,1,0.15107
13,34,148,1,0.61905
13,34,154,1,0.2381
13,34,158,2,0.13788
13,34,163,1,0.045455
13,34,167,4,0.14665424999999999
13,34,173,12,0.021912558333333332
13,34,187,7,0.012854964285714286
13,34,201,3,0.8516666666666667
13,34,208,3,0.017963000000000003
13,34,220,1,0.072874
13,34,222,1,0.077922
13,34,236,1,0.040816
13,34,239,2,0.0772075
13,34,243,3,0.03684566666666667
13,34,247,1,0.039439
13,34,251,1,0.0080247
13,34,253,2,0.0
13,34,257,1,0.081593
13,34,262,1,0.0
13,35,5,3,0.98718
13,35,22,1,1.0
13,35,47,2,1.0
13,35,87,1,0.875
13,35,95,1,0.93103
13,35,98,3,0.8172033333333334
13,35,134,1,1.0
13,35,143,1,0.23077
13,35,150,1,0.0
13,35,177,1,0.0
13,35,179,1,0.0
13,35,200,1,1.0
13,36,4,5,0.725036
13,36,10,1,0.80405
13,36,12,56,0.4621724642857143
13,36,69,1,0.12174
13,36,71,32,0.1540940625
13,36,104,12,0.2765883333333334
13,36,119,1,0.56527
13,36,136,5,0.347198
13,37,122,1,1.0
13,37,159,1,0.73684
13,37,161,1,0.65
13,37,163,11,0.5535881818181818
13,37,175,8,0.64910125
13,37,184,2,0.54003
13,37,187,1,0.41791
13,37,190,3,0.2892866666666667
13,37,195,16,0.21891531250000001
13,37,212,3,0.6285733333333333
13,38,102,1,0.18044
13,38,106,1,0.23117
13,38,119,1,0.2472
13,39,6,1,0.86111
13,39,345,1,0.027273
13,40,114,1,1.0
13,40,118,1,1.0
13,40,121,1,1.0
13,40,123,15,0.4637245333333333
13,40,139,6,0.653765
13,40,147,2,0.6831
13,40,152,1,0.6
13,40,154,2,0.5800000000000001
13,40,158,1,0.52174
13,40,160,3,0.42718000000000006
13,43,622,1,1.0
13,43,624,11,1.0
13,43,636,3,1.0
13,43,640,2,1.0
13,43,643,1,1.0
13,43,646,1,1.0
13,43,648,1,1.0
13,43,651,2,0.9144300000000001
13,45,242,1,1.0
13,45,258,1,0.56579
13,45,261,2,0.20986
13,46,47,15,0.5993600000000001
13,47,100,1,0.6
13,47,120,1,0.82462
13,47,122,1,0.73692
13,47,125,1,0.73231
13,47,128,6,0.613975
13,47,135,1,0.56044
13,47,138,78,0.27133833333333335
13,47,218,60,0.10149951666666666
13,47,279,16,0.17969162499999997
13,47,296,7,0.08963285714285714
13,47,304,16,0.10340025
13,47,321,4,0.09662025
13,47,326,9,0.11272666666666667
13,47,336,10,0.1070295
13,47,348,1,0.10413
13,47,350,1,0.091378
13,47,352,14,0.13645628571428572
13,48,299,1,0.43382
13,48,303,1,0.4375
13,48,320,1,0.6254
13,48,324,2,0.540185
13,48,335,1,0.5601
13,48,346,4,0.651415
13,48,351,1,0.75118
13,48,353,1,0.69563
13,48,356,3,0.5959633333333333
13,48,362,2,0.65029
13,49,22,5,0.24344200000000002
13,49,29,1,0.30612
13,49,86,1,1.0
13,49,89,1,1.0
13,49,103,2,1.0
13,49,106,2,1.0
13,49,109,4,1.0
13,49,115,2,1.0
13,49,118,10,1.0
13,49,134,1,1.0
13,49,136,2,1.0
13,49,145,76,0.9868421052631579
13,49,222,120,1.0
13,49,343,5,1.0
13,49,349,4,1.0
13,49,354,2,1.0
13,49,357,6,1.0
13,50,96,1,0.79661
13,50,104,1,0.88095
13,50,117,2,1.0
13,50,120,1,1.0
13,50,174,1,1.0
13,50,176,1,1.0
13,50,183,1,1.0
13,50,186,1,1.0
13,50,188,2,1.0
13,50,193,2,1.0
13,50,211,1,1.0
13,50,213,2,1.0
13,50,221,2,1.0
13,52,236,1,0.6
13,52,238,17,0.49830823529411766
13,52,263,1,0.375
13,55,660,1,0.76471
13,55,662,2,0.78125
13,55,679,1,0.53333
13,59,392,1,0.3707
13,59,405,1,0.35593
13,59,410,2,0.385595
13,59,415,3,0.3429166666666667
13,60,73,12,0.22023250000000003
13,60,86,1,0.21319
13,60,88,1,0.29653
13,60,92,2,0.35433000000000003
13,60,96,7,0.22442285714285712
13,60,104,8,0.4109975
13,61,82,10,0.0646206
13,61,94,3,0.066421
13,62,62,1,1.0
13,62,150,1,0.94828
13,63,39,7,0.32988142857142855
13,64,93,1,1.0
13,64,109,1,1.0
13,67,56,1,0.3472
13,67,58,2,0.145425
13,67,73,1,0.82745
13,67,110,1,0.37842
13,68,331,3,0.190563
13,68,379,1,0.17804
13,68,381,1,0.24645
13,68,383,1,0.25919
13,68,386,1,0.23184
13,68,395,1,0.13087
13,68,399,2,0.14974500000000002
13,68,403,1,0.19233
13,68,409,1,0.16712
13,68,425,1,0.58764
13,69,444,2,0.41392
13,70,374,1,0.13684
13,70,389,1,0.67925
13,70,391,1,0.51395
13,70,401,1,0.46759
13,70,407,1,0.43929
13,71,16,1,0.44444
13,71,18,2,0.43571499999999996
13,72,93,1,0.62232
13,72,99,1,0.27214
13,72,101,1,0.35185
13,72,103,6,0.22779166666666664
13,72,110,4,0.16667
13,72,115,1,0.16667
13,72,118,1,0.2317
13,72,120,1,0.25694
13,72,144,1,0.53929
13,72,148,1,0.50455
13,73,87,1,0.34821
13,73,90,1,0.23661
13,73,99,2,0.1091695
13,73,105,1,0.46032
13,73,109,1,0.69093
13,73,117,1,1.0
13,73,120,1,1.0
13,73,151,2,1.0
13,73,231,2,0.47222
13,129,534,1,1.0
13,133,182,5,0.030802399999999997
13,133,194,4,0.0
13,133,199,1,0.0
13,133,204,4,0.046677750000000004
13,133,211,9,0.6028143333333333
13,133,221,1,0.79401
13,133,223,13,0.8114592307692308
13,133,237,2,0.610125
13,133,241,2,0.37209
13,133,246,1,0.32955
13,133,248,3,0.2985433333333333
13,133,252,1,0.27473
13,133,255,2,0.2117
13,133,258,22,0.31802977272727273
13,133,281,2,0.94565
13,133,286,1,1.0
13,133,295,1,0.51667
13,133,298,15,0.37529066666666666
13,133,314,1,0.26119
13,133,316,2,0.8607400000000001
13,133,319,2,1.0
13,133,322,5,1.0
13,133,330,1,1.0
13,137,423,13,1.0
13,137,438,9,0.9782355555555555
13,137,448,1,0.88792
13,137,450,3,0.8079433333333333
13,138,203,2,0.065475
13,138,206,1,0.040791
13,138,208,1,0.23229
13,138,210,6,0.6321183333333332
13,138,218,30,0.635761
13,138,254,1,0.26385
13,138,256,1,0.2255
13,138,258,2,0.28318
13,139,282,4,0.159505
13,139,287,8,0.14712999999999998
13,139,296,135,0.4565649407407408
13,142,330,5,0.47878800000000005
13,142,336,10,0.409992
13,142,347,17,0.4747552941176471
13,142,365,4,0.6151975000000001
13,142,370,5,0.5745100000000001
13,142,376,1,0.31373
13,142,378,46,0.32706041304347827
13,142,426,3,0.23407333333333333
13,142,430,1,0.60375
13,142,434,3,0.6603033333333334
13,142,439,10,0.3940997
13,143,295,8,1.0
13,143,304,1,1.0
13,143,307,1,0.85986
13,143,313,19,0.8485021052631578
13,144,439,2,0.97946
13,144,442,2,0.9944999999999999
13,144,445,1,0.89192
13,145,89,3,0.97541
13,145,100,1,0.6371
13,145,102,3,0.6264133333333334
13,145,106,1,0.66935
13,145,108,1,0.78446
13,145,112,2,0.0
13,145,115,3,0.005208333333333333
13,145,119,2,0.0351925
13,145,122,1,0.038462
13,145,138,1,1.0
13,145,146,1,1.0
13,145,149,1,1.0
13,145,153,2,1.0
13,145,156,2,1.0
13,145,159,1,1.0
13,145,163,2,0.7681450000000001
13,145,166,1,1.0
13,146,214,4,0.0390625
13,146,219,5,0.315376
13,146,225,4,0.78363
13,146,233,2,0.88046
13,146,236,15,0.4696006666666666
13,146,257,5,0.27193199999999995
13,147,284,4,0.8579175
13,147,289,9,0.8254922222222223
13,150,167,29,0.8976793103448275
13,150,197,1,0.98435
13,150,203,2,1.0
13,150,209,1,1.0
13,150,219,3,1.0
13,150,226,4,1.0
13,150,233,1,0.86188
13,150,240,2,0.7112700000000001
13,150,243,4,0.672535
13,151,428,15,0.844542
13,151,449,2,0.988095
13,151,453,1,1.0
13,153,329,2,0.381855
13,153,333,13,0.3261553846153846
13,153,347,6,0.60361
13,153,354,9,0.6357788888888888
13,153,364,83,0.7246580722891567
13,153,448,1,1.0
13,155,330,1,0.26667
13,155,337,8,0.29686625
13,155,348,95,0.7196662105263159
13,155,444,12,1.0
13,155,457,1,1.0
13,155,459,1,1.0
13,155,463,6,0.9213049999999999
13,156,77,1,0.46908
13,156,79,10,0.39400999999999997
13,156,90,3,0.22256
13,156,94,2,0.189815
13,156,98,15,0.36866133333333323
13,156,114,1,0.44992
13,156,117,1,0.58838
13,156,119,2,0.669495
13,156,122,1,0.62177
13,156,124,19,0.7437747368421053
13,156,145,1,0.28571
13,157,286,39,0.23091194871794876
13,158,172,1,0.79211
13,158,175,1,0.89696
13,158,177,3,0.88761
13,163,266,36,0.7109586111111112
13,163,303,99,0.565240303030303
13,163,403,1,0.1172
13,165,461,1,0.47735
13,167,107,1,0.57633
13,167,109,11,0.33988
13,167,121,7,0.15442857142857142
13,167,129,1,0.23692
13,167,134,2,0.5085
13,167,137,10,0.711046
13,167,148,4,0.90625
13,167,153,1,1.0
13,168,210,1,0.78814
13,168,213,1,0.79098
13,168,216,35,0.5338511428571429
13,168,252,50,0.7350531999999999
13,169,292,3,0.8843333333333333
13,170,287,22,0.48633363636363636
13,170,311,3,0.33232
