method,N,n,kept,ci_lo,ci_hi,swapped,reborn
const_vel,0,334,0.9970059880239521,0.9832377552367016,0.9994713013152449,0.0,0.0029940119760479044
const_vel,1,335,0.9761194029850746,0.9535919820943296,0.9878508631761448,0.0,0.023880597014925373
const_vel,2,332,0.9698795180722891,0.9454507991593493,0.9835585909817173,0.009036144578313253,0.02108433734939759
const_vel,3,332,0.9126506024096386,0.8773662180187023,0.938494592553901,0.0030120481927710845,0.08433734939759036
const_vel,5,335,0.826865671641791,0.7827025946105491,0.8636171016723156,0.011940298507462687,0.16119402985074627
const_vel,8,330,0.6878787878787879,0.6359644376353043,0.7354692003534903,0.03636363636363636,0.27575757575757576
const_vel,10,332,0.5542168674698795,0.5004324001870978,0.6067609909830253,0.02108433734939759,0.4246987951807229
const_vel,15,335,0.36716417910447763,0.31732258465101343,0.4200178127500141,0.04477611940298507,0.5880597014925373
const_vel,20,332,0.21686746987951808,0.17591116674645021,0.2643011238095738,0.045180722891566265,0.7379518072289156
const_vel,25,326,0.19631901840490798,0.15684294031995016,0.24286892137366284,0.027607361963190184,0.7760736196319018
const_vel,30,317,0.11987381703470032,0.0885927368184654,0.16025778630571796,0.050473186119873815,0.8296529968454258
const_vel,40,274,0.0948905109489051,0.06557920821223767,0.1354043737999592,0.025547445255474453,0.8795620437956204
const_vel,50,237,0.0379746835443038,0.020104803732595503,0.0705838480617789,0.04219409282700422,0.919831223628692
const_vel,60,210,0.02857142857142857,0.013158766465437628,0.060922235547267105,0.023809523809523808,0.9476190476190476
rnn,0,334,0.9940119760479041,0.9784327591012497,0.9983563633750826,0.0,0.005988023952095809
rnn,1,336,0.9791666666666666,0.957627638575613,0.9898726085983643,0.002976190476190476,0.017857142857142856
rnn,2,336,0.9791666666666666,0.957627638575613,0.9898726085983643,0.005952380952380952,0.01488095238095238
rnn,3,334,0.9431137724550899,0.9128670920196462,0.9632831511712461,0.0,0.05688622754491018
rnn,5,335,0.9134328358208955,0.8784394549137192,0.9390516677819593,0.008955223880597015,0.07761194029850746
rnn,8,334,0.7844311377245509,0.7372277204220573,0.8251660167612856,0.017964071856287425,0.19760479041916168
rnn,10,333,0.7627627627627628,0.714238677121178,0.8052933521768662,0.02702702702702703,0.21021021021021022
rnn,15,335,0.6238805970149254,0.5708781782577806,0.6740740354019353,0.023880597014925373,0.3522388059701492
rnn,20,333,0.5135135135135135,0.4599821260268524,0.5667366640513327,0.05405405405405406,0.43243243243243246
rnn,25,326,0.44171779141104295,0.38879995693879493,0.4959932286387672,0.027607361963190184,0.5306748466257669
rnn,30,317,0.42902208201892744,0.3757075689324316,0.4840363046799677,0.056782334384858045,0.5141955835962145
rnn,40,276,0.322463768115942,0.2700812913899072,0.3797205965352619,0.07971014492753623,0.5978260869565217
rnn,50,237,0.25316455696202533,0.2020441319843107,0.3121593943167935,0.05907172995780591,0.6877637130801688
rnn,60,209,0.23444976076555024,0.18212457450113434,0.29636083436630517,0.07655502392344497,0.6889952153110048
static,0,331,0.9818731117824774,0.9610226911536247,0.9916665804303125,0.0,0.01812688821752266
static,1,334,0.9281437125748503,0.8953098101487977,0.9512407626640238,0.0029940119760479044,0.0688622754491018
static,2,328,0.8871951219512195,0.8483808337879227,0.9170445981048839,0.018292682926829267,0.09451219512195122
static,3,331,0.8398791540785498,0.7965069329402862,0.875452584634591,0.012084592145015106,0.14803625377643503
static,5,334,0.7874251497005988,0.7404071092438536,0.8279065620151034,0.011976047904191617,0.20059880239520958
static,8,331,0.6435045317220544,0.5905291319698219,0.693187108784015,0.03927492447129909,0.31722054380664655
static,10,326,0.5950920245398773,0.5409976108543524,0.6469714021506778,0.06134969325153374,0.34355828220858897
static,15,334,0.5119760479041916,0.45853752305469486,0.5651422132477619,0.04790419161676647,0.44011976047904194
static,20,330,0.4393939393939394,0.38684632468797325,0.49333637273499625,0.05757575757575758,0.503030303030303
static,25,324,0.39814814814814814,0.34633852739330406,0.45234473915981177,0.05246913580246913,0.5493827160493827
static,30,315,0.37777777777777777,0.32601189397550867,0.43248887882201836,0.06031746031746032,0.5619047619047619
static,40,272,0.34558823529411764,0.2915757655093154,0.4039016389140928,0.05514705882352941,0.5992647058823529
static,50,236,0.2754237288135593,0.2223690140692598,0.33567262674701226,0.05508474576271186,0.6694915254237288
static,60,207,0.2608695652173913,0.20579459165960737,0.32465860163811,0.06763285024154589,0.6714975845410628
