subset,regime,gap,n,kept_mean,kept_std,switched_mean,switched_std
todos,teacher_forcing,1-5,2157.0,0.780098369555617,0.0026874306936890808,0.14927873151209745,0.0023202388815454127
todos,teacher_forcing,6-15,376.0,0.5018397773202166,0.016136391243501573,0.33504607721545915,0.01827388391251967
todos,teacher_forcing,16-30,158.33333333333334,0.35798661506208673,0.0322835699348101,0.47996089340428966,0.025669407333142016
todos,teacher_forcing,31+,199.66666666666666,0.056760641238253175,0.002835837058973329,0.654435650032665,0.002461196423192421
todos,scheduled_sampling,1-5,2177.3333333333335,0.7732649227395124,0.0015488969393180497,0.15768936976869183,0.0014544245376109672
todos,scheduled_sampling,6-15,389.6666666666667,0.5192105206224807,0.012244213361736743,0.3208133720592192,0.011208621849984331
todos,scheduled_sampling,16-30,163.0,0.4171132577038108,0.0190167054693202,0.4090456775960625,0.016994443656949063
todos,scheduled_sampling,31+,195.66666666666666,0.049281454351772634,0.014979442593587564,0.6610845154516509,0.011316401122001607
todos,free_running,1-5,2274.0,0.71650596947143,0.001613327835937251,0.21562598793348986,0.0018719448738180786
todos,free_running,6-15,391.0,0.4671863395789139,0.0028165406178603065,0.37764888534247326,0.004527179803639729
todos,free_running,16-30,170.0,0.30801111140520726,0.01439633153124748,0.5233260103390635,0.018074595868872053
todos,free_running,31+,202.66666666666666,0.055897923247002525,0.00534089842354856,0.6513614011564971,0.006661039959254193
todos,free_running_no_clip,1-5,2291.0,0.7135251982993299,0.0020753886850155994,0.21910871674924873,0.0023176518433446905
todos,free_running_no_clip,6-15,392.0,0.4753220312157151,0.007586327388297748,0.3699135282579227,0.006108398348088493
todos,free_running_no_clip,16-30,168.33333333333334,0.305004027033652,0.016073574665031065,0.5246933034515764,0.0136118081170498
todos,free_running_no_clip,31+,203.0,0.0556833332556024,0.0148303014309841,0.651958977040155,0.008865813154426097
todos,teacher_forcing_no_clip,1-5,2157.0,0.780098369555617,0.0026874306936890808,0.14927873151209745,0.0023202388815454127
todos,teacher_forcing_no_clip,6-15,376.0,0.5018397773202166,0.016136391243501573,0.33504607721545915,0.01827388391251967
todos,teacher_forcing_no_clip,16-30,158.33333333333334,0.35798661506208673,0.0322835699348101,0.47996089340428966,0.025669407333142016
todos,teacher_forcing_no_clip,31+,199.66666666666666,0.056760641238253175,0.002835837058973329,0.654435650032665,0.002461196423192421
todos,scheduled_sampling_no_clip,1-5,2180.3333333333335,0.7761669010323576,0.0033898299186870817,0.1553376611737257,0.003026829935386442
todos,scheduled_sampling_no_clip,6-15,391.0,0.5175387671472755,0.018816430502631886,0.32132681070433905,0.01965719620624323
todos,scheduled_sampling_no_clip,16-30,162.33333333333334,0.41052563855111623,0.022674882343334826,0.41487486328250656,0.018796975728850362
todos,scheduled_sampling_no_clip,31+,195.33333333333334,0.05279646471356316,0.012173747767514974,0.6519436426172178,0.00976029786810548
todos,part2_recipe,1-5,2185.3333333333335,0.779290698396269,0.003809134241571095,0.15221557922998744,0.004174845894349414
todos,part2_recipe,6-15,394.0,0.5109474082043287,0.013799639874192748,0.3274493954637059,0.011551413410459805
todos,part2_recipe,16-30,167.0,0.37768815816642576,0.01584515510178951,0.4707748296510428,0.010626392802484423
todos,part2_recipe,31+,195.66666666666666,0.07334659829425066,0.007231141081128126,0.6388269857379414,0.0013805013063622202
val,teacher_forcing,1-5,337.6666666666667,0.6349584605657613,0.01334702486918265,0.2515008003506199,0.014317355270103816
val,teacher_forcing,6-15,63.333333333333336,0.43281989519945907,0.031064758487895052,0.36134001014198786,0.03477796808466062
val,teacher_forcing,16-30,25.333333333333332,0.3033540372670807,0.01716444765159342,0.3932919254658385,0.034328895303186835
val,teacher_forcing,31+,34.333333333333336,0.09759358288770054,0.02060057813070628,0.5431768667062785,0.024325607096376302
val,scheduled_sampling,1-5,339.3333333333333,0.6189369729945315,0.011501945145372979,0.27004086023663587,0.013853021132772477
val,scheduled_sampling,6-15,67.33333333333333,0.41598332448429787,0.009372450924338312,0.3760250132735532,0.014058676386507528
val,scheduled_sampling,16-30,22.666666666666668,0.3244949494949495,0.03639781642777669,0.32196969696969696,0.051241474463896534
val,scheduled_sampling,31+,35.0,0.0196078431372549,0.03396178054056622,0.6189719130895601,0.02950114607253161
val,free_running,1-5,398.3333333333333,0.46026862901137616,0.0020355473961904064,0.4342973698866146,0.0012015928386548366
val,free_running,6-15,66.33333333333333,0.2554137524935708,0.02893958426235791,0.5481804229370745,0.02461905195395339
val,free_running,16-30,28.333333333333332,0.17760141093474427,0.04100557546695436,0.5160493827160494,0.04480307978178778
val,free_running,31+,40.0,0.008130081300813009,0.0140817138826738,0.6330686086783648,0.022093432275873334
val,free_running_no_clip,1-5,411.3333333333333,0.44812753309139713,0.0036769345360989293,0.45138936089039805,0.004163550171826566
val,free_running_no_clip,6-15,67.33333333333333,0.29156374816060543,0.01588713605567494,0.510323602060122,0.015414747782013063
val,free_running_no_clip,16-30,27.333333333333332,0.2203305455993628,0.032752545166315414,0.4606730386300279,0.03812935865157582
val,free_running_no_clip,31+,39.333333333333336,0.008771929824561403,0.015193428136569098,0.6100877192982456,0.013179806316944516
val,teacher_forcing_no_clip,1-5,337.6666666666667,0.6349584605657613,0.01334702486918265,0.2515008003506199,0.014317355270103816
val,teacher_forcing_no_clip,6-15,63.333333333333336,0.43281989519945907,0.031064758487895052,0.36134001014198786,0.03477796808466062
val,teacher_forcing_no_clip,16-30,25.333333333333332,0.3033540372670807,0.01716444765159342,0.3932919254658385,0.034328895303186835
val,teacher_forcing_no_clip,31+,34.333333333333336,0.09759358288770054,0.02060057813070628,0.5431768667062785,0.024325607096376302
val,scheduled_sampling_no_clip,1-5,336.3333333333333,0.6302883047763298,0.013456123392643415,0.2596844004081074,0.016028348050794547
val,scheduled_sampling_no_clip,6-15,68.33333333333333,0.41467746518897414,0.010640084071879037,0.37560386473429946,0.0074269577753362905
val,scheduled_sampling_no_clip,16-30,22.333333333333332,0.32872200263504614,0.03101780597363257,0.2984189723320158,0.023300051625596067
val,scheduled_sampling_no_clip,31+,35.0,0.0196078431372549,0.03396178054056622,0.5993640699523053,0.03516533602638262
val,part2_recipe,1-5,343.0,0.6335319174956845,0.011964315608241708,0.2575955219403603,0.01221411191773046
val,part2_recipe,6-15,72.0,0.37487636534688357,0.03172591460722842,0.42566986283484204,0.03144666964003567
val,part2_recipe,16-30,22.333333333333332,0.31758962623951187,0.04567362029201618,0.3865751334858887,0.016312007247148694
val,part2_recipe,31+,34.333333333333336,0.10674175970228601,0.013790638957143185,0.5447567783094098,0.018102194123774295
