method,iou_threshold,max_age,min_hits,IDF1_train,IDsw_train,ids_ratio_train,IDF1_val,IDsw_val
greedy,0.3,30,3,0.5643499510925569,242.6,1.8809854796337913,0.4881984106210012,232.5
hungarian,0.3,30,3,0.5618427288556029,245.6,1.7696143974393816,0.49466760853945735,211.5
greedy,0.3,30,1,0.5526248526131969,353.2,2.798033864295406,0.4562492878096903,471.0
hungarian,0.3,30,1,0.5525561845991304,339.0,2.658227956209996,0.4674446652022508,398.0
greedy,0.3,5,3,0.5494377478598023,195.6,2.4311162281919336,0.48364479766885443,191.5
hungarian,0.3,5,3,0.5426306980646303,190.6,2.328039437887373,0.4882437736813583,167.5
hungarian,0.5,30,3,0.5405454121929515,338.2,2.6736719918724132,0.4096329297571089,321.5
greedy,0.3,5,1,0.5394954702722226,287.2,4.080862615146495,0.4601486448366505,408.5
greedy,0.5,30,3,0.5366549771588704,333.0,2.7128326061948496,0.4243872545335184,330.0
hungarian,0.3,5,1,0.5354729158817024,273.8,3.8785613703906088,0.4706935682318913,329.0
hungarian,0.3,1,3,0.5258640615418378,208.2,3.0438435030444357,0.5122679464884984,152.0
greedy,0.3,1,3,0.5240963943008912,212.4,3.1516179099127535,0.503167000923309,172.5
hungarian,0.5,30,1,0.5216499894871032,641.2,4.971257681709131,0.3865781451595452,885.0
greedy,0.5,5,3,0.521154276123942,240.8,3.1885124548643278,0.44053922422541875,278.0
greedy,0.5,30,1,0.5198808754211035,618.2,4.97565364246216,0.39255077607831795,889.5
hungarian,0.3,1,1,0.5195424116025247,349.6,6.020667689433456,0.49701477178713127,317.5
greedy,0.3,1,1,0.5170562712336976,366.4,6.244805659699191,0.48999631493575446,387.0
hungarian,0.5,5,3,0.5160935751084199,235.6,3.145109820801518,0.44005369459156046,261.5
greedy,0.5,5,1,0.5092274201665904,448.2,6.26260003292335,0.41379352129440694,816.0
hungarian,0.5,5,1,0.5039441117850985,453.2,6.30127808444547,0.4131764212144523,810.0
greedy,0.5,1,3,0.5015297119014432,244.6,3.9350899206820005,0.4317924623893475,237.5
hungarian,0.5,1,3,0.5013758652533087,238.4,3.8804423339732934,0.4366699391856882,227.0
greedy,0.5,1,1,0.49075577783852414,486.8,8.66335940122362,0.4094141098574223,762.0
hungarian,0.5,1,1,0.48904202786343937,489.2,8.76850996126149,0.408848601378355,754.5
